value,type,severity,sources,first_seen,article_titles,article_links,source_count,article_count,threatfox_malware,threatfox_threat_type,urlhaus_url_count,urlhaus_blacklists,enrichment_url
CVE-2025-34291,cve,crit,The Hacker News,2026-07-06,Iran-Linked Hackers Use New Cavern C2 Framework to Target Israeli Organizations,https://thehackernews.com/2026/07/iran-linked-hackers-use-new-cavern-c2.html,1,1,,,,,
CVE-2025-52691,cve,crit,The Hacker News,2026-07-06,Iran-Linked Hackers Use New Cavern C2 Framework to Target Israeli Organizations,https://thehackernews.com/2026/07/iran-linked-hackers-use-new-cavern-c2.html,1,1,,,,,
CVE-2025-54068,cve,crit,The Hacker News,2026-07-06,Iran-Linked Hackers Use New Cavern C2 Framework to Target Israeli Organizations,https://thehackernews.com/2026/07/iran-linked-hackers-use-new-cavern-c2.html,1,1,,,,,
CVE-2025-68613,cve,crit,The Hacker News,2026-07-06,Iran-Linked Hackers Use New Cavern C2 Framework to Target Israeli Organizations,https://thehackernews.com/2026/07/iran-linked-hackers-use-new-cavern-c2.html,1,1,,,,,
CVE-2025-9316,cve,crit,The Hacker News,2026-07-06,Iran-Linked Hackers Use New Cavern C2 Framework to Target Israeli Organizations,https://thehackernews.com/2026/07/iran-linked-hackers-use-new-cavern-c2.html,1,1,,,,,
CVE-2026-20896,cve,crit,The Hacker News,2026-07-06,Threat Actors Probe Gitea Docker Flaw CVE-2026-20896 13 Days After Disclosure,https://thehackernews.com/2026/07/threat-actors-probe-gitea-docker-flaw.html,1,1,,,,,
CVE-2026-46817,cve,crit,The Hacker News,2026-07-06,Iran-Linked Hackers Use New Cavern C2 Framework to Target Israeli Organizations,https://thehackernews.com/2026/07/iran-linked-hackers-use-new-cavern-c2.html,1,1,,,,,
CVE-2026-48282,cve,crit,BleepingComputer; The Hacker News,2026-07-06,Max severity Adobe ColdFusion flaw now exploited in attacks; SEO-Poisoned Software Sites Abuse ScreenConnect to Deploy AsyncRAT,https://www.bleepingcomputer.com/news/security/max-severity-adobe-coldfusion-flaw-now-exploited-in-attacks/; https://thehackernews.com/2026/07/seo-poisoned-software-sites-abuse.html,2,2,,,,,
CVE-2026-53359,cve,crit,The Hacker News,2026-07-06,16-Year-Old Linux KVM Flaw Lets Guest VMs Escape to Host on Intel and AMD x86 Systems,https://thehackernews.com/2026/07/16-year-old-linux-kvm-flaw-lets-guest.html,1,1,,,,,
CVE-2026-55200,cve,crit,The Hacker News,2026-07-06,Iran-Linked Hackers Use New Cavern C2 Framework to Target Israeli Organizations,https://thehackernews.com/2026/07/iran-linked-hackers-use-new-cavern-c2.html,1,1,,,,,
allianceinvestigators.com,domain,crit,Securelist (Kaspersky),2026-07-06,When checking the URL isn’t enough: a Device Code Phishing attack via a Microsoft website,https://securelist.com/microsoft-device-code-phishing-attack/120350/,1,1,,,,,
cacoo.com,domain,crit,Securelist (Kaspersky),2026-07-06,When checking the URL isn’t enough: a Device Code Phishing attack via a Microsoft website,https://securelist.com/microsoft-device-code-phishing-attack/120350/,1,1,,,,,
hospitalinstallation.com,domain,crit,The Hacker News,2026-07-06,Iran-Linked Hackers Use New Cavern C2 Framework to Target Israeli Organizations,https://thehackernews.com/2026/07/iran-linked-hackers-use-new-cavern-c2.html,1,1,,,,,
laosji.net,domain,crit,The Hacker News; Unit 42 (Palo Alto),2026-07-06,SkillCloak Lets Malicious AI Agent Skills Evade Static Scanners with Self-Extracting Packing; OpenClaw’s Skill Marketplace and the Emerging AI Supply Chain Threat,https://thehackernews.com/2026/07/new-skillcloak-technique-lets-malicious.html; https://unit42.paloaltonetworks.com/openclaw-ai-supply-chain-risk/,2,2,,,,,
159.26.98.241,ipv4,crit,The Hacker News,2026-07-06,Threat Actors Probe Gitea Docker Flaw CVE-2026-20896 13 Days After Disclosure,https://thehackernews.com/2026/07/threat-actors-probe-gitea-docker-flaw.html,1,1,,,,,
2.26.75.16,ipv4,crit,The Hacker News; Unit 42 (Palo Alto),2026-07-06,SkillCloak Lets Malicious AI Agent Skills Evade Static Scanners with Self-Extracting Packing; OpenClaw’s Skill Marketplace and the Emerging AI Supply Chain Threat,https://thehackernews.com/2026/07/new-skillcloak-technique-lets-malicious.html; https://unit42.paloaltonetworks.com/openclaw-ai-supply-chain-risk/,2,2,,,,,
91.92.242.30,ipv4,crit,The Hacker News; Unit 42 (Palo Alto),2026-07-06,SkillCloak Lets Malicious AI Agent Skills Evade Static Scanners with Self-Extracting Packing; OpenClaw’s Skill Marketplace and the Emerging AI Supply Chain Threat,https://thehackernews.com/2026/07/new-skillcloak-technique-lets-malicious.html; https://unit42.paloaltonetworks.com/openclaw-ai-supply-chain-risk/,2,2,,,,,
818aea6143282b352fdfdc0f3ebf77a36e54eb3befb5cad1a355a99ab97c6aa7,sha256,crit,The Hacker News; Unit 42 (Palo Alto),2026-07-06,SkillCloak Lets Malicious AI Agent Skills Evade Static Scanners with Self-Extracting Packing; OpenClaw’s Skill Marketplace and the Emerging AI Supply Chain Threat,https://thehackernews.com/2026/07/new-skillcloak-technique-lets-malicious.html; https://unit42.paloaltonetworks.com/openclaw-ai-supply-chain-risk/,2,2,,,,,
b30eaed1f7478c28f4ec50d07ed5ef014ffbc4b2bc5a38d689ba9f7abb5e19c2,sha256,crit,The Hacker News; Unit 42 (Palo Alto),2026-07-06,SkillCloak Lets Malicious AI Agent Skills Evade Static Scanners with Self-Extracting Packing; OpenClaw’s Skill Marketplace and the Emerging AI Supply Chain Threat,https://thehackernews.com/2026/07/new-skillcloak-technique-lets-malicious.html; https://unit42.paloaltonetworks.com/openclaw-ai-supply-chain-risk/,2,2,,,,,
b6c7e0bf573b1c7d9d3a05eb08d26579199515b847df984862805f44a7af8007,sha256,crit,The Hacker News; Unit 42 (Palo Alto),2026-07-06,SkillCloak Lets Malicious AI Agent Skills Evade Static Scanners with Self-Extracting Packing; OpenClaw’s Skill Marketplace and the Emerging AI Supply Chain Threat,https://thehackernews.com/2026/07/new-skillcloak-technique-lets-malicious.html; https://unit42.paloaltonetworks.com/openclaw-ai-supply-chain-risk/,2,2,,,,,
ebb73dbb5aac1f6fe1a88e8f26126a1e1aa34c9f3345ad4345189b40d9bf1d1d,sha256,crit,The Hacker News; Unit 42 (Palo Alto),2026-07-06,SkillCloak Lets Malicious AI Agent Skills Evade Static Scanners with Self-Extracting Packing; OpenClaw’s Skill Marketplace and the Emerging AI Supply Chain Threat,https://thehackernews.com/2026/07/new-skillcloak-technique-lets-malicious.html; https://unit42.paloaltonetworks.com/openclaw-ai-supply-chain-risk/,2,2,,,,,
1kkkkddd.com,domain,high,The Hacker News,2026-07-06,Suspected China-Nexus Hackers Use Fake Indian Tax Filing Utility to Deploy DcRAT,https://thehackernews.com/2026/07/suspected-china-nexus-hackers-use-fake.html,1,1,,,,,
adidas-hiring.com,domain,high,BleepingComputer,2026-07-06,Phishing poses as big-brand job interview to steal Google accounts,https://www.bleepingcomputer.com/news/security/phishing-poses-as-big-brand-job-interview-to-steal-google-accounts/,1,1,,,,,
camorreado.click,domain,high,BleepingComputer,2026-07-06,Fake IT support calls on Microsoft Teams push EtherRAT malware,https://www.bleepingcomputer.com/news/security/fake-it-support-calls-on-microsoft-teams-push-etherrat-malware/,1,1,,,,,
download.setup-service.com,domain,high,The Hacker News,2026-07-06,SkillCloak Lets Malicious AI Agent Skills Evade Static Scanners with Self-Extracting Packing,https://thehackernews.com/2026/07/new-skillcloak-technique-lets-malicious.html,1,1,,,,,
govtop.one,domain,high,The Hacker News,2026-07-06,Suspected China-Nexus Hackers Use Fake Indian Tax Filing Utility to Deploy DcRAT,https://thehackernews.com/2026/07/suspected-china-nexus-hackers-use-fake.html,1,1,,,,,
ikkkkddd.com,domain,high,The Hacker News,2026-07-06,Suspected China-Nexus Hackers Use Fake Indian Tax Filing Utility to Deploy DcRAT,https://thehackernews.com/2026/07/suspected-china-nexus-hackers-use-fake.html,1,1,,,,,
install.app-distribution.net,domain,high,The Hacker News,2026-07-06,SkillCloak Lets Malicious AI Agent Skills Evade Static Scanners with Self-Extracting Packing,https://thehackernews.com/2026/07/new-skillcloak-technique-lets-malicious.html,1,1,,,,,
jiayingjing.com,domain,high,The Hacker News,2026-07-06,Suspected China-Nexus Hackers Use Fake Indian Tax Filing Utility to Deploy DcRAT,https://thehackernews.com/2026/07/suspected-china-nexus-hackers-use-fake.html,1,1,,,,,
kkxqbh.top,domain,high,The Hacker News,2026-07-06,Suspected China-Nexus Hackers Use Fake Indian Tax Filing Utility to Deploy DcRAT,https://thehackernews.com/2026/07/suspected-china-nexus-hackers-use-fake.html,1,1,,,,,
letssendit.fun,domain,high,The Hacker News,2026-07-06,SkillCloak Lets Malicious AI Agent Skills Evade Static Scanners with Self-Extracting Packing,https://thehackernews.com/2026/07/new-skillcloak-technique-lets-malicious.html,1,1,,,,,
openclawcli.vercel.app,domain,high,The Hacker News,2026-07-06,SkillCloak Lets Malicious AI Agent Skills Evade Static Scanners with Self-Extracting Packing,https://thehackernews.com/2026/07/new-skillcloak-technique-lets-malicious.html,1,1,,,,,
simaqz.com,domain,high,The Hacker News,2026-07-06,Suspected China-Nexus Hackers Use Fake Indian Tax Filing Utility to Deploy DcRAT,https://thehackernews.com/2026/07/suspected-china-nexus-hackers-use-fake.html,1,1,,,,,
117.44.201.119,ipv4,high,The Hacker News,2026-07-06,Suspected China-Nexus Hackers Use Fake Indian Tax Filing Utility to Deploy DcRAT,https://thehackernews.com/2026/07/suspected-china-nexus-hackers-use-fake.html,1,1,,,,,
118.107.0.197,ipv4,high,The Hacker News,2026-07-06,Suspected China-Nexus Hackers Use Fake Indian Tax Filing Utility to Deploy DcRAT,https://thehackernews.com/2026/07/suspected-china-nexus-hackers-use-fake.html,1,1,,,,,
204.194.48.250,ipv4,high,The Hacker News,2026-07-06,Suspected China-Nexus Hackers Use Fake Indian Tax Filing Utility to Deploy DcRAT,https://thehackernews.com/2026/07/suspected-china-nexus-hackers-use-fake.html,1,1,,,,,
223.26.63.40,ipv4,high,The Hacker News,2026-07-06,Suspected China-Nexus Hackers Use Fake Indian Tax Filing Utility to Deploy DcRAT,https://thehackernews.com/2026/07/suspected-china-nexus-hackers-use-fake.html,1,1,,,,,
27.50.54.191,ipv4,high,The Hacker News,2026-07-06,Suspected China-Nexus Hackers Use Fake Indian Tax Filing Utility to Deploy DcRAT,https://thehackernews.com/2026/07/suspected-china-nexus-hackers-use-fake.html,1,1,,,,,
03d2b73ecde0575a1e5ea24d6e4f12987cc081c0bc22dadf8c4219e8e38ca6e0,sha256,high,The Hacker News,2026-07-06,Suspected China-Nexus Hackers Use Fake Indian Tax Filing Utility to Deploy DcRAT,https://thehackernews.com/2026/07/suspected-china-nexus-hackers-use-fake.html,1,1,,,,,
133e4d3f1dcd99a35fec92ad13bafa3790b6d585f8ec46527fe0ae01da98ad22,sha256,high,The Hacker News,2026-07-06,Suspected China-Nexus Hackers Use Fake Indian Tax Filing Utility to Deploy DcRAT,https://thehackernews.com/2026/07/suspected-china-nexus-hackers-use-fake.html,1,1,,,,,
1787d1119cd3b40e0e5f19d62821958b7d5c2bbe0518bf1e3fb2e44fdeb4fa58,sha256,high,The Hacker News,2026-07-06,Suspected China-Nexus Hackers Use Fake Indian Tax Filing Utility to Deploy DcRAT,https://thehackernews.com/2026/07/suspected-china-nexus-hackers-use-fake.html,1,1,,,,,
19ca5fe04ca45a18c5bad9658ff73a8f39fe20ced78f690595f1b4c5a90af324,sha256,high,The Hacker News,2026-07-06,Suspected China-Nexus Hackers Use Fake Indian Tax Filing Utility to Deploy DcRAT,https://thehackernews.com/2026/07/suspected-china-nexus-hackers-use-fake.html,1,1,,,,,
2f2f8f92af86fb962c30c4c1c9d673f9d94886373d0fcf78f8d105c051ffc643,sha256,high,The Hacker News,2026-07-06,Suspected China-Nexus Hackers Use Fake Indian Tax Filing Utility to Deploy DcRAT,https://thehackernews.com/2026/07/suspected-china-nexus-hackers-use-fake.html,1,1,,,,,
2f72f4b71e33c80f122dbe5360a8d687577260567d4b59cf8c07ee2182e8ceba,sha256,high,The Hacker News,2026-07-06,Suspected China-Nexus Hackers Use Fake Indian Tax Filing Utility to Deploy DcRAT,https://thehackernews.com/2026/07/suspected-china-nexus-hackers-use-fake.html,1,1,,,,,
40593369e14c9ab7b5e2fd186a580dbcd790ebb902f3aedc12c92cd617302960,sha256,high,The Hacker News,2026-07-06,Suspected China-Nexus Hackers Use Fake Indian Tax Filing Utility to Deploy DcRAT,https://thehackernews.com/2026/07/suspected-china-nexus-hackers-use-fake.html,1,1,,,,,
4a040770fd81d0db9e04cb8dbd2e07e61969072962bb4e736b7c7001444cc2fa,sha256,high,The Hacker News,2026-07-06,Suspected China-Nexus Hackers Use Fake Indian Tax Filing Utility to Deploy DcRAT,https://thehackernews.com/2026/07/suspected-china-nexus-hackers-use-fake.html,1,1,,,,,
589aa1f7252cae74538343cd35443c0a8f58ed280f2016918b6e539a0c09529a,sha256,high,The Hacker News,2026-07-06,Suspected China-Nexus Hackers Use Fake Indian Tax Filing Utility to Deploy DcRAT,https://thehackernews.com/2026/07/suspected-china-nexus-hackers-use-fake.html,1,1,,,,,
590a75978ab33a97280be1e2ae62a2e416ada45a11bc3f1cb77c99f3eb542b4e,sha256,high,The Hacker News,2026-07-06,Suspected China-Nexus Hackers Use Fake Indian Tax Filing Utility to Deploy DcRAT,https://thehackernews.com/2026/07/suspected-china-nexus-hackers-use-fake.html,1,1,,,,,
5a00485968679dc0ed6d80b659f48287603864c223e952918d2c2aaddfa2d280,sha256,high,The Hacker News,2026-07-06,Suspected China-Nexus Hackers Use Fake Indian Tax Filing Utility to Deploy DcRAT,https://thehackernews.com/2026/07/suspected-china-nexus-hackers-use-fake.html,1,1,,,,,
5e97f7c17bf0466355be0438c7cc3e2e4d125e31368f2fbcb8e1d79cb97f137a,sha256,high,The Hacker News,2026-07-06,Suspected China-Nexus Hackers Use Fake Indian Tax Filing Utility to Deploy DcRAT,https://thehackernews.com/2026/07/suspected-china-nexus-hackers-use-fake.html,1,1,,,,,
6751ad8d0aeb6ac67cd54ea42657ce1f16addc3e3111f9e60b11931ebf58e77d,sha256,high,The Hacker News,2026-07-06,Suspected China-Nexus Hackers Use Fake Indian Tax Filing Utility to Deploy DcRAT,https://thehackernews.com/2026/07/suspected-china-nexus-hackers-use-fake.html,1,1,,,,,
696f6a1a0fbf7b4ff977cc36382f6d2bc6d7813ed84b0195d925d1f46c24568c,sha256,high,The Hacker News,2026-07-06,Suspected China-Nexus Hackers Use Fake Indian Tax Filing Utility to Deploy DcRAT,https://thehackernews.com/2026/07/suspected-china-nexus-hackers-use-fake.html,1,1,,,,,
6c774188a54ae07ae896abdf1ea6695cc29f529388888665e05322af3e9178e1,sha256,high,The Hacker News,2026-07-06,Suspected China-Nexus Hackers Use Fake Indian Tax Filing Utility to Deploy DcRAT,https://thehackernews.com/2026/07/suspected-china-nexus-hackers-use-fake.html,1,1,,,,,
7e142c8fa614cc39d0453aa648b12209821c6bcbb77ee02094f70161b40d50ae,sha256,high,The Hacker News,2026-07-06,Suspected China-Nexus Hackers Use Fake Indian Tax Filing Utility to Deploy DcRAT,https://thehackernews.com/2026/07/suspected-china-nexus-hackers-use-fake.html,1,1,,,,,
8673ce317876e6c3fe868c98524a3b2ae86a79b737536b865f044a52d16a7193,sha256,high,The Hacker News,2026-07-06,Suspected China-Nexus Hackers Use Fake Indian Tax Filing Utility to Deploy DcRAT,https://thehackernews.com/2026/07/suspected-china-nexus-hackers-use-fake.html,1,1,,,,,
879cfe23a96e822f3873fd90a37d548d7975ba0552ce28527d3d1e292000c59b,sha256,high,The Hacker News,2026-07-06,Suspected China-Nexus Hackers Use Fake Indian Tax Filing Utility to Deploy DcRAT,https://thehackernews.com/2026/07/suspected-china-nexus-hackers-use-fake.html,1,1,,,,,
881ce5cb124c4d2e814783724cc1388f6a1cbf6eee274c3f3366e77ba3503ad7,sha256,high,The Hacker News,2026-07-06,SkillCloak Lets Malicious AI Agent Skills Evade Static Scanners with Self-Extracting Packing,https://thehackernews.com/2026/07/new-skillcloak-technique-lets-malicious.html,1,1,,,,,
8ed95259300ca268279867d2999d9c4f6585c6c45308635fc39af87da27546b5,sha256,high,The Hacker News,2026-07-06,Suspected China-Nexus Hackers Use Fake Indian Tax Filing Utility to Deploy DcRAT,https://thehackernews.com/2026/07/suspected-china-nexus-hackers-use-fake.html,1,1,,,,,
9e73cd733707e5f7c9091147b029a6974b985d6c90a9cc2cb47bc0ae8a0f9245,sha256,high,The Hacker News,2026-07-06,Suspected China-Nexus Hackers Use Fake Indian Tax Filing Utility to Deploy DcRAT,https://thehackernews.com/2026/07/suspected-china-nexus-hackers-use-fake.html,1,1,,,,,
a8614dfad5fd2a79302a7c4829a0fed6f3a0a46b11beb28f89531cdfa83d32b3,sha256,high,The Hacker News,2026-07-06,Suspected China-Nexus Hackers Use Fake Indian Tax Filing Utility to Deploy DcRAT,https://thehackernews.com/2026/07/suspected-china-nexus-hackers-use-fake.html,1,1,,,,,
b0fcd7d9396e70b89e8292f6b80f933607b6fc9a9d3d4dd4ca69b408a2625932,sha256,high,The Hacker News,2026-07-06,Suspected China-Nexus Hackers Use Fake Indian Tax Filing Utility to Deploy DcRAT,https://thehackernews.com/2026/07/suspected-china-nexus-hackers-use-fake.html,1,1,,,,,
b4fb231356254426e340ab1dba50fa37a69859fc4e8a2dbdfc3e1db082006847,sha256,high,The Hacker News,2026-07-06,Suspected China-Nexus Hackers Use Fake Indian Tax Filing Utility to Deploy DcRAT,https://thehackernews.com/2026/07/suspected-china-nexus-hackers-use-fake.html,1,1,,,,,
c6651d6ce31c3a00357e579981d48c0da942b5bbe1582bf3d612a07dc3bc0ff6,sha256,high,The Hacker News,2026-07-06,Suspected China-Nexus Hackers Use Fake Indian Tax Filing Utility to Deploy DcRAT,https://thehackernews.com/2026/07/suspected-china-nexus-hackers-use-fake.html,1,1,,,,,
c6fc06db6a1318152c09200352b40c8fa794f1089988835c1df92174347be8ec,sha256,high,The Hacker News,2026-07-06,Suspected China-Nexus Hackers Use Fake Indian Tax Filing Utility to Deploy DcRAT,https://thehackernews.com/2026/07/suspected-china-nexus-hackers-use-fake.html,1,1,,,,,
e6346e3087db2bfba4551fcf89d94ae49aa92dc22f0ec2b718187a96e3a3b83c,sha256,high,The Hacker News,2026-07-06,Suspected China-Nexus Hackers Use Fake Indian Tax Filing Utility to Deploy DcRAT,https://thehackernews.com/2026/07/suspected-china-nexus-hackers-use-fake.html,1,1,,,,,
ec5d4103b3d97885e9575ad045b2ef5467bf9fccf71828e418e6488d78983146,sha256,high,The Hacker News,2026-07-06,Suspected China-Nexus Hackers Use Fake Indian Tax Filing Utility to Deploy DcRAT,https://thehackernews.com/2026/07/suspected-china-nexus-hackers-use-fake.html,1,1,,,,,
eccff5c026a01cbe91db45cd0289f8822985aa5183f096d8add69762696d100d,sha256,high,The Hacker News,2026-07-06,Suspected China-Nexus Hackers Use Fake Indian Tax Filing Utility to Deploy DcRAT,https://thehackernews.com/2026/07/suspected-china-nexus-hackers-use-fake.html,1,1,,,,,
f4e41aa269c88bf11a2022701a9cf41e9a186aa1b224d837c31bf34e0b875d0e,sha256,high,The Hacker News,2026-07-06,SkillCloak Lets Malicious AI Agent Skills Evade Static Scanners with Self-Extracting Packing,https://thehackernews.com/2026/07/new-skillcloak-technique-lets-malicious.html,1,1,,,,,
fc17d5b4d64cb61a5aa8fb6bbe1e94885f129b2bf8ee91bca1ccca2b537f6616,sha256,high,The Hacker News,2026-07-06,Suspected China-Nexus Hackers Use Fake Indian Tax Filing Utility to Deploy DcRAT,https://thehackernews.com/2026/07/suspected-china-nexus-hackers-use-fake.html,1,1,,,,,
fdd9752f4bb03762828e2e2bb6ec26c5f05a664dc28e02457685ddb3650d3e95,sha256,high,The Hacker News,2026-07-06,Suspected China-Nexus Hackers Use Fake Indian Tax Filing Utility to Deploy DcRAT,https://thehackernews.com/2026/07/suspected-china-nexus-hackers-use-fake.html,1,1,,,,,
CVE-2021-29441,cve,crit,BleepingComputer; The Hacker News,2026-07-04,JadePuffer ransomware used AI agent to automate entire attack; New Avalon Malware Framework Packs CrownX Ransomware Capabilities; AI Agent Exploits Langflow RCE to Automate Database Ransomware Attack,https://www.bleepingcomputer.com/news/security/jadepuffer-ransomware-used-ai-agent-to-automate-entire-attack/; https://thehackernews.com/2026/07/new-avalon-malware-framework-packs.html; https://thehackernews.com/2026/07/ai-agent-exploits-langflow-rce-to.html,2,3,,,,,
CVE-2025-3248,cve,crit,BleepingComputer; The Hacker News,2026-07-04,JadePuffer ransomware used AI agent to automate entire attack; New Avalon Malware Framework Packs CrownX Ransomware Capabilities; AI Agent Exploits Langflow RCE to Automate Database Ransomware Attack,https://www.bleepingcomputer.com/news/security/jadepuffer-ransomware-used-ai-agent-to-automate-entire-attack/; https://thehackernews.com/2026/07/new-avalon-malware-framework-packs.html; https://thehackernews.com/2026/07/ai-agent-exploits-langflow-rce-to.html,2,3,,,,,
45.131.66.106,ipv4,crit,BleepingComputer; The Hacker News,2026-07-04,JadePuffer ransomware used AI agent to automate entire attack; New Avalon Malware Framework Packs CrownX Ransomware Capabilities; AI Agent Exploits Langflow RCE to Automate Database Ransomware Attack,https://www.bleepingcomputer.com/news/security/jadepuffer-ransomware-used-ai-agent-to-automate-entire-attack/; https://thehackernews.com/2026/07/new-avalon-malware-framework-packs.html; https://thehackernews.com/2026/07/ai-agent-exploits-langflow-rce-to.html,2,3,,,,,
64.20.53.230,ipv4,crit,BleepingComputer; The Hacker News,2026-07-04,JadePuffer ransomware used AI agent to automate entire attack; New Avalon Malware Framework Packs CrownX Ransomware Capabilities; AI Agent Exploits Langflow RCE to Automate Database Ransomware Attack,https://www.bleepingcomputer.com/news/security/jadepuffer-ransomware-used-ai-agent-to-automate-entire-attack/; https://thehackernews.com/2026/07/new-avalon-malware-framework-packs.html; https://thehackernews.com/2026/07/ai-agent-exploits-langflow-rce-to.html,2,3,,,,,
nerqnacjmdy3obvevyol7qhazkwkv57dwqvye5v46k5bcujtfa6sduad.onion,domain,high,The Hacker News,2026-07-04,U.S. Government Entity Paid Kairos $1 Million in Data-Theft Extortion Case,https://thehackernews.com/2026/07/us-government-entity-paid-kairos-group.html,1,1,,,,,
62.182.81.38,ipv4,high,The Hacker News,2026-07-04,U.S. Government Entity Paid Kairos $1 Million in Data-Theft Extortion Case,https://thehackernews.com/2026/07/us-government-entity-paid-kairos-group.html,1,1,,,,,
CVE-2025-9491,cve,crit,The Hacker News; Securelist (Kaspersky),2026-07-03,"Armored Likho Targets Government Agencies, Power Sector with BusySnake Stealer; Armored Likho digging a snake pit: inside the covert BusySnake Stealer campaign",https://thehackernews.com/2026/07/armored-likho-targets-government.html; https://securelist.com/tr/armored-likho-apt-with-busysnake-stealer/120292/,2,2,,,,,
CVE-2026-31431,cve,crit,The Hacker News,2026-07-03,"New ""Bad Epoll"" Linux Kernel Flaw Lets Unprivileged Users Gain Root, Hits Android",https://thehackernews.com/2026/07/new-bad-epoll-linux-kernel-flaw-lets.html,1,1,,,,,
CVE-2026-31694,cve,crit,The Hacker News,2026-07-03,"New ""Bad Epoll"" Linux Kernel Flaw Lets Unprivileged Users Gain Root, Hits Android",https://thehackernews.com/2026/07/new-bad-epoll-linux-kernel-flaw-lets.html,1,1,,,,,
CVE-2026-43074,cve,crit,The Hacker News,2026-07-03,"New ""Bad Epoll"" Linux Kernel Flaw Lets Unprivileged Users Gain Root, Hits Android",https://thehackernews.com/2026/07/new-bad-epoll-linux-kernel-flaw-lets.html,1,1,,,,,
CVE-2026-46242,cve,crit,The Hacker News,2026-07-03,"New ""Bad Epoll"" Linux Kernel Flaw Lets Unprivileged Users Gain Root, Hits Android",https://thehackernews.com/2026/07/new-bad-epoll-linux-kernel-flaw-lets.html,1,1,,,,,
CVE-2026-4747,cve,crit,The Hacker News,2026-07-03,"New ""Bad Epoll"" Linux Kernel Flaw Lets Unprivileged Users Gain Root, Hits Android",https://thehackernews.com/2026/07/new-bad-epoll-linux-kernel-flaw-lets.html,1,1,,,,,
CVE-2026-48611,cve,crit,Aikido,2026-07-03,Authentication Bypass in the default configuration phpBB,https://www.aikido.dev/blog/authentication-bypass-phpbb-technical-writeup,1,1,,,,,
CVE-2026-6682,cve,crit,The Hacker News,2026-07-03,Unpatched Flaws Disclosed in Filesystem Bundled Into Millions of Embedded Devices,https://thehackernews.com/2026/07/unpatched-flaws-disclosed-in-filesystem.html,1,1,,,,,
CVE-2026-6683,cve,crit,The Hacker News,2026-07-03,Unpatched Flaws Disclosed in Filesystem Bundled Into Millions of Embedded Devices,https://thehackernews.com/2026/07/unpatched-flaws-disclosed-in-filesystem.html,1,1,,,,,
CVE-2026-6684,cve,crit,The Hacker News,2026-07-03,Unpatched Flaws Disclosed in Filesystem Bundled Into Millions of Embedded Devices,https://thehackernews.com/2026/07/unpatched-flaws-disclosed-in-filesystem.html,1,1,,,,,
CVE-2026-6685,cve,crit,The Hacker News,2026-07-03,Unpatched Flaws Disclosed in Filesystem Bundled Into Millions of Embedded Devices,https://thehackernews.com/2026/07/unpatched-flaws-disclosed-in-filesystem.html,1,1,,,,,
CVE-2026-6686,cve,crit,The Hacker News,2026-07-03,Unpatched Flaws Disclosed in Filesystem Bundled Into Millions of Embedded Devices,https://thehackernews.com/2026/07/unpatched-flaws-disclosed-in-filesystem.html,1,1,,,,,
CVE-2026-6687,cve,crit,The Hacker News,2026-07-03,Unpatched Flaws Disclosed in Filesystem Bundled Into Millions of Embedded Devices,https://thehackernews.com/2026/07/unpatched-flaws-disclosed-in-filesystem.html,1,1,,,,,
CVE-2026-6688,cve,crit,The Hacker News,2026-07-03,Unpatched Flaws Disclosed in Filesystem Bundled Into Millions of Embedded Devices,https://thehackernews.com/2026/07/unpatched-flaws-disclosed-in-filesystem.html,1,1,,,,,
arvax.xyz,domain,crit,The Hacker News,2026-07-03,"Armored Likho Targets Government Agencies, Power Sector with BusySnake Stealer",https://thehackernews.com/2026/07/armored-likho-targets-government.html,1,1,,,,,
avenger-sync.live,domain,crit,The Hacker News,2026-07-03,PamStealer Uses Fake Maccy Sites and PAM Checks to Steal Mac Login Passwords,https://thehackernews.com/2026/07/pamstealer-uses-fake-maccy-sites-and.html,1,1,,,,,
clear90489058903-document.workers.dev,domain,crit,BleepingComputer; Cisco Talos,2026-07-03,ARToken PhaaS exposes EvilTokens' Microsoft 365 phishing toolkit; Catan and Mouse; ARToken: Inside an EvilTokens affiliate panel targeting Microsoft 365,https://www.bleepingcomputer.com/news/security/artoken-phaas-exposes-eviltokens-microsoft-365-phishing-toolkit/; https://blog.talosintelligence.com/catan-and-mouse/; https://blog.talosintelligence.com/artoken-inside-an-eviltokens-affiliate-panel-targeting-microsoft-365/,2,3,,,,,
dashboard-bl.pamconj.com,domain,crit,BleepingComputer; Cisco Talos,2026-07-03,ARToken PhaaS exposes EvilTokens' Microsoft 365 phishing toolkit; Catan and Mouse; ARToken: Inside an EvilTokens affiliate panel targeting Microsoft 365,https://www.bleepingcomputer.com/news/security/artoken-phaas-exposes-eviltokens-microsoft-365-phishing-toolkit/; https://blog.talosintelligence.com/catan-and-mouse/; https://blog.talosintelligence.com/artoken-inside-an-eviltokens-affiliate-panel-targeting-microsoft-365/,2,3,,,,,
grked.online,domain,crit,The Hacker News,2026-07-03,"Armored Likho Targets Government Agencies, Power Sector with BusySnake Stealer",https://thehackernews.com/2026/07/armored-likho-targets-government.html,1,1,,,,,
helloxcherry.com,domain,crit,The Hacker News,2026-07-03,New Avalon Malware Framework Packs CrownX Ransomware Capabilities,https://thehackernews.com/2026/07/new-avalon-malware-framework-packs.html,1,1,,,,,
jsonkeeper.com,domain,crit,The Hacker News,2026-07-03,North Korea-Linked npm Packages Mimic Rollup Polyfills to Steal Developer Secrets,https://thehackernews.com/2026/07/north-korea-linked-npm-packages-mimic.html,1,1,,,,,
lvl99.store,domain,crit,The Hacker News,2026-07-03,"Armored Likho Targets Government Agencies, Power Sector with BusySnake Stealer",https://thehackernews.com/2026/07/armored-likho-targets-government.html,1,1,,,,,
maccyapp.com,domain,crit,The Hacker News,2026-07-03,PamStealer Uses Fake Maccy Sites and PAM Checks to Steal Mac Login Passwords,https://thehackernews.com/2026/07/pamstealer-uses-fake-maccy-sites-and.html,1,1,,,,,
maccyapp.net,domain,crit,The Hacker News,2026-07-03,PamStealer Uses Fake Maccy Sites and PAM Checks to Steal Mac Login Passwords,https://thehackernews.com/2026/07/pamstealer-uses-fake-maccy-sites-and.html,1,1,,,,,
myboard.chickenkiller.com,domain,crit,The Hacker News,2026-07-03,"Armored Likho Targets Government Agencies, Power Sector with BusySnake Stealer",https://thehackernews.com/2026/07/armored-likho-targets-government.html,1,1,,,,,
myboard.twilightparadox.com,domain,crit,The Hacker News,2026-07-03,"Armored Likho Targets Government Agencies, Power Sector with BusySnake Stealer",https://thehackernews.com/2026/07/armored-likho-targets-government.html,1,1,,,,,
ndrt.ink,domain,crit,The Hacker News,2026-07-03,"Armored Likho Targets Government Agencies, Power Sector with BusySnake Stealer",https://thehackernews.com/2026/07/armored-likho-targets-government.html,1,1,,,,,
onetoken.ink,domain,crit,The Hacker News,2026-07-03,"Armored Likho Targets Government Agencies, Power Sector with BusySnake Stealer",https://thehackernews.com/2026/07/armored-likho-targets-government.html,1,1,,,,,
spx.pamconj.com,domain,crit,BleepingComputer; Cisco Talos,2026-07-03,ARToken PhaaS exposes EvilTokens' Microsoft 365 phishing toolkit; Catan and Mouse; ARToken: Inside an EvilTokens affiliate panel targeting Microsoft 365,https://www.bleepingcomputer.com/news/security/artoken-phaas-exposes-eviltokens-microsoft-365-phishing-toolkit/; https://blog.talosintelligence.com/catan-and-mouse/; https://blog.talosintelligence.com/artoken-inside-an-eviltokens-affiliate-panel-targeting-microsoft-365/,2,3,,,,,
varenie.live,domain,crit,The Hacker News,2026-07-03,"Armored Likho Targets Government Agencies, Power Sector with BusySnake Stealer",https://thehackernews.com/2026/07/armored-likho-targets-government.html,1,1,,,,,
winupdate.ink,domain,crit,The Hacker News,2026-07-03,"Armored Likho Targets Government Agencies, Power Sector with BusySnake Stealer",https://thehackernews.com/2026/07/armored-likho-targets-government.html,1,1,,,,,
winupdate.live,domain,crit,The Hacker News,2026-07-03,"Armored Likho Targets Government Agencies, Power Sector with BusySnake Stealer",https://thehackernews.com/2026/07/armored-likho-targets-government.html,1,1,,,,,
142.93.211.30,ipv4,crit,The Hacker News,2026-07-03,North Korea-Linked npm Packages Mimic Rollup Polyfills to Steal Developer Secrets,https://thehackernews.com/2026/07/north-korea-linked-npm-packages-mimic.html,1,1,,,,,
159.198.32.222,ipv4,crit,The Hacker News,2026-07-03,"Armored Likho Targets Government Agencies, Power Sector with BusySnake Stealer",https://thehackernews.com/2026/07/armored-likho-targets-government.html,1,1,,,,,
159.198.41.140,ipv4,crit,The Hacker News,2026-07-03,"Armored Likho Targets Government Agencies, Power Sector with BusySnake Stealer",https://thehackernews.com/2026/07/armored-likho-targets-government.html,1,1,,,,,
159.198.75.219,ipv4,crit,The Hacker News,2026-07-03,"Armored Likho Targets Government Agencies, Power Sector with BusySnake Stealer",https://thehackernews.com/2026/07/armored-likho-targets-government.html,1,1,,,,,
216.126.236.244,ipv4,crit,The Hacker News,2026-07-03,North Korea-Linked npm Packages Mimic Rollup Polyfills to Steal Developer Secrets,https://thehackernews.com/2026/07/north-korea-linked-npm-packages-mimic.html,1,1,,,,,
69.67.173.153,ipv4,crit,The Hacker News,2026-07-03,"Armored Likho Targets Government Agencies, Power Sector with BusySnake Stealer",https://thehackernews.com/2026/07/armored-likho-targets-government.html,1,1,,,,,
0041FD1B2358CD08DBCBC28EA8FC3D20,md5,crit,The Hacker News,2026-07-03,"Armored Likho Targets Government Agencies, Power Sector with BusySnake Stealer",https://thehackernews.com/2026/07/armored-likho-targets-government.html,1,1,,,,,
006887732CA4A4A46A97989CF4DEEEF6,md5,crit,The Hacker News,2026-07-03,"Armored Likho Targets Government Agencies, Power Sector with BusySnake Stealer",https://thehackernews.com/2026/07/armored-likho-targets-government.html,1,1,,,,,
07213C419489C02791E8D67B91E404EF,md5,crit,The Hacker News,2026-07-03,"Armored Likho Targets Government Agencies, Power Sector with BusySnake Stealer",https://thehackernews.com/2026/07/armored-likho-targets-government.html,1,1,,,,,
1096268FA2B3D454C86CF851CB782319,md5,crit,The Hacker News,2026-07-03,"Armored Likho Targets Government Agencies, Power Sector with BusySnake Stealer",https://thehackernews.com/2026/07/armored-likho-targets-government.html,1,1,,,,,
1DBA3E505491A260A44C867902C3296E,md5,crit,The Hacker News,2026-07-03,"Armored Likho Targets Government Agencies, Power Sector with BusySnake Stealer",https://thehackernews.com/2026/07/armored-likho-targets-government.html,1,1,,,,,
2DFA1D949872C1B2F04952DD3E5F5D8F,md5,crit,The Hacker News,2026-07-03,"Armored Likho Targets Government Agencies, Power Sector with BusySnake Stealer",https://thehackernews.com/2026/07/armored-likho-targets-government.html,1,1,,,,,
393B498F2114CABC0B29D5FCD9DC6723,md5,crit,The Hacker News,2026-07-03,"Armored Likho Targets Government Agencies, Power Sector with BusySnake Stealer",https://thehackernews.com/2026/07/armored-likho-targets-government.html,1,1,,,,,
5D5C3E483C5E544260CE98FC29FBF192,md5,crit,The Hacker News,2026-07-03,"Armored Likho Targets Government Agencies, Power Sector with BusySnake Stealer",https://thehackernews.com/2026/07/armored-likho-targets-government.html,1,1,,,,,
6B45DDB39A6E86229348DCBBA3857E7C,md5,crit,The Hacker News,2026-07-03,"Armored Likho Targets Government Agencies, Power Sector with BusySnake Stealer",https://thehackernews.com/2026/07/armored-likho-targets-government.html,1,1,,,,,
7141917CBA2EEE2B4D31107FACCF3A39,md5,crit,The Hacker News,2026-07-03,"Armored Likho Targets Government Agencies, Power Sector with BusySnake Stealer",https://thehackernews.com/2026/07/armored-likho-targets-government.html,1,1,,,,,
732C31ACF971A81C7E51B2A3DAE82020,md5,crit,The Hacker News,2026-07-03,"Armored Likho Targets Government Agencies, Power Sector with BusySnake Stealer",https://thehackernews.com/2026/07/armored-likho-targets-government.html,1,1,,,,,
78135F72AB148A0CC074F6B2DD51FFF6,md5,crit,The Hacker News,2026-07-03,"Armored Likho Targets Government Agencies, Power Sector with BusySnake Stealer",https://thehackernews.com/2026/07/armored-likho-targets-government.html,1,1,,,,,
7DB9C688C620E54E8C69B7E52A7579FB,md5,crit,The Hacker News,2026-07-03,"Armored Likho Targets Government Agencies, Power Sector with BusySnake Stealer",https://thehackernews.com/2026/07/armored-likho-targets-government.html,1,1,,,,,
80B7700053E115D65365CE7330383320,md5,crit,The Hacker News,2026-07-03,"Armored Likho Targets Government Agencies, Power Sector with BusySnake Stealer",https://thehackernews.com/2026/07/armored-likho-targets-government.html,1,1,,,,,
8188B2F347B77D65D08CFB23808AC244,md5,crit,The Hacker News,2026-07-03,"Armored Likho Targets Government Agencies, Power Sector with BusySnake Stealer",https://thehackernews.com/2026/07/armored-likho-targets-government.html,1,1,,,,,
894332174F536C2E1EFEDA05CBA79F8B,md5,crit,The Hacker News,2026-07-03,"Armored Likho Targets Government Agencies, Power Sector with BusySnake Stealer",https://thehackernews.com/2026/07/armored-likho-targets-government.html,1,1,,,,,
90378881856ABFA47D7745C0A3EF9DC8,md5,crit,The Hacker News,2026-07-03,"Armored Likho Targets Government Agencies, Power Sector with BusySnake Stealer",https://thehackernews.com/2026/07/armored-likho-targets-government.html,1,1,,,,,
A0EC7A8E61EFF3F445A7455B3AEF9FBB,md5,crit,The Hacker News,2026-07-03,"Armored Likho Targets Government Agencies, Power Sector with BusySnake Stealer",https://thehackernews.com/2026/07/armored-likho-targets-government.html,1,1,,,,,
C019797A00FD56EDB1F468AC0A598510,md5,crit,The Hacker News,2026-07-03,"Armored Likho Targets Government Agencies, Power Sector with BusySnake Stealer",https://thehackernews.com/2026/07/armored-likho-targets-government.html,1,1,,,,,
C7622A1EFFA27BBFEE6D6E03D6474343,md5,crit,The Hacker News,2026-07-03,"Armored Likho Targets Government Agencies, Power Sector with BusySnake Stealer",https://thehackernews.com/2026/07/armored-likho-targets-government.html,1,1,,,,,
CF74AC018D158EA2C2CFA1B1D71D95BC,md5,crit,The Hacker News,2026-07-03,"Armored Likho Targets Government Agencies, Power Sector with BusySnake Stealer",https://thehackernews.com/2026/07/armored-likho-targets-government.html,1,1,,,,,
DDFF82A115558584BBD7741D4FFB35B4,md5,crit,The Hacker News,2026-07-03,"Armored Likho Targets Government Agencies, Power Sector with BusySnake Stealer",https://thehackernews.com/2026/07/armored-likho-targets-government.html,1,1,,,,,
E2550CFAD9DCC880BF04F6048F90868C,md5,crit,The Hacker News,2026-07-03,"Armored Likho Targets Government Agencies, Power Sector with BusySnake Stealer",https://thehackernews.com/2026/07/armored-likho-targets-government.html,1,1,,,,,
F2AB09D7E7A375A192508A5014AA2EE4,md5,crit,The Hacker News,2026-07-03,"Armored Likho Targets Government Agencies, Power Sector with BusySnake Stealer",https://thehackernews.com/2026/07/armored-likho-targets-government.html,1,1,,,,,
F5C6434EE5F7578FAA3BC1257E1C9226,md5,crit,The Hacker News,2026-07-03,"Armored Likho Targets Government Agencies, Power Sector with BusySnake Stealer",https://thehackernews.com/2026/07/armored-likho-targets-government.html,1,1,,,,,
FD2BDD8047ADDEE6FDE2F532DE181BFD,md5,crit,The Hacker News,2026-07-03,"Armored Likho Targets Government Agencies, Power Sector with BusySnake Stealer",https://thehackernews.com/2026/07/armored-likho-targets-government.html,1,1,,,,,
4b7301f02b8312ae6de614981f325dbbabee32166630618fdff74615d9a487ba,sha256,crit,The Hacker News,2026-07-03,New Avalon Malware Framework Packs CrownX Ransomware Capabilities,https://thehackernews.com/2026/07/new-avalon-malware-framework-packs.html,1,1,,,,,
59a260716d05c20229c6a46fe0a2fb5b80fa30c9c73a850222d9d3454426a60a,sha256,crit,The Hacker News,2026-07-03,New Avalon Malware Framework Packs CrownX Ransomware Capabilities,https://thehackernews.com/2026/07/new-avalon-malware-framework-packs.html,1,1,,,,,
607cb58b8a592885eef5cfbe35ddce962741b0775c575f58cb3a96ca0ee893a6,sha256,crit,The Hacker News,2026-07-03,New Avalon Malware Framework Packs CrownX Ransomware Capabilities,https://thehackernews.com/2026/07/new-avalon-malware-framework-packs.html,1,1,,,,,
b7d50d0406afcd2efd87bf3bf8c4211719ba9817dd2e0ad62af10c933e765e28,sha256,crit,The Hacker News,2026-07-03,New Avalon Malware Framework Packs CrownX Ransomware Capabilities,https://thehackernews.com/2026/07/new-avalon-malware-framework-packs.html,1,1,,,,,
c725815cbb07ab5be8903e74ef8aea46ef9c25e4a3bc626ae94bfc1ae21df6e3,sha256,crit,The Hacker News,2026-07-03,New Avalon Malware Framework Packs CrownX Ransomware Capabilities,https://thehackernews.com/2026/07/new-avalon-malware-framework-packs.html,1,1,,,,,
adobe-lar.denise-chxhistory-com-s-account.workers.dev,domain,high,BleepingComputer,2026-07-03,ARToken PhaaS exposes EvilTokens' Microsoft 365 phishing toolkit,https://www.bleepingcomputer.com/news/security/artoken-phaas-exposes-eviltokens-microsoft-365-phishing-toolkit/,1,1,,,,,
authdocspro.com,domain,high,BleepingComputer; ESET WeLiveSecurity,2026-07-03,ARToken PhaaS exposes EvilTokens' Microsoft 365 phishing toolkit; EvilTokens: A phishing attack that doesn’t steal your password,https://www.bleepingcomputer.com/news/security/artoken-phaas-exposes-eviltokens-microsoft-365-phishing-toolkit/; https://www.welivesecurity.com/en/cybercrime/eviltokens-phishing-doesnt-steal-password/,2,2,,,,,
backdoor-hub.com,domain,high,BleepingComputer; ESET WeLiveSecurity,2026-07-03,ARToken PhaaS exposes EvilTokens' Microsoft 365 phishing toolkit; EvilTokens: A phishing attack that doesn’t steal your password,https://www.bleepingcomputer.com/news/security/artoken-phaas-exposes-eviltokens-microsoft-365-phishing-toolkit/; https://www.welivesecurity.com/en/cybercrime/eviltokens-phishing-doesnt-steal-password/,2,2,,,,,
divinetworks.com,domain,high,BleepingComputer,2026-07-03,"NetNut proxy network disrupted, 2 million infected devices cut off",https://www.bleepingcomputer.com/news/security/netnut-proxy-network-disrupted-2-million-infected-devices-cut-off/,1,1,,,,,
docusend.networkssolutionmail.com,domain,high,BleepingComputer; ESET WeLiveSecurity,2026-07-03,ARToken PhaaS exposes EvilTokens' Microsoft 365 phishing toolkit; EvilTokens: A phishing attack that doesn’t steal your password,https://www.bleepingcomputer.com/news/security/artoken-phaas-exposes-eviltokens-microsoft-365-phishing-toolkit/; https://www.welivesecurity.com/en/cybercrime/eviltokens-phishing-doesnt-steal-password/,2,2,,,,,
docusign-vs4.finance-zltnservices-org-s-account.workers.dev,domain,high,BleepingComputer,2026-07-03,ARToken PhaaS exposes EvilTokens' Microsoft 365 phishing toolkit,https://www.bleepingcomputer.com/news/security/artoken-phaas-exposes-eviltokens-microsoft-365-phishing-toolkit/,1,1,,,,,
eventcalender-schedule.com,domain,high,BleepingComputer; ESET WeLiveSecurity,2026-07-03,ARToken PhaaS exposes EvilTokens' Microsoft 365 phishing toolkit; EvilTokens: A phishing attack that doesn’t steal your password,https://www.bleepingcomputer.com/news/security/artoken-phaas-exposes-eviltokens-microsoft-365-phishing-toolkit/; https://www.welivesecurity.com/en/cybercrime/eviltokens-phishing-doesnt-steal-password/,2,2,,,,,
evobothub.org,domain,high,BleepingComputer; ESET WeLiveSecurity,2026-07-03,ARToken PhaaS exposes EvilTokens' Microsoft 365 phishing toolkit; EvilTokens: A phishing attack that doesn’t steal your password,https://www.bleepingcomputer.com/news/security/artoken-phaas-exposes-eviltokens-microsoft-365-phishing-toolkit/; https://www.welivesecurity.com/en/cybercrime/eviltokens-phishing-doesnt-steal-password/,2,2,,,,,
framebound.cloud,domain,high,BleepingComputer; ESET WeLiveSecurity,2026-07-03,ARToken PhaaS exposes EvilTokens' Microsoft 365 phishing toolkit; EvilTokens: A phishing attack that doesn’t steal your password,https://www.bleepingcomputer.com/news/security/artoken-phaas-exposes-eviltokens-microsoft-365-phishing-toolkit/; https://www.welivesecurity.com/en/cybercrime/eviltokens-phishing-doesnt-steal-password/,2,2,,,,,
infinitechai.org,domain,high,BleepingComputer; ESET WeLiveSecurity,2026-07-03,ARToken PhaaS exposes EvilTokens' Microsoft 365 phishing toolkit; EvilTokens: A phishing attack that doesn’t steal your password,https://www.bleepingcomputer.com/news/security/artoken-phaas-exposes-eviltokens-microsoft-365-phishing-toolkit/; https://www.welivesecurity.com/en/cybercrime/eviltokens-phishing-doesnt-steal-password/,2,2,,,,,
internalmemorecord.bxwancheng.com,domain,high,BleepingComputer; ESET WeLiveSecurity,2026-07-03,ARToken PhaaS exposes EvilTokens' Microsoft 365 phishing toolkit; EvilTokens: A phishing attack that doesn’t steal your password,https://www.bleepingcomputer.com/news/security/artoken-phaas-exposes-eviltokens-microsoft-365-phishing-toolkit/; https://www.welivesecurity.com/en/cybercrime/eviltokens-phishing-doesnt-steal-password/,2,2,,,,,
m-mgarg.com,domain,high,ESET WeLiveSecurity,2026-07-03,Cyber readiness for SMBs: Getting the basics right,https://www.welivesecurity.com/en/business-security/cyber-readiness-smbs-getting-basics-right/,1,1,,,,,
mgardownload.com,domain,high,ESET WeLiveSecurity,2026-07-03,Cyber readiness for SMBs: Getting the basics right,https://www.welivesecurity.com/en/business-security/cyber-readiness-smbs-getting-basics-right/,1,1,,,,,
mirsanotolastik.com,domain,high,BleepingComputer; ESET WeLiveSecurity,2026-07-03,ARToken PhaaS exposes EvilTokens' Microsoft 365 phishing toolkit; EvilTokens: A phishing attack that doesn’t steal your password,https://www.bleepingcomputer.com/news/security/artoken-phaas-exposes-eviltokens-microsoft-365-phishing-toolkit/; https://www.welivesecurity.com/en/cybercrime/eviltokens-phishing-doesnt-steal-password/,2,2,,,,,
mirzanyapi.com,domain,high,BleepingComputer; ESET WeLiveSecurity,2026-07-03,ARToken PhaaS exposes EvilTokens' Microsoft 365 phishing toolkit; EvilTokens: A phishing attack that doesn’t steal your password,https://www.bleepingcomputer.com/news/security/artoken-phaas-exposes-eviltokens-microsoft-365-phishing-toolkit/; https://www.welivesecurity.com/en/cybercrime/eviltokens-phishing-doesnt-steal-password/,2,2,,,,,
netnut.com,domain,high,BleepingComputer; The Hacker News,2026-07-03,"NetNut proxy network disrupted, 2 million infected devices cut off; Google Disrupts NetNut Residential Proxy Network Spanning 2 Million Home Devices",https://www.bleepingcomputer.com/news/security/netnut-proxy-network-disrupted-2-million-infected-devices-cut-off/; https://thehackernews.com/2026/07/google-disrupts-netnut-residential.html,2,2,,,,,
netnut.io,domain,high,BleepingComputer; The Hacker News,2026-07-03,"NetNut proxy network disrupted, 2 million infected devices cut off; Google Disrupts NetNut Residential Proxy Network Spanning 2 Million Home Devices",https://www.bleepingcomputer.com/news/security/netnut-proxy-network-disrupted-2-million-infected-devices-cut-off/; https://thehackernews.com/2026/07/google-disrupts-netnut-residential.html,2,2,,,,,
newmobilepolojean.com,domain,high,BleepingComputer; ESET WeLiveSecurity,2026-07-03,ARToken PhaaS exposes EvilTokens' Microsoft 365 phishing toolkit; EvilTokens: A phishing attack that doesn’t steal your password,https://www.bleepingcomputer.com/news/security/artoken-phaas-exposes-eviltokens-microsoft-365-phishing-toolkit/; https://www.welivesecurity.com/en/cybercrime/eviltokens-phishing-doesnt-steal-password/,2,2,,,,,
notificationsmanagersec.com,domain,high,BleepingComputer; ESET WeLiveSecurity,2026-07-03,ARToken PhaaS exposes EvilTokens' Microsoft 365 phishing toolkit; EvilTokens: A phishing attack that doesn’t steal your password,https://www.bleepingcomputer.com/news/security/artoken-phaas-exposes-eviltokens-microsoft-365-phishing-toolkit/; https://www.welivesecurity.com/en/cybercrime/eviltokens-phishing-doesnt-steal-password/,2,2,,,,,
onedrive-au8.hayixa9795-pazard-com-s-account.workers.dev,domain,high,BleepingComputer,2026-07-03,ARToken PhaaS exposes EvilTokens' Microsoft 365 phishing toolkit,https://www.bleepingcomputer.com/news/security/artoken-phaas-exposes-eviltokens-microsoft-365-phishing-toolkit/,1,1,,,,,
page-voicemail-3i6.ucbqzm9-ucl-ac-uk-s-account.workers.dev,domain,high,BleepingComputer,2026-07-03,ARToken PhaaS exposes EvilTokens' Microsoft 365 phishing toolkit,https://www.bleepingcomputer.com/news/security/artoken-phaas-exposes-eviltokens-microsoft-365-phishing-toolkit/,1,1,,,,,
promanager.outboundciwidey.com,domain,high,BleepingComputer; ESET WeLiveSecurity,2026-07-03,ARToken PhaaS exposes EvilTokens' Microsoft 365 phishing toolkit; EvilTokens: A phishing attack that doesn’t steal your password,https://www.bleepingcomputer.com/news/security/artoken-phaas-exposes-eviltokens-microsoft-365-phishing-toolkit/; https://www.welivesecurity.com/en/cybercrime/eviltokens-phishing-doesnt-steal-password/,2,2,,,,,
proxyjet.io,domain,high,BleepingComputer,2026-07-03,"NetNut proxy network disrupted, 2 million infected devices cut off",https://www.bleepingcomputer.com/news/security/netnut-proxy-network-disrupted-2-million-infected-devices-cut-off/,1,1,,,,,
serenitygovsupplys.com,domain,high,BleepingComputer; ESET WeLiveSecurity,2026-07-03,ARToken PhaaS exposes EvilTokens' Microsoft 365 phishing toolkit; EvilTokens: A phishing attack that doesn’t steal your password,https://www.bleepingcomputer.com/news/security/artoken-phaas-exposes-eviltokens-microsoft-365-phishing-toolkit/; https://www.welivesecurity.com/en/cybercrime/eviltokens-phishing-doesnt-steal-password/,2,2,,,,,
sharepoint-uo2.angela-warrconstructioninc-onmicrosoft-com-s-account.workers.dev,domain,high,BleepingComputer,2026-07-03,ARToken PhaaS exposes EvilTokens' Microsoft 365 phishing toolkit,https://www.bleepingcomputer.com/news/security/artoken-phaas-exposes-eviltokens-microsoft-365-phishing-toolkit/,1,1,,,,,
signaturerequired.thecoolcactus.com,domain,high,BleepingComputer; ESET WeLiveSecurity,2026-07-03,ARToken PhaaS exposes EvilTokens' Microsoft 365 phishing toolkit; EvilTokens: A phishing attack that doesn’t steal your password,https://www.bleepingcomputer.com/news/security/artoken-phaas-exposes-eviltokens-microsoft-365-phishing-toolkit/; https://www.welivesecurity.com/en/cybercrime/eviltokens-phishing-doesnt-steal-password/,2,2,,,,,
statushelper.aguasomos.com,domain,high,BleepingComputer; ESET WeLiveSecurity,2026-07-03,ARToken PhaaS exposes EvilTokens' Microsoft 365 phishing toolkit; EvilTokens: A phishing attack that doesn’t steal your password,https://www.bleepingcomputer.com/news/security/artoken-phaas-exposes-eviltokens-microsoft-365-phishing-toolkit/; https://www.welivesecurity.com/en/cybercrime/eviltokens-phishing-doesnt-steal-password/,2,2,,,,,
suctwocesonesstory.com,domain,high,BleepingComputer; ESET WeLiveSecurity,2026-07-03,ARToken PhaaS exposes EvilTokens' Microsoft 365 phishing toolkit; EvilTokens: A phishing attack that doesn’t steal your password,https://www.bleepingcomputer.com/news/security/artoken-phaas-exposes-eviltokens-microsoft-365-phishing-toolkit/; https://www.welivesecurity.com/en/cybercrime/eviltokens-phishing-doesnt-steal-password/,2,2,,,,,
topbuysella.com,domain,high,BleepingComputer; ESET WeLiveSecurity,2026-07-03,ARToken PhaaS exposes EvilTokens' Microsoft 365 phishing toolkit; EvilTokens: A phishing attack that doesn’t steal your password,https://www.bleepingcomputer.com/news/security/artoken-phaas-exposes-eviltokens-microsoft-365-phishing-toolkit/; https://www.welivesecurity.com/en/cybercrime/eviltokens-phishing-doesnt-steal-password/,2,2,,,,,
update.youcreadio.cfd,domain,high,BleepingComputer,2026-07-03,ARToken PhaaS exposes EvilTokens' Microsoft 365 phishing toolkit,https://www.bleepingcomputer.com/news/security/artoken-phaas-exposes-eviltokens-microsoft-365-phishing-toolkit/,1,1,,,,,
well.atlantaperlnatal.com,domain,high,BleepingComputer,2026-07-03,ARToken PhaaS exposes EvilTokens' Microsoft 365 phishing toolkit,https://www.bleepingcomputer.com/news/security/artoken-phaas-exposes-eviltokens-microsoft-365-phishing-toolkit/,1,1,,,,,
youremplregroup.com,domain,high,BleepingComputer; ESET WeLiveSecurity,2026-07-03,ARToken PhaaS exposes EvilTokens' Microsoft 365 phishing toolkit; EvilTokens: A phishing attack that doesn’t steal your password,https://www.bleepingcomputer.com/news/security/artoken-phaas-exposes-eviltokens-microsoft-365-phishing-toolkit/; https://www.welivesecurity.com/en/cybercrime/eviltokens-phishing-doesnt-steal-password/,2,2,,,,,
104.21.91.170,ipv4,high,ESET WeLiveSecurity,2026-07-03,Cyber readiness for SMBs: Getting the basics right,https://www.welivesecurity.com/en/business-security/cyber-readiness-smbs-getting-basics-right/,1,1,,,,,
52.222.205.45,ipv4,high,ESET WeLiveSecurity,2026-07-03,Cyber readiness for SMBs: Getting the basics right,https://www.welivesecurity.com/en/business-security/cyber-readiness-smbs-getting-basics-right/,1,1,,,,,
54.67.2.84,ipv4,high,ESET WeLiveSecurity,2026-07-03,Cyber readiness for SMBs: Getting the basics right,https://www.welivesecurity.com/en/business-security/cyber-readiness-smbs-getting-basics-right/,1,1,,,,,
076801bd9c6eb78fc0331a4c7a22c73199cc3824,sha1,high,ESET WeLiveSecurity,2026-07-03,Cyber readiness for SMBs: Getting the basics right,https://www.welivesecurity.com/en/business-security/cyber-readiness-smbs-getting-basics-right/,1,1,,,,,
161cdcdb46fb8a348aec609a86ff5823752065d2,sha1,high,ESET WeLiveSecurity,2026-07-03,Cyber readiness for SMBs: Getting the basics right,https://www.welivesecurity.com/en/business-security/cyber-readiness-smbs-getting-basics-right/,1,1,,,,,
24bf7b72f54aa5b93c6681b4f69e579a47d7c102,sha1,high,ESET WeLiveSecurity,2026-07-03,Cyber readiness for SMBs: Getting the basics right,https://www.welivesecurity.com/en/business-security/cyber-readiness-smbs-getting-basics-right/,1,1,,,,,
375d7423e63c8f5f2cc814e8cfe697ba25168afa,sha1,high,ESET WeLiveSecurity,2026-07-03,Cyber readiness for SMBs: Getting the basics right,https://www.welivesecurity.com/en/business-security/cyber-readiness-smbs-getting-basics-right/,1,1,,,,,
3978ac5cd14e357320e127d6c87f10cb70a1dcc2,sha1,high,ESET WeLiveSecurity,2026-07-03,Cyber readiness for SMBs: Getting the basics right,https://www.welivesecurity.com/en/business-security/cyber-readiness-smbs-getting-basics-right/,1,1,,,,,
639dbc9b365096d6347142fcae64725bd9f73270,sha1,high,ESET WeLiveSecurity,2026-07-03,Cyber readiness for SMBs: Getting the basics right,https://www.welivesecurity.com/en/business-security/cyber-readiness-smbs-getting-basics-right/,1,1,,,,,
6bbc9ab132ba066f63676e05da13d108598bc29b,sha1,high,ESET WeLiveSecurity,2026-07-03,Cyber readiness for SMBs: Getting the basics right,https://www.welivesecurity.com/en/business-security/cyber-readiness-smbs-getting-basics-right/,1,1,,,,,
8364730e9bb2cf3a4b016de1b34f38341c0ee2fa,sha1,high,ESET WeLiveSecurity,2026-07-03,Cyber readiness for SMBs: Getting the basics right,https://www.welivesecurity.com/en/business-security/cyber-readiness-smbs-getting-basics-right/,1,1,,,,,
8c7bcafce90f5fb121131ecb27346ecfc6e961c5,sha1,high,ESET WeLiveSecurity,2026-07-03,Cyber readiness for SMBs: Getting the basics right,https://www.welivesecurity.com/en/business-security/cyber-readiness-smbs-getting-basics-right/,1,1,,,,,
9b1723284e311794987997cb7e8814eb6014713f,sha1,high,ESET WeLiveSecurity,2026-07-03,Cyber readiness for SMBs: Getting the basics right,https://www.welivesecurity.com/en/business-security/cyber-readiness-smbs-getting-basics-right/,1,1,,,,,
ad223fe2bb4563446aee5227357bbfdc8ada3797,sha1,high,ESET WeLiveSecurity,2026-07-03,Cyber readiness for SMBs: Getting the basics right,https://www.welivesecurity.com/en/business-security/cyber-readiness-smbs-getting-basics-right/,1,1,,,,,
bb8fb75285bcd151132a3287f2786d4d91da58b8,sha1,high,ESET WeLiveSecurity,2026-07-03,Cyber readiness for SMBs: Getting the basics right,https://www.welivesecurity.com/en/business-security/cyber-readiness-smbs-getting-basics-right/,1,1,,,,,
c14e9b062ed28115ede096788f62b47a6ed841ac,sha1,high,ESET WeLiveSecurity,2026-07-03,Cyber readiness for SMBs: Getting the basics right,https://www.welivesecurity.com/en/business-security/cyber-readiness-smbs-getting-basics-right/,1,1,,,,,
e60d12017d2da579df87368f5596a0244621ae86,sha1,high,ESET WeLiveSecurity,2026-07-03,Cyber readiness for SMBs: Getting the basics right,https://www.welivesecurity.com/en/business-security/cyber-readiness-smbs-getting-basics-right/,1,1,,,,,
f3f4c40c344695388e10cbf29ddb18ef3b61f7ef,sha1,high,ESET WeLiveSecurity,2026-07-03,Cyber readiness for SMBs: Getting the basics right,https://www.welivesecurity.com/en/business-security/cyber-readiness-smbs-getting-basics-right/,1,1,,,,,
f8f4c5bc498bcce907dc975dd88be8d594629909,sha1,high,ESET WeLiveSecurity,2026-07-03,Cyber readiness for SMBs: Getting the basics right,https://www.welivesecurity.com/en/business-security/cyber-readiness-smbs-getting-basics-right/,1,1,,,,,
CVE-2025-11371,cve,crit,The Hacker News,2026-07-02,SharePoint RCE CVE-2026-45659 Added to CISA KEV After Active Exploitation,https://thehackernews.com/2026/07/sharepoint-rce-cve-2026-45659-added-to.html,1,1,,,,,
CVE-2025-14847,cve,crit,The Hacker News,2026-07-02,New ChocoPoC RAT Targets Vulnerability Researchers via Fake PoC Exploit Repos,https://thehackernews.com/2026/07/new-chocopoc-rat-targets-vulnerability.html,1,1,,,,,
CVE-2025-30066,cve,crit,StepSecurity; Snyk,2026-07-02,StepSecurity Maintained Actions Are Now Free for Public Repos; Harden-Runner detection: tj-actions/changed-files action is compromised; Reconstructing the TJ Actions Changed Files GitHub Actions Compromise,https://www.stepsecurity.io/blog/stepsecurity-maintained-actions-are-now-free-for-public-repos; https://www.stepsecurity.io/blog/harden-runner-detection-tj-actions-changed-files-action-is-compromised; https://snyk.io/blog/reconstructing-tj-actions-changed-files-github-actions-compromise/,2,3,,,,,
CVE-2025-55182,cve,crit,The Hacker News; Securelist (Kaspersky); SentinelLabs; StepSecurity; Snyk,2026-07-02,New ChocoPoC RAT Targets Vulnerability Researchers via Fake PoC Exploit Repos; StrikeShark: investigating a new campaign delivering Cobalt Strike through SharkLoader; PCPJack | Cloud Worm Evicts TeamPCP and Steals Credentials at Scale; Critical Remote Code Execution Vulnerabilities Discovered in React Server Components and Next.js; Security Advisory: Critical RCE Vulnerabilities in React Server Components (CVE-2025-55182),https://thehackernews.com/2026/07/new-chocopoc-rat-targets-vulnerability.html; https://securelist.com/strikeshark-campaign/120326/; https://www.sentinelone.com/labs/cloud-worm-evicts-teampcp-and-steals-credentials-at-scale/; https://www.stepsecurity.io/blog/critical-remote-code-execution-vulnerabilities-discovered-in-react-server-components-and-next-js; https://snyk.io/blog/security-advisory-critical-rce-vulnerabilities-react-server-components/,5,5,,,,,
CVE-2025-5777,cve,crit,The Hacker News,2026-07-02,"Ransomware Groups Turn to Citrix Bleed 2, BYOVD, and Supply Chain Credentials",https://thehackernews.com/2026/07/ransomware-groups-turn-to-citrix-bleed.html,1,1,,,,,
CVE-2025-64446,cve,crit,The Hacker News,2026-07-02,New ChocoPoC RAT Targets Vulnerability Researchers via Fake PoC Exploit Repos,https://thehackernews.com/2026/07/new-chocopoc-rat-targets-vulnerability.html,1,1,,,,,
CVE-2026-0257,cve,crit,The Hacker News; Unit 42 (Palo Alto),2026-07-02,New ChocoPoC RAT Targets Vulnerability Researchers via Fake PoC Exploit Repos; Threat Brief: Active Exploitation of PAN-OS CVE-2026-0257,https://thehackernews.com/2026/07/new-chocopoc-rat-targets-vulnerability.html; https://unit42.paloaltonetworks.com/active-exploitation-of-pan-os-cve-2026-0257/,2,2,,,,,
CVE-2026-10520,cve,crit,The Hacker News,2026-07-02,New ChocoPoC RAT Targets Vulnerability Researchers via Fake PoC Exploit Repos,https://thehackernews.com/2026/07/new-chocopoc-rat-targets-vulnerability.html,1,1,,,,,
CVE-2026-33634,cve,crit,StepSecurity; Aikido,2026-07-02,10 Layers Deep: How StepSecurity Stops TeamPCP's Trivy Supply Chain Attack on GitHub Actions; Popular telnyx package compromised on PyPI by TeamPCP,https://www.stepsecurity.io/blog/10-layers-deep-how-stepsecurity-stops-teampcps-trivy-supply-chain-attack-on-github-actions; https://www.aikido.dev/blog/telnyx-pypi-compromised-teampcp-canisterworm,2,2,,,,,
CVE-2026-35616,cve,crit,The Hacker News,2026-07-02,FortiBleed Credential Theft Linked to INC and Lynx Ransomware Operations,https://thehackernews.com/2026/07/fortibleed-credential-theft-linked-to.html,1,1,,,,,
CVE-2026-45659,cve,crit,The Hacker News,2026-07-02,SharePoint RCE CVE-2026-45659 Added to CISA KEV After Active Exploitation,https://thehackernews.com/2026/07/sharepoint-rce-cve-2026-45659-added-to.html,1,1,,,,,
CVE-2026-48908,cve,crit,The Hacker News,2026-07-02,New ChocoPoC RAT Targets Vulnerability Researchers via Fake PoC Exploit Repos,https://thehackernews.com/2026/07/new-chocopoc-rat-targets-vulnerability.html,1,1,,,,,
CVE-2026-50751,cve,crit,The Hacker News,2026-07-02,New ChocoPoC RAT Targets Vulnerability Researchers via Fake PoC Exploit Repos,https://thehackernews.com/2026/07/new-chocopoc-rat-targets-vulnerability.html,1,1,,,,,
api.service.bio,domain,crit,The Hacker News,2026-07-02,"ThreatsDay: AI Compute Hijacking, Apple Email Flaw, BlueHammer Ransomware + 14 Stories",https://thehackernews.com/2026/07/threatsday-ai-compute-hijacking-apple.html,1,1,,,,,
audit.checkmarx.cx,domain,crit,StepSecurity; Unit 42 (Palo Alto); Aikido,2026-07-02,"10 Layers Deep: How StepSecurity Stops TeamPCP's Trivy Supply Chain Attack on GitHub Actions; The npm Threat Landscape: Attack Surface and Mitigations (Updated June 2); Bitwarden CLI Hijacked on npm: Bun-Staged Credential Stealer Targets Developers, GitHub Actions, and AI Tools; Is Shai-Hulud Back? Compromised Bitwarden CLI Contains a Self-Propagating npm Worm",https://www.stepsecurity.io/blog/10-layers-deep-how-stepsecurity-stops-teampcps-trivy-supply-chain-attack-on-github-actions; https://unit42.paloaltonetworks.com/monitoring-npm-supply-chain-attacks/; https://www.stepsecurity.io/blog/bitwarden-cli-hijacked-on-npm-bun-staged-credential-stealer-targets-developers-github-actions-and-ai-tools; https://www.aikido.dev/blog/shai-hulud-npm-bitwarden-cli-compromise,3,4,,,,,
checkmarx.zone,domain,crit,StepSecurity; Snyk; Aikido,2026-07-02,"10 Layers Deep: How StepSecurity Stops TeamPCP's Trivy Supply Chain Attack on GitHub Actions; You Patched LiteLLM, But Do You Know Your AI Blast Radius?; litellm: Credential Stealer Hidden in PyPI Wheel; Popular telnyx package compromised on PyPI by TeamPCP; Checkmarx KICS GitHub Action Compromised: Malware Injected in All Git Tags; How a Poisoned Security Scanner Became the Key to Backdooring LiteLLM",https://www.stepsecurity.io/blog/10-layers-deep-how-stepsecurity-stops-teampcps-trivy-supply-chain-attack-on-github-actions; https://snyk.io/blog/litellm-ai-blast-radius/; https://www.stepsecurity.io/blog/litellm-credential-stealer-hidden-in-pypi-wheel; https://www.aikido.dev/blog/telnyx-pypi-compromised-teampcp-canisterworm; https://www.stepsecurity.io/blog/checkmarx-kics-github-action-compromised-malware-injected-in-all-git-tags; https://snyk.io/blog/poisoned-security-scanner-backdooring-litellm/,3,6,,,,,
models.litellm.cloud,domain,crit,StepSecurity; Snyk,2026-07-02,"10 Layers Deep: How StepSecurity Stops TeamPCP's Trivy Supply Chain Attack on GitHub Actions; You Patched LiteLLM, But Do You Know Your AI Blast Radius?; litellm: Credential Stealer Hidden in PyPI Wheel; How a Poisoned Security Scanner Became the Key to Backdooring LiteLLM",https://www.stepsecurity.io/blog/10-layers-deep-how-stepsecurity-stops-teampcps-trivy-supply-chain-attack-on-github-actions; https://snyk.io/blog/litellm-ai-blast-radius/; https://www.stepsecurity.io/blog/litellm-credential-stealer-hidden-in-pypi-wheel; https://snyk.io/blog/poisoned-security-scanner-backdooring-litellm/,2,4,,,,,
scan.aquasecurtiy.org,domain,crit,StepSecurity,2026-07-02,"10 Layers Deep: How StepSecurity Stops TeamPCP's Trivy Supply Chain Attack on GitHub Actions; CanisterWorm: How a Self-Propagating npm Worm Is Spreading Backdoors Across the Ecosystem; Trivy Compromised a Second Time - Malicious v0.69.4 Release, aquasecurity/setup-trivy, aquasecurity/trivy-action GitHub Actions Compromised",https://www.stepsecurity.io/blog/10-layers-deep-how-stepsecurity-stops-teampcps-trivy-supply-chain-attack-on-github-actions; https://www.stepsecurity.io/blog/canisterworm-how-a-self-propagating-npm-worm-is-spreading-backdoors-across-the-ecosystem; https://www.stepsecurity.io/blog/trivy-compromised-a-second-time---malicious-v0-69-4-release,1,3,,,,,
security-updater.com,domain,crit,BleepingComputer,2026-07-02,ConsentFix and ClickFix: How Microsoft 365 Accounts are Hijacked in 3 Seconds,https://www.bleepingcomputer.com/news/security/consentfix-and-clickfix-how-microsoft-365-accounts-are-hijacked-in-3-seconds/,1,1,,,,,
tdtqy-oyaaa-aaaae-af2dq-cai.raw.icp0.io,domain,crit,StepSecurity; Snyk; Aikido,2026-07-02,"10 Layers Deep: How StepSecurity Stops TeamPCP's Trivy Supply Chain Attack on GitHub Actions; You Patched LiteLLM, But Do You Know Your AI Blast Radius?; CanisterWorm: How a Self-Propagating npm Worm Is Spreading Backdoors Across the Ecosystem; CanisterWorm Gets Teeth: TeamPCP's Kubernetes Wiper Targets Iran; TeamPCP deploys CanisterWorm on NPM following Trivy compromise",https://www.stepsecurity.io/blog/10-layers-deep-how-stepsecurity-stops-teampcps-trivy-supply-chain-attack-on-github-actions; https://snyk.io/blog/litellm-ai-blast-radius/; https://www.stepsecurity.io/blog/canisterworm-how-a-self-propagating-npm-worm-is-spreading-backdoors-across-the-ecosystem; https://www.aikido.dev/blog/teampcp-stage-payload-canisterworm-iran; https://www.aikido.dev/blog/teampcp-deploys-worm-npm-trivy-compromise,3,5,,,,,
185.220.101.15,ipv4,crit,The Hacker News,2026-07-02,FortiBleed Credential Theft Linked to INC and Lynx Ransomware Operations,https://thehackernews.com/2026/07/fortibleed-credential-theft-linked-to.html,1,1,,,,,
192.42.116.14,ipv4,crit,The Hacker News,2026-07-02,FortiBleed Credential Theft Linked to INC and Lynx Ransomware Operations,https://thehackernews.com/2026/07/fortibleed-credential-theft-linked-to.html,1,1,,,,,
45.148.10.212,ipv4,crit,StepSecurity,2026-07-02,10 Layers Deep: How StepSecurity Stops TeamPCP's Trivy Supply Chain Attack on GitHub Actions,https://www.stepsecurity.io/blog/10-layers-deep-how-stepsecurity-stops-teampcps-trivy-supply-chain-attack-on-github-actions,1,1,,,,,
81.177.215.15,ipv4,crit,The Hacker News; Securelist (Kaspersky),2026-07-02,"Ransomware Groups Turn to Citrix Bleed 2, BYOVD, and Supply Chain Credentials; The Gentlemen are knocking: сustom backdoors and evolving tactics",https://thehackernews.com/2026/07/ransomware-groups-turn-to-citrix-bleed.html; https://securelist.com/the-gentlemen-raas/120447/,2,2,,,,,
83.138.53.110,ipv4,crit,The Hacker News,2026-07-02,FortiBleed Credential Theft Linked to INC and Lynx Ransomware Operations,https://thehackernews.com/2026/07/fortibleed-credential-theft-linked-to.html,1,1,,,,,
83.142.209.203,ipv4,crit,StepSecurity; Snyk; Aikido,2026-07-02,"10 Layers Deep: How StepSecurity Stops TeamPCP's Trivy Supply Chain Attack on GitHub Actions; TeamPCP Plants WAV Steganography Credential Stealer in telnyx PyPI Package; You Patched LiteLLM, But Do You Know Your AI Blast Radius?; Popular telnyx package compromised on PyPI by TeamPCP",https://www.stepsecurity.io/blog/10-layers-deep-how-stepsecurity-stops-teampcps-trivy-supply-chain-attack-on-github-actions; https://www.stepsecurity.io/blog/teampcp-plants-wav-steganography-credential-stealer-in-telnyx-pypi-package; https://snyk.io/blog/litellm-ai-blast-radius/; https://www.aikido.dev/blog/telnyx-pypi-compromised-teampcp-canisterworm,3,4,,,,,
91.132.163.78,ipv4,crit,The Hacker News,2026-07-02,New ChocoPoC RAT Targets Vulnerability Researchers via Fake PoC Exploit Repos,https://thehackernews.com/2026/07/new-chocopoc-rat-targets-vulnerability.html,1,1,,,,,
94.154.172.43,ipv4,crit,StepSecurity; Unit 42 (Palo Alto),2026-07-02,"10 Layers Deep: How StepSecurity Stops TeamPCP's Trivy Supply Chain Attack on GitHub Actions; The npm Threat Landscape: Attack Surface and Mitigations (Updated June 2); Bitwarden CLI Hijacked on npm: Bun-Staged Credential Stealer Targets Developers, GitHub Actions, and AI Tools",https://www.stepsecurity.io/blog/10-layers-deep-how-stepsecurity-stops-teampcps-trivy-supply-chain-attack-on-github-actions; https://unit42.paloaltonetworks.com/monitoring-npm-supply-chain-attacks/; https://www.stepsecurity.io/blog/bitwarden-cli-hijacked-on-npm-bun-staged-credential-stealer-targets-developers-github-actions-and-ai-tools,2,3,,,,,
02944c8a5535cdb5b2cbb893db2d5acf,md5,crit,The Hacker News; Securelist (Kaspersky),2026-07-02,"Ransomware Groups Turn to Citrix Bleed 2, BYOVD, and Supply Chain Credentials; The Gentlemen are knocking: сustom backdoors and evolving tactics",https://thehackernews.com/2026/07/ransomware-groups-turn-to-citrix-bleed.html; https://securelist.com/the-gentlemen-raas/120447/,2,2,,,,,
10ca9a4040001560d053b7e7885c1b95,md5,crit,The Hacker News; Securelist (Kaspersky),2026-07-02,"Ransomware Groups Turn to Citrix Bleed 2, BYOVD, and Supply Chain Credentials; The Gentlemen are knocking: сustom backdoors and evolving tactics",https://thehackernews.com/2026/07/ransomware-groups-turn-to-citrix-bleed.html; https://securelist.com/the-gentlemen-raas/120447/,2,2,,,,,
1ab58838e5790efb22f2d35ab98c0b7d,md5,crit,The Hacker News; Securelist (Kaspersky),2026-07-02,ToddyCat-Linked Umbrij Malware Abuses OAuth to Access Gmail via Google API; ToddyCat: your hidden email assistant. Part 2,https://thehackernews.com/2026/07/toddycat-linked-umbrij-malware-abuses.html; https://securelist.com/toddycat-apt-umbrij-tool-and-oauth/120251/,2,2,,,,,
22aaeb4946ba6d2f2e27feb7dbb295de,md5,crit,The Hacker News; Securelist (Kaspersky),2026-07-02,ToddyCat-Linked Umbrij Malware Abuses OAuth to Access Gmail via Google API; ToddyCat: your hidden email assistant. Part 2,https://thehackernews.com/2026/07/toddycat-linked-umbrij-malware-abuses.html; https://securelist.com/toddycat-apt-umbrij-tool-and-oauth/120251/,2,2,,,,,
28cb7b261f4eb97e8a4b3b0d32f8def1,md5,crit,The Hacker News; Securelist (Kaspersky),2026-07-02,ToddyCat-Linked Umbrij Malware Abuses OAuth to Access Gmail via Google API; ToddyCat: your hidden email assistant. Part 2,https://thehackernews.com/2026/07/toddycat-linked-umbrij-malware-abuses.html; https://securelist.com/toddycat-apt-umbrij-tool-and-oauth/120251/,2,2,,,,,
338662fd0c4d750a0ba203a32b59f081,md5,crit,The Hacker News,2026-07-02,FortiBleed Credential Theft Linked to INC and Lynx Ransomware Operations,https://thehackernews.com/2026/07/fortibleed-credential-theft-linked-to.html,1,1,,,,,
3432dd9ac0df80ef86eb80bd080f839b,md5,crit,The Hacker News; Securelist (Kaspersky),2026-07-02,ToddyCat-Linked Umbrij Malware Abuses OAuth to Access Gmail via Google API; ToddyCat: your hidden email assistant. Part 2,https://thehackernews.com/2026/07/toddycat-linked-umbrij-malware-abuses.html; https://securelist.com/toddycat-apt-umbrij-tool-and-oauth/120251/,2,2,,,,,
3b46a729db7ae6af8b19711c9452194d,md5,crit,The Hacker News; Securelist (Kaspersky),2026-07-02,"Ransomware Groups Turn to Citrix Bleed 2, BYOVD, and Supply Chain Credentials; The Gentlemen are knocking: сustom backdoors and evolving tactics",https://thehackernews.com/2026/07/ransomware-groups-turn-to-citrix-bleed.html; https://securelist.com/the-gentlemen-raas/120447/,2,2,,,,,
3c471ebc947cdf32240a90ffadf49b13,md5,crit,The Hacker News; Securelist (Kaspersky),2026-07-02,"Ransomware Groups Turn to Citrix Bleed 2, BYOVD, and Supply Chain Credentials; The Gentlemen are knocking: сustom backdoors and evolving tactics",https://thehackernews.com/2026/07/ransomware-groups-turn-to-citrix-bleed.html; https://securelist.com/the-gentlemen-raas/120447/,2,2,,,,,
3d3a621f852c42d97fd7260681e42508,md5,crit,The Hacker News; Securelist (Kaspersky),2026-07-02,ToddyCat-Linked Umbrij Malware Abuses OAuth to Access Gmail via Google API; ToddyCat: your hidden email assistant. Part 2,https://thehackernews.com/2026/07/toddycat-linked-umbrij-malware-abuses.html; https://securelist.com/toddycat-apt-umbrij-tool-and-oauth/120251/,2,2,,,,,
407b6a136bbaa7172eb44ef9d08bb58a,md5,crit,The Hacker News; Securelist (Kaspersky),2026-07-02,"Ransomware Groups Turn to Citrix Bleed 2, BYOVD, and Supply Chain Credentials; The Gentlemen are knocking: сustom backdoors and evolving tactics",https://thehackernews.com/2026/07/ransomware-groups-turn-to-citrix-bleed.html; https://securelist.com/the-gentlemen-raas/120447/,2,2,,,,,
4be8bb62f0ebbcf4ce52c35ab6f794f5,md5,crit,The Hacker News; Securelist (Kaspersky),2026-07-02,"Ransomware Groups Turn to Citrix Bleed 2, BYOVD, and Supply Chain Credentials; The Gentlemen are knocking: сustom backdoors and evolving tactics",https://thehackernews.com/2026/07/ransomware-groups-turn-to-citrix-bleed.html; https://securelist.com/the-gentlemen-raas/120447/,2,2,,,,,
525ef6014f0ef20e44fe47c1d9980b69,md5,crit,The Hacker News; Securelist (Kaspersky),2026-07-02,"Ransomware Groups Turn to Citrix Bleed 2, BYOVD, and Supply Chain Credentials; The Gentlemen are knocking: сustom backdoors and evolving tactics",https://thehackernews.com/2026/07/ransomware-groups-turn-to-citrix-bleed.html; https://securelist.com/the-gentlemen-raas/120447/,2,2,,,,,
53c616677bc7e2a0a03127f19166d007,md5,crit,The Hacker News; Securelist (Kaspersky),2026-07-02,"Ransomware Groups Turn to Citrix Bleed 2, BYOVD, and Supply Chain Credentials; The Gentlemen are knocking: сustom backdoors and evolving tactics",https://thehackernews.com/2026/07/ransomware-groups-turn-to-citrix-bleed.html; https://securelist.com/the-gentlemen-raas/120447/,2,2,,,,,
554e699c96b332468f1ae69c1ae81ef9,md5,crit,The Hacker News; Securelist (Kaspersky),2026-07-02,"Ransomware Groups Turn to Citrix Bleed 2, BYOVD, and Supply Chain Credentials; The Gentlemen are knocking: сustom backdoors and evolving tactics",https://thehackernews.com/2026/07/ransomware-groups-turn-to-citrix-bleed.html; https://securelist.com/the-gentlemen-raas/120447/,2,2,,,,,
5761bd63da03686fc480245da7bd1e9f,md5,crit,The Hacker News; Securelist (Kaspersky),2026-07-02,"Ransomware Groups Turn to Citrix Bleed 2, BYOVD, and Supply Chain Credentials; The Gentlemen are knocking: сustom backdoors and evolving tactics",https://thehackernews.com/2026/07/ransomware-groups-turn-to-citrix-bleed.html; https://securelist.com/the-gentlemen-raas/120447/,2,2,,,,,
5c3b9821fc82a9028cb63b9671950919,md5,crit,The Hacker News; Securelist (Kaspersky),2026-07-02,"Ransomware Groups Turn to Citrix Bleed 2, BYOVD, and Supply Chain Credentials; The Gentlemen are knocking: сustom backdoors and evolving tactics",https://thehackernews.com/2026/07/ransomware-groups-turn-to-citrix-bleed.html; https://securelist.com/the-gentlemen-raas/120447/,2,2,,,,,
5f0b2c6d9f442754258bf4dd841c8341,md5,crit,The Hacker News; Securelist (Kaspersky),2026-07-02,"Ransomware Groups Turn to Citrix Bleed 2, BYOVD, and Supply Chain Credentials; The Gentlemen are knocking: сustom backdoors and evolving tactics",https://thehackernews.com/2026/07/ransomware-groups-turn-to-citrix-bleed.html; https://securelist.com/the-gentlemen-raas/120447/,2,2,,,,,
608faf58353b65c45ef9833358ac3787,md5,crit,The Hacker News; Securelist (Kaspersky),2026-07-02,"Ransomware Groups Turn to Citrix Bleed 2, BYOVD, and Supply Chain Credentials; The Gentlemen are knocking: сustom backdoors and evolving tactics",https://thehackernews.com/2026/07/ransomware-groups-turn-to-citrix-bleed.html; https://securelist.com/the-gentlemen-raas/120447/,2,2,,,,,
6ae7c9a7ea0b8c40a64225734f6bd01d,md5,crit,The Hacker News; Securelist (Kaspersky),2026-07-02,"Ransomware Groups Turn to Citrix Bleed 2, BYOVD, and Supply Chain Credentials; The Gentlemen are knocking: сustom backdoors and evolving tactics",https://thehackernews.com/2026/07/ransomware-groups-turn-to-citrix-bleed.html; https://securelist.com/the-gentlemen-raas/120447/,2,2,,,,,
73f0a8c3ea794a04e80c32038249f044,md5,crit,The Hacker News; Securelist (Kaspersky),2026-07-02,"Ransomware Groups Turn to Citrix Bleed 2, BYOVD, and Supply Chain Credentials; The Gentlemen are knocking: сustom backdoors and evolving tactics",https://thehackernews.com/2026/07/ransomware-groups-turn-to-citrix-bleed.html; https://securelist.com/the-gentlemen-raas/120447/,2,2,,,,,
846dc77c1246db20d976346e0e359502,md5,crit,The Hacker News; Securelist (Kaspersky),2026-07-02,"Ransomware Groups Turn to Citrix Bleed 2, BYOVD, and Supply Chain Credentials; The Gentlemen are knocking: сustom backdoors and evolving tactics",https://thehackernews.com/2026/07/ransomware-groups-turn-to-citrix-bleed.html; https://securelist.com/the-gentlemen-raas/120447/,2,2,,,,,
8f0577d28c4ff5f71b149f444bfaba8e,md5,crit,The Hacker News; Securelist (Kaspersky),2026-07-02,"Ransomware Groups Turn to Citrix Bleed 2, BYOVD, and Supply Chain Credentials; The Gentlemen are knocking: сustom backdoors and evolving tactics",https://thehackernews.com/2026/07/ransomware-groups-turn-to-citrix-bleed.html; https://securelist.com/the-gentlemen-raas/120447/,2,2,,,,,
9321a61a25c7961d9f36852ecaa86f55,md5,crit,The Hacker News; Securelist (Kaspersky),2026-07-02,"Ransomware Groups Turn to Citrix Bleed 2, BYOVD, and Supply Chain Credentials; The Gentlemen are knocking: сustom backdoors and evolving tactics",https://thehackernews.com/2026/07/ransomware-groups-turn-to-citrix-bleed.html; https://securelist.com/the-gentlemen-raas/120447/,2,2,,,,,
9f5f2f0fb0a7f5aa9f16b9a7b6dad89f,md5,crit,The Hacker News; Securelist (Kaspersky),2026-07-02,ToddyCat-Linked Umbrij Malware Abuses OAuth to Access Gmail via Google API; ToddyCat: your hidden email assistant. Part 2,https://thehackernews.com/2026/07/toddycat-linked-umbrij-malware-abuses.html; https://securelist.com/toddycat-apt-umbrij-tool-and-oauth/120251/,2,2,,,,,
a7d7d6c4c3f227f7117261c63b9e23a9,md5,crit,The Hacker News; Securelist (Kaspersky),2026-07-02,ToddyCat-Linked Umbrij Malware Abuses OAuth to Access Gmail via Google API; ToddyCat: your hidden email assistant. Part 2,https://thehackernews.com/2026/07/toddycat-linked-umbrij-malware-abuses.html; https://securelist.com/toddycat-apt-umbrij-tool-and-oauth/120251/,2,2,,,,,
adac9984b3cc43d66a0d33079bbec299,md5,crit,The Hacker News; Securelist (Kaspersky),2026-07-02,"Ransomware Groups Turn to Citrix Bleed 2, BYOVD, and Supply Chain Credentials; The Gentlemen are knocking: сustom backdoors and evolving tactics",https://thehackernews.com/2026/07/ransomware-groups-turn-to-citrix-bleed.html; https://securelist.com/the-gentlemen-raas/120447/,2,2,,,,,
ae0e536766788478263bf448a9381641,md5,crit,The Hacker News; Securelist (Kaspersky),2026-07-02,"Ransomware Groups Turn to Citrix Bleed 2, BYOVD, and Supply Chain Credentials; The Gentlemen are knocking: сustom backdoors and evolving tactics",https://thehackernews.com/2026/07/ransomware-groups-turn-to-citrix-bleed.html; https://securelist.com/the-gentlemen-raas/120447/,2,2,,,,,
b3e418d30312c1b2c58a791286868f42,md5,crit,The Hacker News; Securelist (Kaspersky),2026-07-02,"Ransomware Groups Turn to Citrix Bleed 2, BYOVD, and Supply Chain Credentials; The Gentlemen are knocking: сustom backdoors and evolving tactics",https://thehackernews.com/2026/07/ransomware-groups-turn-to-citrix-bleed.html; https://securelist.com/the-gentlemen-raas/120447/,2,2,,,,,
b6b51508ad6f462c45fe102c85d246c8,md5,crit,The Hacker News; Securelist (Kaspersky),2026-07-02,"Ransomware Groups Turn to Citrix Bleed 2, BYOVD, and Supply Chain Credentials; The Gentlemen are knocking: сustom backdoors and evolving tactics",https://thehackernews.com/2026/07/ransomware-groups-turn-to-citrix-bleed.html; https://securelist.com/the-gentlemen-raas/120447/,2,2,,,,,
b9986a0f1f1f1a798dc3f0c59a80a1a3,md5,crit,The Hacker News; Securelist (Kaspersky),2026-07-02,"Ransomware Groups Turn to Citrix Bleed 2, BYOVD, and Supply Chain Credentials; The Gentlemen are knocking: сustom backdoors and evolving tactics",https://thehackernews.com/2026/07/ransomware-groups-turn-to-citrix-bleed.html; https://securelist.com/the-gentlemen-raas/120447/,2,2,,,,,
bae82a15d1dbfb024617b9b56a8e5f66,md5,crit,The Hacker News; Securelist (Kaspersky),2026-07-02,ToddyCat-Linked Umbrij Malware Abuses OAuth to Access Gmail via Google API; ToddyCat: your hidden email assistant. Part 2,https://thehackernews.com/2026/07/toddycat-linked-umbrij-malware-abuses.html; https://securelist.com/toddycat-apt-umbrij-tool-and-oauth/120251/,2,2,,,,,
c2764744dcb4b0e1db79ca1e8bf65368,md5,crit,The Hacker News; Securelist (Kaspersky),2026-07-02,"Ransomware Groups Turn to Citrix Bleed 2, BYOVD, and Supply Chain Credentials; The Gentlemen are knocking: сustom backdoors and evolving tactics",https://thehackernews.com/2026/07/ransomware-groups-turn-to-citrix-bleed.html; https://securelist.com/the-gentlemen-raas/120447/,2,2,,,,,
d12a5b36dd00586cc374a1cae43efed4,md5,crit,The Hacker News; Securelist (Kaspersky),2026-07-02,"Ransomware Groups Turn to Citrix Bleed 2, BYOVD, and Supply Chain Credentials; The Gentlemen are knocking: сustom backdoors and evolving tactics",https://thehackernews.com/2026/07/ransomware-groups-turn-to-citrix-bleed.html; https://securelist.com/the-gentlemen-raas/120447/,2,2,,,,,
d2f72897e8986303d5567eb2384932b8,md5,crit,The Hacker News; Securelist (Kaspersky),2026-07-02,"Ransomware Groups Turn to Citrix Bleed 2, BYOVD, and Supply Chain Credentials; The Gentlemen are knocking: сustom backdoors and evolving tactics",https://thehackernews.com/2026/07/ransomware-groups-turn-to-citrix-bleed.html; https://securelist.com/the-gentlemen-raas/120447/,2,2,,,,,
de1522f9219497632f30f8a6e72f26b6,md5,crit,The Hacker News; Securelist (Kaspersky),2026-07-02,"Ransomware Groups Turn to Citrix Bleed 2, BYOVD, and Supply Chain Credentials; The Gentlemen are knocking: сustom backdoors and evolving tactics",https://thehackernews.com/2026/07/ransomware-groups-turn-to-citrix-bleed.html; https://securelist.com/the-gentlemen-raas/120447/,2,2,,,,,
eef8a950952696b018aa9c6da2f5d7ad,md5,crit,The Hacker News; Securelist (Kaspersky),2026-07-02,"Ransomware Groups Turn to Citrix Bleed 2, BYOVD, and Supply Chain Credentials; The Gentlemen are knocking: сustom backdoors and evolving tactics",https://thehackernews.com/2026/07/ransomware-groups-turn-to-citrix-bleed.html; https://securelist.com/the-gentlemen-raas/120447/,2,2,,,,,
f169d6d172dfb775895a5e2b1540c854,md5,crit,The Hacker News; Securelist (Kaspersky),2026-07-02,ToddyCat-Linked Umbrij Malware Abuses OAuth to Access Gmail via Google API; ToddyCat: your hidden email assistant. Part 2,https://thehackernews.com/2026/07/toddycat-linked-umbrij-malware-abuses.html; https://securelist.com/toddycat-apt-umbrij-tool-and-oauth/120251/,2,2,,,,,
f61fbfb7aa1cd5dc8f70b055b51563e2,md5,crit,The Hacker News; Securelist (Kaspersky),2026-07-02,ToddyCat-Linked Umbrij Malware Abuses OAuth to Access Gmail via Google API; ToddyCat: your hidden email assistant. Part 2,https://thehackernews.com/2026/07/toddycat-linked-umbrij-malware-abuses.html; https://securelist.com/toddycat-apt-umbrij-tool-and-oauth/120251/,2,2,,,,,
fdae2beb813778b4540a997706862096,md5,crit,The Hacker News; Securelist (Kaspersky),2026-07-02,"Ransomware Groups Turn to Citrix Bleed 2, BYOVD, and Supply Chain Credentials; The Gentlemen are knocking: сustom backdoors and evolving tactics",https://thehackernews.com/2026/07/ransomware-groups-turn-to-citrix-bleed.html; https://securelist.com/the-gentlemen-raas/120447/,2,2,,,,,
0e58ed8671d6b60d0890c21b07f8835ace038e67,sha1,crit,StepSecurity; Snyk,2026-07-02,StepSecurity Maintained Actions Are Now Free for Public Repos; Harden-Runner detection: tj-actions/changed-files action is compromised; Reconstructing the TJ Actions Changed Files GitHub Actions Compromise,https://www.stepsecurity.io/blog/stepsecurity-maintained-actions-are-now-free-for-public-repos; https://www.stepsecurity.io/blog/harden-runner-detection-tj-actions-changed-files-action-is-compromised; https://snyk.io/blog/reconstructing-tj-actions-changed-files-github-actions-compromise/,2,3,,,,,
17e771c78430cc67e71d4547f8996a1a488e9d3f,sha1,crit,The Hacker News,2026-07-02,FortiBleed Credential Theft Linked to INC and Lynx Ransomware Operations,https://thehackernews.com/2026/07/fortibleed-credential-theft-linked-to.html,1,1,,,,,
0da123adf9251957a4b850a3f6bd6a753dd4892be176a84a18450e899534cc5e,sha256,crit,The Hacker News,2026-07-02,FortiBleed Credential Theft Linked to INC and Lynx Ransomware Operations,https://thehackernews.com/2026/07/fortibleed-credential-theft-linked-to.html,1,1,,,,,
2927bc31b4f8254c6b332fc03110a6373cad00ffa2ff9de427c26bb222017bb2,sha256,crit,The Hacker News,2026-07-02,FortiBleed Credential Theft Linked to INC and Lynx Ransomware Operations,https://thehackernews.com/2026/07/fortibleed-credential-theft-linked-to.html,1,1,,,,,
2f25ea1b622abf3212141af932c2ec4cbd6b2b5903c2a531121f691227d98cff,sha256,crit,The Hacker News,2026-07-02,FortiBleed Credential Theft Linked to INC and Lynx Ransomware Operations,https://thehackernews.com/2026/07/fortibleed-credential-theft-linked-to.html,1,1,,,,,
d91c00fad521e76efa89715cca89db487d5676f2c767c883482f9c8f82bd383a,sha256,crit,The Hacker News,2026-07-02,FortiBleed Credential Theft Linked to INC and Lynx Ransomware Operations,https://thehackernews.com/2026/07/fortibleed-credential-theft-linked-to.html,1,1,,,,,
fd65051c61a904a304919c04a8c8633c001183ac73ac461cd4d9057946f02bf5,sha256,crit,The Hacker News,2026-07-02,FortiBleed Credential Theft Linked to INC and Lynx Ransomware Operations,https://thehackernews.com/2026/07/fortibleed-credential-theft-linked-to.html,1,1,,,,,
CVE-2026-20230,cve,high,BleepingComputer,2026-07-02,Cisco finally confirms attackers exploiting Unified CM flaw,https://www.bleepingcomputer.com/news/security/cisco-finally-confirms-attackers-exploiting-unified-cm-flaw/,1,1,,,,,
CVE-2026-48558,cve,high,Cisco Talos,2026-07-02,Catan and Mouse,https://blog.talosintelligence.com/catan-and-mouse/,1,1,,,,,
156.146.38.167,ipv4,high,BleepingComputer,2026-07-02,Cisco finally confirms attackers exploiting Unified CM flaw,https://www.bleepingcomputer.com/news/security/cisco-finally-confirms-attackers-exploiting-unified-cm-flaw/,1,1,,,,,
2915b3f8b703eb744fc54c81f4a9c67f,md5,high,Cisco Talos,2026-07-02,"Catan and Mouse; Beyond IOCs: AI-enabled threat intelligence; Close Encounters of the Human Kind; A tale of two eras; Reporting from Vegas: Networking, AI, and good boys; Less panic patching, more precision",https://blog.talosintelligence.com/catan-and-mouse/; https://blog.talosintelligence.com/beyond-iocs-ai-enabled-threat-intelligence/; https://blog.talosintelligence.com/close-encounters-of-the-human-kind/; https://blog.talosintelligence.com/a-tale-of-two-eras/; https://blog.talosintelligence.com/reporting-from-vegas-networking-ai-and-good-boys/; https://blog.talosintelligence.com/less-panic-patching-more-precision/,1,6,,,,,
38de5b216c33833af710e88f7f64fc98,md5,high,Cisco Talos,2026-07-02,"Catan and Mouse; Beyond IOCs: AI-enabled threat intelligence; Close Encounters of the Human Kind; A tale of two eras; Reporting from Vegas: Networking, AI, and good boys; Less panic patching, more precision",https://blog.talosintelligence.com/catan-and-mouse/; https://blog.talosintelligence.com/beyond-iocs-ai-enabled-threat-intelligence/; https://blog.talosintelligence.com/close-encounters-of-the-human-kind/; https://blog.talosintelligence.com/a-tale-of-two-eras/; https://blog.talosintelligence.com/reporting-from-vegas-networking-ai-and-good-boys/; https://blog.talosintelligence.com/less-panic-patching-more-precision/,1,6,,,,,
41acb30b9d662d48b7b4fc0ac3d4b79f,md5,high,Cisco Talos,2026-07-02,Catan and Mouse; Beyond IOCs: AI-enabled threat intelligence,https://blog.talosintelligence.com/catan-and-mouse/; https://blog.talosintelligence.com/beyond-iocs-ai-enabled-threat-intelligence/,1,2,,,,,
bf9672ec85283fdf002d83662f0b08b7,md5,high,Cisco Talos,2026-07-02,"Catan and Mouse; Close Encounters of the Human Kind; Reporting from Vegas: Networking, AI, and good boys",https://blog.talosintelligence.com/catan-and-mouse/; https://blog.talosintelligence.com/close-encounters-of-the-human-kind/; https://blog.talosintelligence.com/reporting-from-vegas-networking-ai-and-good-boys/,1,3,,,,,
cc4d231df34e57f59eb970353c7d9de2,md5,high,Cisco Talos,2026-07-02,"Catan and Mouse; Beyond IOCs: AI-enabled threat intelligence; Reporting from Vegas: Networking, AI, and good boys; Less panic patching, more precision",https://blog.talosintelligence.com/catan-and-mouse/; https://blog.talosintelligence.com/beyond-iocs-ai-enabled-threat-intelligence/; https://blog.talosintelligence.com/reporting-from-vegas-networking-ai-and-good-boys/; https://blog.talosintelligence.com/less-panic-patching-more-precision/,1,4,,,,,
853baab97b1f3b03c1ffa55797e87867f5fb7ce33457411f56afd270cb395453,sha256,high,Cisco Talos,2026-07-02,Catan and Mouse; Beyond IOCs: AI-enabled threat intelligence,https://blog.talosintelligence.com/catan-and-mouse/; https://blog.talosintelligence.com/beyond-iocs-ai-enabled-threat-intelligence/,1,2,,,,,
9896a6fcb9bb5ac1ec5297b4a65be3f647589adf7c37b45f3f7466decd6a4a7f,sha256,high,Cisco Talos,2026-07-02,"Catan and Mouse; Beyond IOCs: AI-enabled threat intelligence; Close Encounters of the Human Kind; A tale of two eras; Reporting from Vegas: Networking, AI, and good boys; Less panic patching, more precision",https://blog.talosintelligence.com/catan-and-mouse/; https://blog.talosintelligence.com/beyond-iocs-ai-enabled-threat-intelligence/; https://blog.talosintelligence.com/close-encounters-of-the-human-kind/; https://blog.talosintelligence.com/a-tale-of-two-eras/; https://blog.talosintelligence.com/reporting-from-vegas-networking-ai-and-good-boys/; https://blog.talosintelligence.com/less-panic-patching-more-precision/,1,6,,,,,
9f1f11a708d393e0a4109ae189bc64f1f3e312653dcf317a2bd406f18ffcc507,sha256,high,Cisco Talos,2026-07-02,"Catan and Mouse; Beyond IOCs: AI-enabled threat intelligence; Close Encounters of the Human Kind; A tale of two eras; Reporting from Vegas: Networking, AI, and good boys; Less panic patching, more precision",https://blog.talosintelligence.com/catan-and-mouse/; https://blog.talosintelligence.com/beyond-iocs-ai-enabled-threat-intelligence/; https://blog.talosintelligence.com/close-encounters-of-the-human-kind/; https://blog.talosintelligence.com/a-tale-of-two-eras/; https://blog.talosintelligence.com/reporting-from-vegas-networking-ai-and-good-boys/; https://blog.talosintelligence.com/less-panic-patching-more-precision/,1,6,,,,,
afc8a00883a4ea07df2dc1d4ed02f8a23b35c9456413b438a2d9ce3ae5076638,sha256,high,Cisco Talos,2026-07-02,"Catan and Mouse; Beyond IOCs: AI-enabled threat intelligence; Reporting from Vegas: Networking, AI, and good boys; Less panic patching, more precision",https://blog.talosintelligence.com/catan-and-mouse/; https://blog.talosintelligence.com/beyond-iocs-ai-enabled-threat-intelligence/; https://blog.talosintelligence.com/reporting-from-vegas-networking-ai-and-good-boys/; https://blog.talosintelligence.com/less-panic-patching-more-precision/,1,4,,,,,
c0ad494457dcd9e964378760fb6aca86a23622045bca851d8f3ab49ec33978fe,sha256,high,Cisco Talos,2026-07-02,"Catan and Mouse; Close Encounters of the Human Kind; Reporting from Vegas: Networking, AI, and good boys",https://blog.talosintelligence.com/catan-and-mouse/; https://blog.talosintelligence.com/close-encounters-of-the-human-kind/; https://blog.talosintelligence.com/reporting-from-vegas-networking-ai-and-good-boys/,1,3,,,,,
CVE-2023-4863,cve,crit,The Hacker News; Snyk,2026-07-01,"AI-Generated Browser Ransomware Abuses Chromium API on Windows, Linux, macOS, Android; Critical WebP 0-day security CVE-2023-4863 impacts wider software ecosystem",https://thehackernews.com/2026/07/ai-generated-browser-ransomware-abuses.html; https://snyk.io/blog/critical-webp-0-day-cve-2023-4863/,2,2,,,,,
CVE-2024-31989,cve,crit,The Hacker News,2026-07-01,Unpatched Argo CD Repo-Server Flaw Could Let Attackers Take Over Kubernetes Clusters,https://thehackernews.com/2026/07/unpatched-argo-cd-repo-server-flaw.html,1,1,,,,,
CVE-2025-55190,cve,crit,The Hacker News,2026-07-01,Unpatched Argo CD Repo-Server Flaw Could Let Attackers Take Over Kubernetes Clusters,https://thehackernews.com/2026/07/unpatched-argo-cd-repo-server-flaw.html,1,1,,,,,
CVE-2026-10816,cve,crit,The Hacker News,2026-07-01,Citrix Patches Six NetScaler Flaws Allowing File Read and Denial-of-Service,https://thehackernews.com/2026/07/citrix-patches-six-netscaler-flaws.html,1,1,,,,,
CVE-2026-10817,cve,crit,The Hacker News,2026-07-01,Citrix Patches Six NetScaler Flaws Allowing File Read and Denial-of-Service,https://thehackernews.com/2026/07/citrix-patches-six-netscaler-flaws.html,1,1,,,,,
CVE-2026-13474,cve,crit,The Hacker News,2026-07-01,Citrix Patches Six NetScaler Flaws Allowing File Read and Denial-of-Service,https://thehackernews.com/2026/07/citrix-patches-six-netscaler-flaws.html,1,1,,,,,
CVE-2026-3055,cve,crit,The Hacker News,2026-07-01,Citrix Patches Six NetScaler Flaws Allowing File Read and Denial-of-Service,https://thehackernews.com/2026/07/citrix-patches-six-netscaler-flaws.html,1,1,,,,,
CVE-2026-42880,cve,crit,The Hacker News,2026-07-01,Unpatched Argo CD Repo-Server Flaw Could Let Attackers Take Over Kubernetes Clusters,https://thehackernews.com/2026/07/unpatched-argo-cd-repo-server-flaw.html,1,1,,,,,
CVE-2026-48276,cve,crit,The Hacker News,2026-07-01,SEO-Poisoned Software Sites Abuse ScreenConnect to Deploy AsyncRAT,https://thehackernews.com/2026/07/seo-poisoned-software-sites-abuse.html,1,1,,,,,
CVE-2026-48277,cve,crit,The Hacker News,2026-07-01,SEO-Poisoned Software Sites Abuse ScreenConnect to Deploy AsyncRAT,https://thehackernews.com/2026/07/seo-poisoned-software-sites-abuse.html,1,1,,,,,
CVE-2026-48281,cve,crit,The Hacker News,2026-07-01,SEO-Poisoned Software Sites Abuse ScreenConnect to Deploy AsyncRAT,https://thehackernews.com/2026/07/seo-poisoned-software-sites-abuse.html,1,1,,,,,
CVE-2026-48283,cve,crit,The Hacker News,2026-07-01,SEO-Poisoned Software Sites Abuse ScreenConnect to Deploy AsyncRAT,https://thehackernews.com/2026/07/seo-poisoned-software-sites-abuse.html,1,1,,,,,
CVE-2026-48286,cve,crit,The Hacker News,2026-07-01,SEO-Poisoned Software Sites Abuse ScreenConnect to Deploy AsyncRAT,https://thehackernews.com/2026/07/seo-poisoned-software-sites-abuse.html,1,1,,,,,
CVE-2026-48307,cve,crit,The Hacker News,2026-07-01,SEO-Poisoned Software Sites Abuse ScreenConnect to Deploy AsyncRAT,https://thehackernews.com/2026/07/seo-poisoned-software-sites-abuse.html,1,1,,,,,
CVE-2026-48313,cve,crit,The Hacker News,2026-07-01,SEO-Poisoned Software Sites Abuse ScreenConnect to Deploy AsyncRAT,https://thehackernews.com/2026/07/seo-poisoned-software-sites-abuse.html,1,1,,,,,
CVE-2026-48315,cve,crit,The Hacker News,2026-07-01,SEO-Poisoned Software Sites Abuse ScreenConnect to Deploy AsyncRAT,https://thehackernews.com/2026/07/seo-poisoned-software-sites-abuse.html,1,1,,,,,
CVE-2026-48316,cve,crit,The Hacker News,2026-07-01,SEO-Poisoned Software Sites Abuse ScreenConnect to Deploy AsyncRAT,https://thehackernews.com/2026/07/seo-poisoned-software-sites-abuse.html,1,1,,,,,
CVE-2026-50548,cve,crit,The Hacker News,2026-07-01,Critical Cursor Flaws Could Let Prompt Injection Escape Sandbox and Run Commands,https://thehackernews.com/2026/07/critical-cursor-flaws-could-let-prompt.html,1,1,,,,,
CVE-2026-50549,cve,crit,The Hacker News,2026-07-01,Critical Cursor Flaws Could Let Prompt Injection Escape Sandbox and Run Commands,https://thehackernews.com/2026/07/critical-cursor-flaws-could-let-prompt.html,1,1,,,,,
CVE-2026-8451,cve,crit,The Hacker News,2026-07-01,Citrix Patches Six NetScaler Flaws Allowing File Read and Denial-of-Service,https://thehackernews.com/2026/07/citrix-patches-six-netscaler-flaws.html,1,1,,,,,
CVE-2026-8452,cve,crit,The Hacker News,2026-07-01,Citrix Patches Six NetScaler Flaws Allowing File Read and Denial-of-Service,https://thehackernews.com/2026/07/citrix-patches-six-netscaler-flaws.html,1,1,,,,,
CVE-2026-8655,cve,crit,The Hacker News,2026-07-01,Citrix Patches Six NetScaler Flaws Allowing File Read and Denial-of-Service,https://thehackernews.com/2026/07/citrix-patches-six-netscaler-flaws.html,1,1,,,,,
babjon.ch,domain,crit,The Hacker News,2026-07-01,"Researcher Analyzes 3,000 Live ClickFix Payloads, Exposing API-Driven Malware Delivery",https://thehackernews.com/2026/07/researcher-analyzes-3000-live-clickfix.html,1,1,,,,,
babybon.cfd,domain,crit,The Hacker News,2026-07-01,"Researcher Analyzes 3,000 Live ClickFix Payloads, Exposing API-Driven Malware Delivery",https://thehackernews.com/2026/07/researcher-analyzes-3000-live-clickfix.html,1,1,,,,,
comicstar.lat,domain,crit,The Hacker News,2026-07-01,"Researcher Analyzes 3,000 Live ClickFix Payloads, Exposing API-Driven Malware Delivery",https://thehackernews.com/2026/07/researcher-analyzes-3000-live-clickfix.html,1,1,,,,,
deepseek.com,domain,crit,The Hacker News,2026-07-01,"AI-Generated Browser Ransomware Abuses Chromium API on Windows, Linux, macOS, Android",https://thehackernews.com/2026/07/ai-generated-browser-ransomware-abuses.html,1,1,,,,,
maskasd.com,domain,crit,StepSecurity,2026-07-01,Secure Registry now tells you which machine pulled a compromised package,https://www.stepsecurity.io/blog/secure-registry-now-tells-you-which-machine-pulled-a-compromised-package,1,1,,,,,
merkantalolol.asia,domain,crit,The Hacker News,2026-07-01,"Researcher Analyzes 3,000 Live ClickFix Payloads, Exposing API-Driven Malware Delivery",https://thehackernews.com/2026/07/researcher-analyzes-3000-live-clickfix.html,1,1,,,,,
ostatniaposlugarumia.pl,domain,crit,The Hacker News,2026-07-01,"Researcher Analyzes 3,000 Live ClickFix Payloads, Exposing API-Driven Malware Delivery",https://thehackernews.com/2026/07/researcher-analyzes-3000-live-clickfix.html,1,1,,,,,
pamconj.com,domain,crit,Cisco Talos,2026-07-01,ARToken: Inside an EvilTokens affiliate panel targeting Microsoft 365,https://blog.talosintelligence.com/artoken-inside-an-eviltokens-affiliate-panel-targeting-microsoft-365/,1,1,,,,,
serviceverifycaptcho.com,domain,crit,The Hacker News,2026-07-01,"Researcher Analyzes 3,000 Live ClickFix Payloads, Exposing API-Driven Malware Delivery",https://thehackernews.com/2026/07/researcher-analyzes-3000-live-clickfix.html,1,1,,,,,
teams.onweblive.org,domain,crit,StepSecurity,2026-07-01,Secure Registry now tells you which machine pulled a compromised package,https://www.stepsecurity.io/blog/secure-registry-now-tells-you-which-machine-pulled-a-compromised-package,1,1,,,,,
upload.admedia.org,domain,crit,The Hacker News,2026-07-01,"Researcher Analyzes 3,000 Live ClickFix Payloads, Exposing API-Driven Malware Delivery",https://thehackernews.com/2026/07/researcher-analyzes-3000-live-clickfix.html,1,1,,,,,
162.33.179.46,ipv4,crit,The Hacker News,2026-07-01,Ousaban Banking Trojan Targets Iberian Bank Users with Fake PDF Lures,https://thehackernews.com/2026/07/ousaban-banking-trojan-targets-iberian.html,1,1,,,,,
23.254.164.123,ipv4,crit,StepSecurity; Aikido; Snyk,2026-07-01,Secure Registry now tells you which machine pulled a compromised package; npm now freezes high-impact accounts after risky account changes; Everybody's shipping code they can't read; Mastra npm Supply Chain Attack: 140+ Packages Backdoored via easy-day-js Typosquat; Over 140 popular Mastra npm Packages Hit by Supply Chain Attack; A Forgotten Contributor Account Compromised the Entire Mastra npm Package Scope,https://www.stepsecurity.io/blog/secure-registry-now-tells-you-which-machine-pulled-a-compromised-package; https://www.aikido.dev/blog/npm-cooldown-account-changes-announcement; https://www.aikido.dev/blog/shipping-code-they-cant-read; https://www.stepsecurity.io/blog/mastra-npm-packages-compromised-using-easy-day-js; https://www.aikido.dev/blog/over-140-popular-mastra-npm-packages-hit-by-supply-chain-attack; https://snyk.io/blog/a-forgotten-contributor-account-compromised-the-entire-mastra-npm-package-scope/,3,6,,,,,
23.254.164.92,ipv4,crit,StepSecurity; Aikido; Snyk,2026-07-01,Secure Registry now tells you which machine pulled a compromised package; npm now freezes high-impact accounts after risky account changes; Everybody's shipping code they can't read; Mastra npm Supply Chain Attack: 140+ Packages Backdoored via easy-day-js Typosquat; Over 140 popular Mastra npm Packages Hit by Supply Chain Attack; A Forgotten Contributor Account Compromised the Entire Mastra npm Package Scope,https://www.stepsecurity.io/blog/secure-registry-now-tells-you-which-machine-pulled-a-compromised-package; https://www.aikido.dev/blog/npm-cooldown-account-changes-announcement; https://www.aikido.dev/blog/shipping-code-they-cant-read; https://www.stepsecurity.io/blog/mastra-npm-packages-compromised-using-easy-day-js; https://www.aikido.dev/blog/over-140-popular-mastra-npm-packages-hit-by-supply-chain-attack; https://snyk.io/blog/a-forgotten-contributor-account-compromised-the-entire-mastra-npm-package-scope/,3,6,,,,,
6b9501e1889cc45c91726729610cf69c2442b8c5,sha1,crit,StepSecurity,2026-07-01,Secure Registry now tells you which machine pulled a compromised package; codfish/semantic-release-action GitHub Action has been compromised,https://www.stepsecurity.io/blog/secure-registry-now-tells-you-which-machine-pulled-a-compromised-package; https://www.stepsecurity.io/blog/supply-chain-compromise-codfish-semantic-release-action,1,2,,,,,
07c39f79ab92fb21557b82283472dce1c112f577d796111fb752c3c6d84c86b5,sha256,crit,The Hacker News,2026-07-01,"AI-Generated Browser Ransomware Abuses Chromium API on Windows, Linux, macOS, Android",https://thehackernews.com/2026/07/ai-generated-browser-ransomware-abuses.html,1,1,,,,,
2202a30daad9928ef47cca5f4ab04ce083692a94428e386fa01c2dd44557e34b,sha256,crit,The Hacker News; Unit 42 (Palo Alto),2026-07-01,Phantom Squatting Uses AI-Hallucinated Domains for Phishing and Malware; Phantom Squatting: AI-Hallucinated Domains as a Software Supply Chain Vector,https://thehackernews.com/2026/07/phantom-squatting-uses-ai-hallucinated.html; https://unit42.paloaltonetworks.com/phantom-squatting-hallucinated-web-domains/,2,2,,,,,
221c45a790dec2a296af57969e1165a16f8f49733aeab64c0bbd768d9943badf,sha256,crit,StepSecurity; Aikido; Snyk,2026-07-01,Secure Registry now tells you which machine pulled a compromised package; npm now freezes high-impact accounts after risky account changes; Everybody's shipping code they can't read; A Forgotten Contributor Account Compromised the Entire Mastra npm Package Scope,https://www.stepsecurity.io/blog/secure-registry-now-tells-you-which-machine-pulled-a-compromised-package; https://www.aikido.dev/blog/npm-cooldown-account-changes-announcement; https://www.aikido.dev/blog/shipping-code-they-cant-read; https://snyk.io/blog/a-forgotten-contributor-account-compromised-the-entire-mastra-npm-package-scope/,3,4,,,,,
4a8860240e4231c3a74c81949be655a28e096a7d72f38fbe84e5b37636b98417,sha256,crit,StepSecurity; Aikido,2026-07-01,Secure Registry now tells you which machine pulled a compromised package; npm now freezes high-impact accounts after risky account changes,https://www.stepsecurity.io/blog/secure-registry-now-tells-you-which-machine-pulled-a-compromised-package; https://www.aikido.dev/blog/npm-cooldown-account-changes-announcement,2,2,,,,,
ae70dd4f6bc0d1c8c2848e4e6b51934626c4818dcb5af99d080ddbd7dc337185,sha256,crit,StepSecurity; Aikido,2026-07-01,Secure Registry now tells you which machine pulled a compromised package; npm now freezes high-impact accounts after risky account changes,https://www.stepsecurity.io/blog/secure-registry-now-tells-you-which-machine-pulled-a-compromised-package; https://www.aikido.dev/blog/npm-cooldown-account-changes-announcement,2,2,,,,,
b122a9873bedf145ae2a7fd024b5f309007dbb025149f4dc4ac3f7e4f32a36a4,sha256,crit,StepSecurity; Aikido; Snyk,2026-07-01,Secure Registry now tells you which machine pulled a compromised package; Everybody's shipping code they can't read; A Forgotten Contributor Account Compromised the Entire Mastra npm Package Scope,https://www.stepsecurity.io/blog/secure-registry-now-tells-you-which-machine-pulled-a-compromised-package; https://www.aikido.dev/blog/shipping-code-they-cant-read; https://snyk.io/blog/a-forgotten-contributor-account-compromised-the-entire-mastra-npm-package-scope/,3,3,,,,,
b73de25c053c3225a077738a1fcbd9ca6966d7b3cd6f5494a30f0aa0eae55c7e,sha256,crit,StepSecurity,2026-07-01,Secure Registry now tells you which machine pulled a compromised package,https://www.stepsecurity.io/blog/secure-registry-now-tells-you-which-machine-pulled-a-compromised-package,1,1,,,,,
ceff7c51d70832c3ec8dd2744b606a23b3c924ef664ae23439b9b742ea154108,sha256,crit,StepSecurity; Aikido; Snyk,2026-07-01,"Multiple @immobiliarelabs Backstage Plugins Compromised on npm; Wait, binding.gyp Can Do What? Exploring npm's Weirdest Build System; Node-gyp Supply Chain Compromise: A Self-Propagating npm Worm That Hides in binding.gyp",https://www.stepsecurity.io/blog/immobiliarelabs-npm-packages-compromised; https://www.aikido.dev/blog/exploring-binding-gyp-npm-build-system; https://snyk.io/blog/node-gyp-supply-chain-compromise-self-propagating-npm-worm-binding-gyp/,3,3,,,,,
eb07edaa2786cfddfa4c15526168f2200d85300aee0a8f253b32d2462a7b0bcd,sha256,crit,The Hacker News; Unit 42 (Palo Alto),2026-07-01,Phantom Squatting Uses AI-Hallucinated Domains for Phishing and Malware; Phantom Squatting: AI-Hallucinated Domains as a Software Supply Chain Vector,https://thehackernews.com/2026/07/phantom-squatting-uses-ai-hallucinated.html; https://unit42.paloaltonetworks.com/phantom-squatting-hallucinated-web-domains/,2,2,,,,,
ef641e956f91d501b748085996303c96a64d67f63bfeef0dda175e5aa19cca90,sha256,crit,StepSecurity; Aikido; Snyk,2026-07-01,"Multiple @immobiliarelabs Backstage Plugins Compromised on npm; Miasma Worm Hits Microsoft Again: Azure Functions Action and 72 Other Repositories Disabled After Supply Chain Attack Targeting AI Coding Agents; Wait, binding.gyp Can Do What? Exploring npm's Weirdest Build System; Node-gyp Supply Chain Compromise: A Self-Propagating npm Worm That Hides in binding.gyp",https://www.stepsecurity.io/blog/immobiliarelabs-npm-packages-compromised; https://www.stepsecurity.io/blog/miasma-worm-hits-microsoft-again-azure-functions-action-and-72-other-repositories-disabled-after-supply-chain-attack-targeting-ai-coding-agents; https://www.aikido.dev/blog/exploring-binding-gyp-npm-build-system; https://snyk.io/blog/node-gyp-supply-chain-compromise-self-propagating-npm-worm-binding-gyp/,3,4,,,,,
direct-download.giize.com,domain,high,Securelist (Kaspersky),2026-07-01,The SOC Files: ScreenConnect masked as freeware. An inside look at a large-scale campaign,https://securelist.com/tr/the-soc-files-screenconnect-campaign-with-asyncrat/120472/,1,1,,,,,
fasterxml.org,domain,high,StepSecurity,2026-07-01,Maven Support Comes to GitHub Checks and OSS Package Search,https://www.stepsecurity.io/blog/maven-support-comes-to-github-checks-and-oss-package-search,1,1,,,,,
fileget.loseyourip.com,domain,high,Securelist (Kaspersky),2026-07-01,The SOC Files: ScreenConnect masked as freeware. An inside look at a large-scale campaign,https://securelist.com/tr/the-soc-files-screenconnect-campaign-with-asyncrat/120472/,1,1,,,,,
https://github.com/oven-sh/bun/releases/download/bun-v1.3.13/bun-<os>-<arch>.zip,domain,high,StepSecurity,2026-07-01,Multiple @immobiliarelabs Backstage Plugins Compromised on npm,https://www.stepsecurity.io/blog/immobiliarelabs-npm-packages-compromised,1,1,,,,,
m.fasterxml.org,domain,high,StepSecurity,2026-07-01,Maven Support Comes to GitHub Checks and OSS Package Search,https://www.stepsecurity.io/blog/maven-support-comes-to-github-checks-and-oss-package-search,1,1,,,,,
mora1987.work.gd,domain,high,Securelist (Kaspersky),2026-07-01,The SOC Files: ScreenConnect masked as freeware. An inside look at a large-scale campaign,https://securelist.com/tr/the-soc-files-screenconnect-campaign-with-asyncrat/120472/,1,1,,,,,
r.servermanagemen.xyz,domain,high,Securelist (Kaspersky),2026-07-01,The SOC Files: ScreenConnect masked as freeware. An inside look at a large-scale campaign,https://securelist.com/tr/the-soc-files-screenconnect-campaign-with-asyncrat/120472/,1,1,,,,,
studioobs.com,domain,high,Securelist (Kaspersky),2026-07-01,The SOC Files: ScreenConnect masked as freeware. An inside look at a large-scale campaign,https://securelist.com/tr/the-soc-files-screenconnect-campaign-with-asyncrat/120472/,1,1,,,,,
103.127.243.82,ipv4,high,StepSecurity,2026-07-01,Maven Support Comes to GitHub Checks and OSS Package Search,https://www.stepsecurity.io/blog/maven-support-comes-to-github-checks-and-oss-package-search,1,1,,,,,
162.216.241.242,ipv4,high,Securelist (Kaspersky),2026-07-01,The SOC Files: ScreenConnect masked as freeware. An inside look at a large-scale campaign,https://securelist.com/tr/the-soc-files-screenconnect-campaign-with-asyncrat/120472/,1,1,,,,,
198.23.185.81,ipv4,high,Securelist (Kaspersky),2026-07-01,The SOC Files: ScreenConnect masked as freeware. An inside look at a large-scale campaign,https://securelist.com/tr/the-soc-files-screenconnect-campaign-with-asyncrat/120472/,1,1,,,,,
2.59.134.97,ipv4,high,Securelist (Kaspersky),2026-07-01,The SOC Files: ScreenConnect masked as freeware. An inside look at a large-scale campaign,https://securelist.com/tr/the-soc-files-screenconnect-campaign-with-asyncrat/120472/,1,1,,,,,
39.107.60.51,ipv4,high,StepSecurity; Aikido,2026-07-01,"15 Malicious JetBrains Plugins Stole AI API Keys from 70,000 Developers; Multiple JetBrains IDE plugins caught stealing AI keys",https://www.stepsecurity.io/blog/jetbrains-malicious-plugins-ai-api-key-theft; https://www.aikido.dev/blog/multiple-jetbrains-ide-plugins-caught-stealing-ai-keys,2,2,,,,,
54089e0f368fa9a7e2050de9b0db121a,md5,high,StepSecurity,2026-07-01,Mass npm Supply Chain Attack: 20 Leo Platform Packages Compromised,https://www.stepsecurity.io/blog/mass-npm-supply-chain-attack-20-leo-platform-packages-compromised,1,1,,,,,
87603ea025623b19954e460add532048,md5,high,Securelist (Kaspersky),2026-07-01,The SOC Files: ScreenConnect masked as freeware. An inside look at a large-scale campaign,https://securelist.com/tr/the-soc-files-screenconnect-campaign-with-asyncrat/120472/,1,1,,,,,
ad9f0ecdbf6075f8cc4ca8bdd62bd27c,md5,high,StepSecurity,2026-07-01,Mass npm Supply Chain Attack: 20 Leo Platform Packages Compromised,https://www.stepsecurity.io/blog/mass-npm-supply-chain-attack-20-leo-platform-packages-compromised,1,1,,,,,
1a5a1445fcd73133f22a0e7895993ac0a42b56da,sha1,high,StepSecurity,2026-07-01,Mass npm Supply Chain Attack: 20 Leo Platform Packages Compromised,https://www.stepsecurity.io/blog/mass-npm-supply-chain-attack-20-leo-platform-packages-compromised,1,1,,,,,
1dcc0a39e1cd7293a9058cfc41e1afe8b397c943,sha1,high,StepSecurity,2026-07-01,Mass npm Supply Chain Attack: 20 Leo Platform Packages Compromised,https://www.stepsecurity.io/blog/mass-npm-supply-chain-attack-20-leo-platform-packages-compromised,1,1,,,,,
24a0d9e496ec07ca978fab602d5f5e0b39fa03a0,sha1,high,StepSecurity,2026-07-01,Mass npm Supply Chain Attack: 20 Leo Platform Packages Compromised,https://www.stepsecurity.io/blog/mass-npm-supply-chain-attack-20-leo-platform-packages-compromised,1,1,,,,,
47d73156df1c767bb168c4309fd17b92324d587d,sha1,high,StepSecurity,2026-07-01,Mass npm Supply Chain Attack: 20 Leo Platform Packages Compromised,https://www.stepsecurity.io/blog/mass-npm-supply-chain-attack-20-leo-platform-packages-compromised,1,1,,,,,
5792aba0e2180b9b80b77644370a6889d5817456,sha1,high,StepSecurity; Aikido,2026-07-01,simonecorsi/mawesome GitHub Action has been compromised; codfish/semantic-release-action GitHub Action has been compromised; Compromised GitHub action codfish/semantic-release-action steals CI/CD secrets,https://www.stepsecurity.io/blog/simonecorsi-mawesome-github-action-has-been-compromised; https://www.stepsecurity.io/blog/supply-chain-compromise-codfish-semantic-release-action; https://www.aikido.dev/blog/compromised-github-action-codfish-steals-secrets,2,3,,,,,
5e75c14b8acd5752819ab7a10874ddd6389f5238,sha1,high,StepSecurity,2026-07-01,Mass npm Supply Chain Attack: 20 Leo Platform Packages Compromised,https://www.stepsecurity.io/blog/mass-npm-supply-chain-attack-20-leo-platform-packages-compromised,1,1,,,,,
68a1cd589b2ce322f5f03fe7f85dc3f176a759d4,sha1,high,StepSecurity,2026-07-01,Mass npm Supply Chain Attack: 20 Leo Platform Packages Compromised,https://www.stepsecurity.io/blog/mass-npm-supply-chain-attack-20-leo-platform-packages-compromised,1,1,,,,,
809ce3680adfdb8f0746189b68b6b5a6888a960f,sha1,high,StepSecurity,2026-07-01,Mass npm Supply Chain Attack: 20 Leo Platform Packages Compromised,https://www.stepsecurity.io/blog/mass-npm-supply-chain-attack-20-leo-platform-packages-compromised,1,1,,,,,
888094a9b842cfe98e8e24c8f729be1fb6384563,sha1,high,StepSecurity,2026-07-01,Mass npm Supply Chain Attack: 20 Leo Platform Packages Compromised,https://www.stepsecurity.io/blog/mass-npm-supply-chain-attack-20-leo-platform-packages-compromised,1,1,,,,,
92221eb202e9f2ac577e5c33658c8a05c6d67556,sha1,high,StepSecurity,2026-07-01,Mass npm Supply Chain Attack: 20 Leo Platform Packages Compromised,https://www.stepsecurity.io/blog/mass-npm-supply-chain-attack-20-leo-platform-packages-compromised,1,1,,,,,
9be49287057cd6a54ef4a70a8d541a7259efbd2d,sha1,high,StepSecurity,2026-07-01,Mass npm Supply Chain Attack: 20 Leo Platform Packages Compromised,https://www.stepsecurity.io/blog/mass-npm-supply-chain-attack-20-leo-platform-packages-compromised,1,1,,,,,
a8cb86b78ca56befe90dc466642cb04b98079909,sha1,high,StepSecurity,2026-07-01,Mass npm Supply Chain Attack: 20 Leo Platform Packages Compromised,https://www.stepsecurity.io/blog/mass-npm-supply-chain-attack-20-leo-platform-packages-compromised,1,1,,,,,
bcb6b1d409144318e8fad2171d6fe06d02299d1a,sha1,high,StepSecurity; Aikido,2026-07-01,simonecorsi/mawesome GitHub Action has been compromised; codfish/semantic-release-action GitHub Action has been compromised; Compromised GitHub action codfish/semantic-release-action steals CI/CD secrets,https://www.stepsecurity.io/blog/simonecorsi-mawesome-github-action-has-been-compromised; https://www.stepsecurity.io/blog/supply-chain-compromise-codfish-semantic-release-action; https://www.aikido.dev/blog/compromised-github-action-codfish-steals-secrets,2,3,,,,,
be3b1f7f1b50f5d53b164a72fb3a9845f4734325,sha1,high,StepSecurity,2026-07-01,Mass npm Supply Chain Attack: 20 Leo Platform Packages Compromised,https://www.stepsecurity.io/blog/mass-npm-supply-chain-attack-20-leo-platform-packages-compromised,1,1,,,,,
be6bb1cf88c46e9e4a6f1a68ed001b77769d58de,sha1,high,StepSecurity,2026-07-01,Mass npm Supply Chain Attack: 20 Leo Platform Packages Compromised,https://www.stepsecurity.io/blog/mass-npm-supply-chain-attack-20-leo-platform-packages-compromised,1,1,,,,,
d45ad3cffbcc7c4b354ebe9d71d002fa585379ec,sha1,high,StepSecurity,2026-07-01,Mass npm Supply Chain Attack: 20 Leo Platform Packages Compromised,https://www.stepsecurity.io/blog/mass-npm-supply-chain-attack-20-leo-platform-packages-compromised,1,1,,,,,
d7224b6b1f5d2f9403f1cebc8f82518c20b4d0f7,sha1,high,StepSecurity,2026-07-01,Mass npm Supply Chain Attack: 20 Leo Platform Packages Compromised,https://www.stepsecurity.io/blog/mass-npm-supply-chain-attack-20-leo-platform-packages-compromised,1,1,,,,,
e973173fb757d2dab9c6424b440dd9f7cbe4f14a,sha1,high,StepSecurity,2026-07-01,Mass npm Supply Chain Attack: 20 Leo Platform Packages Compromised,https://www.stepsecurity.io/blog/mass-npm-supply-chain-attack-20-leo-platform-packages-compromised,1,1,,,,,
ed9a17d6567101fa4f9f552a4a52cfcca88fa662,sha1,high,StepSecurity,2026-07-01,Mass npm Supply Chain Attack: 20 Leo Platform Packages Compromised,https://www.stepsecurity.io/blog/mass-npm-supply-chain-attack-20-leo-platform-packages-compromised,1,1,,,,,
ef8bf6dd92cbc29ef8d23f3f0fa786ed20a856b1,sha1,high,StepSecurity,2026-07-01,Mass npm Supply Chain Attack: 20 Leo Platform Packages Compromised,https://www.stepsecurity.io/blog/mass-npm-supply-chain-attack-20-leo-platform-packages-compromised,1,1,,,,,
effa8576594fdd59907b5c5c07293ce28a9a3393,sha1,high,StepSecurity,2026-07-01,Mass npm Supply Chain Attack: 20 Leo Platform Packages Compromised,https://www.stepsecurity.io/blog/mass-npm-supply-chain-attack-20-leo-platform-packages-compromised,1,1,,,,,
f03a3e0dca9ef402352ce61cad59e5d850744960,sha1,high,StepSecurity,2026-07-01,Mass npm Supply Chain Attack: 20 Leo Platform Packages Compromised,https://www.stepsecurity.io/blog/mass-npm-supply-chain-attack-20-leo-platform-packages-compromised,1,1,,,,,
702161756dfd150ad3c214fbf97ce98fdc960ea7b3970b5300702ed8c953cafd,sha256,high,StepSecurity,2026-07-01,Maven Support Comes to GitHub Checks and OSS Package Search,https://www.stepsecurity.io/blog/maven-support-comes-to-github-checks-and-oss-package-search,1,1,,,,,
8bce95ebfb895537fec243e069d7193980361de9d916339906b11a14ffded94f,sha256,high,StepSecurity,2026-07-01,Maven Support Comes to GitHub Checks and OSS Package Search,https://www.stepsecurity.io/blog/maven-support-comes-to-github-checks-and-oss-package-search,1,1,,,,,
9f93d77d32833a515bc406c46da477142bb1ac2babeecb6aa42f98669a6db015,sha256,high,StepSecurity; Aikido,2026-07-01,simonecorsi/mawesome GitHub Action has been compromised; codfish/semantic-release-action GitHub Action has been compromised; Compromised GitHub action codfish/semantic-release-action steals CI/CD secrets,https://www.stepsecurity.io/blog/simonecorsi-mawesome-github-action-has-been-compromised; https://www.stepsecurity.io/blog/supply-chain-compromise-codfish-semantic-release-action; https://www.aikido.dev/blog/compromised-github-action-codfish-steals-secrets,2,3,,,,,
da39146ef451d1b174a24d00b1e2a45cd38d54e849737f8f35333dcb22175707,sha256,high,StepSecurity; Snyk,2026-07-01,Multiple @immobiliarelabs Backstage Plugins Compromised on npm; Node-gyp Supply Chain Compromise: A Self-Propagating npm Worm That Hides in binding.gyp,https://www.stepsecurity.io/blog/immobiliarelabs-npm-packages-compromised; https://snyk.io/blog/node-gyp-supply-chain-compromise-self-propagating-npm-worm-binding-gyp/,2,2,,,,,
CVE-2017-17215,cve,crit,The Hacker News,2026-06-30,RustDuck Botnet Rebuilds in Rust to Hijack Routers and Servers for DDoS,https://thehackernews.com/2026/06/rustduck-botnet-rebuilds-in-rust-to.html,1,1,,,,,
CVE-2018-8007,cve,crit,The Hacker News,2026-06-30,RustDuck Botnet Rebuilds in Rust to Hijack Routers and Servers for DDoS,https://thehackernews.com/2026/06/rustduck-botnet-rebuilds-in-rust-to.html,1,1,,,,,
CVE-2024-1781,cve,crit,The Hacker News,2026-06-30,RustDuck Botnet Rebuilds in Rust to Hijack Routers and Servers for DDoS,https://thehackernews.com/2026/06/rustduck-botnet-rebuilds-in-rust-to.html,1,1,,,,,
CVE-2025-29635,cve,crit,The Hacker News,2026-06-30,RustDuck Botnet Rebuilds in Rust to Hijack Routers and Servers for DDoS,https://thehackernews.com/2026/06/rustduck-botnet-rebuilds-in-rust-to.html,1,1,,,,,
CVE-2026-33017,cve,crit,The Hacker News,2026-06-30,Langflow RCE Exploited to Deploy Monero Miner on Exposed AI App Endpoints,https://thehackernews.com/2026/06/langflow-rce-exploited-to-deploy-monero.html,1,1,,,,,
176.65.139.204,ipv4,crit,The Hacker News,2026-06-30,RustDuck Botnet Rebuilds in Rust to Hijack Routers and Servers for DDoS,https://thehackernews.com/2026/06/rustduck-botnet-rebuilds-in-rust-to.html,1,1,,,,,
83.142.209.214,ipv4,crit,The Hacker News,2026-06-30,Langflow RCE Exploited to Deploy Monero Miner on Exposed AI App Endpoints,https://thehackernews.com/2026/06/langflow-rce-exploited-to-deploy-monero.html,1,1,,,,,
94.156.64.241,ipv4,crit,The Hacker News,2026-06-30,Langflow RCE Exploited to Deploy Monero Miner on Exposed AI App Endpoints,https://thehackernews.com/2026/06/langflow-rce-exploited-to-deploy-monero.html,1,1,,,,,
46096a72d84db5f1dafd944fcf6571c8,md5,crit,The Hacker News,2026-06-30,Langflow RCE Exploited to Deploy Monero Miner on Exposed AI App Endpoints,https://thehackernews.com/2026/06/langflow-rce-exploited-to-deploy-monero.html,1,1,,,,,
33588aa446984d3340cab686d38f2aa85a70eb3f76c459da3eef0304592b99df,sha256,crit,The Hacker News,2026-06-30,Langflow RCE Exploited to Deploy Monero Miner on Exposed AI App Endpoints,https://thehackernews.com/2026/06/langflow-rce-exploited-to-deploy-monero.html,1,1,,,,,
71af8bd9b8019b7e5f460ce4c5c14ff7716a2c2faaaf1f274ceaa54cb89723bc,sha256,crit,The Hacker News,2026-06-30,Langflow RCE Exploited to Deploy Monero Miner on Exposed AI App Endpoints,https://thehackernews.com/2026/06/langflow-rce-exploited-to-deploy-monero.html,1,1,,,,,
ddde47bf00324075c7eeb0b9d0ff0a5d1b95bfc619aca4b5def85263838212f2,sha256,crit,The Hacker News,2026-06-30,Langflow RCE Exploited to Deploy Monero Miner on Exposed AI App Endpoints,https://thehackernews.com/2026/06/langflow-rce-exploited-to-deploy-monero.html,1,1,,,,,
alphazero1-endscape.cc,domain,high,The Hacker News,2026-06-30,Silent Swap Crypto Clipper Uses Fake Google Notes Extension to Replace Wallet Addresses,https://thehackernews.com/2026/06/silent-swap-crypto-clipper-uses-fake.html,1,1,,,,,
api-microservice-us1.com,domain,high,The Hacker News,2026-06-30,Silent Swap Crypto Clipper Uses Fake Google Notes Extension to Replace Wallet Addresses,https://thehackernews.com/2026/06/silent-swap-crypto-clipper-uses-fake.html,1,1,,,,,
bucket-aws-s1.com,domain,high,The Hacker News,2026-06-30,Silent Swap Crypto Clipper Uses Fake Google Notes Extension to Replace Wallet Addresses,https://thehackernews.com/2026/06/silent-swap-crypto-clipper-uses-fake.html,1,1,,,,,
bucket-aws-s2.com,domain,high,The Hacker News,2026-06-30,Silent Swap Crypto Clipper Uses Fake Google Notes Extension to Replace Wallet Addresses,https://thehackernews.com/2026/06/silent-swap-crypto-clipper-uses-fake.html,1,1,,,,,
edr-security-bucket1.cc,domain,high,The Hacker News,2026-06-30,Silent Swap Crypto Clipper Uses Fake Google Notes Extension to Replace Wallet Addresses,https://thehackernews.com/2026/06/silent-swap-crypto-clipper-uses-fake.html,1,1,,,,,
fileless-storage-s3.cc,domain,high,The Hacker News,2026-06-30,Silent Swap Crypto Clipper Uses Fake Google Notes Extension to Replace Wallet Addresses,https://thehackernews.com/2026/06/silent-swap-crypto-clipper-uses-fake.html,1,1,,,,,
giftshop.club,domain,high,The Hacker News; Aikido; Snyk,2026-06-30,"Microsoft Warns Poisoned MCP Tool Descriptions Can Make AI Agents Leak Data; Code is being written everywhere, and the device is the only constant; What MDM can't protect on developer machines (and what to do about it); Malicious MCP Server on npm postmark-mcp Harvests Emails",https://thehackernews.com/2026/06/microsoft-warns-poisoned-mcp-tool.html; https://www.aikido.dev/blog/code-is-written-everywhere; https://www.aikido.dev/blog/what-mdm-cant-protect; https://snyk.io/blog/malicious-mcp-server-on-npm-postmark-mcp-harvests-emails/,3,4,,,,,
globalsnn1-new.cc,domain,high,The Hacker News,2026-06-30,Silent Swap Crypto Clipper Uses Fake Google Notes Extension to Replace Wallet Addresses,https://thehackernews.com/2026/06/silent-swap-crypto-clipper-uses-fake.html,1,1,,,,,
globalsnn2-new.cc,domain,high,The Hacker News,2026-06-30,Silent Swap Crypto Clipper Uses Fake Google Notes Extension to Replace Wallet Addresses,https://thehackernews.com/2026/06/silent-swap-crypto-clipper-uses-fake.html,1,1,,,,,
globalsnn3-new.cc,domain,high,The Hacker News,2026-06-30,Silent Swap Crypto Clipper Uses Fake Google Notes Extension to Replace Wallet Addresses,https://thehackernews.com/2026/06/silent-swap-crypto-clipper-uses-fake.html,1,1,,,,,
handle-me-sv1.com,domain,high,The Hacker News,2026-06-30,Silent Swap Crypto Clipper Uses Fake Google Notes Extension to Replace Wallet Addresses,https://thehackernews.com/2026/06/silent-swap-crypto-clipper-uses-fake.html,1,1,,,,,
hardware-office.cc,domain,high,The Hacker News,2026-06-30,Silent Swap Crypto Clipper Uses Fake Google Notes Extension to Replace Wallet Addresses,https://thehackernews.com/2026/06/silent-swap-crypto-clipper-uses-fake.html,1,1,,,,,
health-smooth-eu1.com,domain,high,The Hacker News,2026-06-30,Silent Swap Crypto Clipper Uses Fake Google Notes Extension to Replace Wallet Addresses,https://thehackernews.com/2026/06/silent-swap-crypto-clipper-uses-fake.html,1,1,,,,,
health-smooth-eu2.com,domain,high,The Hacker News,2026-06-30,Silent Swap Crypto Clipper Uses Fake Google Notes Extension to Replace Wallet Addresses,https://thehackernews.com/2026/06/silent-swap-crypto-clipper-uses-fake.html,1,1,,,,,
health-smooth-eu3.com,domain,high,The Hacker News,2026-06-30,Silent Swap Crypto Clipper Uses Fake Google Notes Extension to Replace Wallet Addresses,https://thehackernews.com/2026/06/silent-swap-crypto-clipper-uses-fake.html,1,1,,,,,
hell1-kitty.cc,domain,high,The Hacker News,2026-06-30,Silent Swap Crypto Clipper Uses Fake Google Notes Extension to Replace Wallet Addresses,https://thehackernews.com/2026/06/silent-swap-crypto-clipper-uses-fake.html,1,1,,,,,
holiday-updateservice.com,domain,high,The Hacker News,2026-06-30,Silent Swap Crypto Clipper Uses Fake Google Notes Extension to Replace Wallet Addresses,https://thehackernews.com/2026/06/silent-swap-crypto-clipper-uses-fake.html,1,1,,,,,
memory-protection-layer1.cc,domain,high,The Hacker News,2026-06-30,Silent Swap Crypto Clipper Uses Fake Google Notes Extension to Replace Wallet Addresses,https://thehackernews.com/2026/06/silent-swap-crypto-clipper-uses-fake.html,1,1,,,,,
memory-protection-layer2.cc,domain,high,The Hacker News,2026-06-30,Silent Swap Crypto Clipper Uses Fake Google Notes Extension to Replace Wallet Addresses,https://thehackernews.com/2026/06/silent-swap-crypto-clipper-uses-fake.html,1,1,,,,,
memory-scanner.cc,domain,high,The Hacker News,2026-06-30,Silent Swap Crypto Clipper Uses Fake Google Notes Extension to Replace Wallet Addresses,https://thehackernews.com/2026/06/silent-swap-crypto-clipper-uses-fake.html,1,1,,,,,
microservice-update-s1-bucket.cc,domain,high,The Hacker News,2026-06-30,Silent Swap Crypto Clipper Uses Fake Google Notes Extension to Replace Wallet Addresses,https://thehackernews.com/2026/06/silent-swap-crypto-clipper-uses-fake.html,1,1,,,,,
microservice-update-s2-bucket.cc,domain,high,The Hacker News,2026-06-30,Silent Swap Crypto Clipper Uses Fake Google Notes Extension to Replace Wallet Addresses,https://thehackernews.com/2026/06/silent-swap-crypto-clipper-uses-fake.html,1,1,,,,,
my-smart-house1.com,domain,high,The Hacker News,2026-06-30,Silent Swap Crypto Clipper Uses Fake Google Notes Extension to Replace Wallet Addresses,https://thehackernews.com/2026/06/silent-swap-crypto-clipper-uses-fake.html,1,1,,,,,
polystore9-servicebucket.cc,domain,high,The Hacker News,2026-06-30,Silent Swap Crypto Clipper Uses Fake Google Notes Extension to Replace Wallet Addresses,https://thehackernews.com/2026/06/silent-swap-crypto-clipper-uses-fake.html,1,1,,,,,
s3-updatehub.cc,domain,high,The Hacker News,2026-06-30,Silent Swap Crypto Clipper Uses Fake Google Notes Extension to Replace Wallet Addresses,https://thehackernews.com/2026/06/silent-swap-crypto-clipper-uses-fake.html,1,1,,,,,
178.236.252.133,ipv4,high,The Hacker News,2026-06-30,Silent Swap Crypto Clipper Uses Fake Google Notes Extension to Replace Wallet Addresses,https://thehackernews.com/2026/06/silent-swap-crypto-clipper-uses-fake.html,1,1,,,,,
77.91.123.187,ipv4,high,The Hacker News,2026-06-30,Silent Swap Crypto Clipper Uses Fake Google Notes Extension to Replace Wallet Addresses,https://thehackernews.com/2026/06/silent-swap-crypto-clipper-uses-fake.html,1,1,,,,,
05becb67d8bf1e49fcfccb0d346b82368a2b1c2bf07316078c364c7b020154de,sha256,high,The Hacker News,2026-06-30,Silent Swap Crypto Clipper Uses Fake Google Notes Extension to Replace Wallet Addresses,https://thehackernews.com/2026/06/silent-swap-crypto-clipper-uses-fake.html,1,1,,,,,
0a69a9cc75d65774e5eb90a4a739bd4335d33b176dc4923acb691bd45af66bdf,sha256,high,The Hacker News,2026-06-30,Silent Swap Crypto Clipper Uses Fake Google Notes Extension to Replace Wallet Addresses,https://thehackernews.com/2026/06/silent-swap-crypto-clipper-uses-fake.html,1,1,,,,,
10593dbe9edfde7943fdaadd7882f190216b2f6502667daf701088a6e810deaf,sha256,high,The Hacker News,2026-06-30,Silent Swap Crypto Clipper Uses Fake Google Notes Extension to Replace Wallet Addresses,https://thehackernews.com/2026/06/silent-swap-crypto-clipper-uses-fake.html,1,1,,,,,
27c6a6bda2c0ef3ecb78dad9c6bb7c3abaf2e32b3ad96f372a0102c0c9c0f08d,sha256,high,The Hacker News,2026-06-30,Silent Swap Crypto Clipper Uses Fake Google Notes Extension to Replace Wallet Addresses,https://thehackernews.com/2026/06/silent-swap-crypto-clipper-uses-fake.html,1,1,,,,,
2cd449f1bb24f05d2e240812a74bd62f2583bbbe4d0ccc9ae5736240e29a0068,sha256,high,The Hacker News,2026-06-30,Silent Swap Crypto Clipper Uses Fake Google Notes Extension to Replace Wallet Addresses,https://thehackernews.com/2026/06/silent-swap-crypto-clipper-uses-fake.html,1,1,,,,,
30dcd5c71beb76d2f8df768d5fd9e9145cb8fbbfc951a63b969d26d3b64002b9,sha256,high,The Hacker News,2026-06-30,Silent Swap Crypto Clipper Uses Fake Google Notes Extension to Replace Wallet Addresses,https://thehackernews.com/2026/06/silent-swap-crypto-clipper-uses-fake.html,1,1,,,,,
3c278499c5e3ced3bf1a6a7287808c5267075f1dec0aa5c7be2c4c444f33f2bc,sha256,high,The Hacker News,2026-06-30,Silent Swap Crypto Clipper Uses Fake Google Notes Extension to Replace Wallet Addresses,https://thehackernews.com/2026/06/silent-swap-crypto-clipper-uses-fake.html,1,1,,,,,
42a1fc74334c9a3b8720c79df55f84c7398bd31609eb10581e8c7155835498e3,sha256,high,The Hacker News,2026-06-30,Silent Swap Crypto Clipper Uses Fake Google Notes Extension to Replace Wallet Addresses,https://thehackernews.com/2026/06/silent-swap-crypto-clipper-uses-fake.html,1,1,,,,,
44daa1b68737b55a711963eec211c7c018bcba4cb6d68c286a4b45ea781a7d73,sha256,high,The Hacker News,2026-06-30,Silent Swap Crypto Clipper Uses Fake Google Notes Extension to Replace Wallet Addresses,https://thehackernews.com/2026/06/silent-swap-crypto-clipper-uses-fake.html,1,1,,,,,
44f6313e9542c0d51937a70160fe4137012905d8c79ad27ccc0021788ecfaa4e,sha256,high,The Hacker News,2026-06-30,Silent Swap Crypto Clipper Uses Fake Google Notes Extension to Replace Wallet Addresses,https://thehackernews.com/2026/06/silent-swap-crypto-clipper-uses-fake.html,1,1,,,,,
4a5e1d6ee1217e1fbacf54fc6017fbf9d24a25078266b02358d56a9c7437ceb7,sha256,high,The Hacker News,2026-06-30,Silent Swap Crypto Clipper Uses Fake Google Notes Extension to Replace Wallet Addresses,https://thehackernews.com/2026/06/silent-swap-crypto-clipper-uses-fake.html,1,1,,,,,
5f9ff671955a6d551595f9838aed063c496da5039be0d222fe84f96cb3e1d32a,sha256,high,The Hacker News,2026-06-30,Silent Swap Crypto Clipper Uses Fake Google Notes Extension to Replace Wallet Addresses,https://thehackernews.com/2026/06/silent-swap-crypto-clipper-uses-fake.html,1,1,,,,,
9c0d334aac5a6f66016dc5ce8df75c46d519a4e6d16c68cf2b1405c81189186d,sha256,high,The Hacker News,2026-06-30,Silent Swap Crypto Clipper Uses Fake Google Notes Extension to Replace Wallet Addresses,https://thehackernews.com/2026/06/silent-swap-crypto-clipper-uses-fake.html,1,1,,,,,
c68e436d4cb984db026210806f50d0c81eec5f6e4860197dab91fab6f31ef796,sha256,high,The Hacker News,2026-06-30,Silent Swap Crypto Clipper Uses Fake Google Notes Extension to Replace Wallet Addresses,https://thehackernews.com/2026/06/silent-swap-crypto-clipper-uses-fake.html,1,1,,,,,
cbdfb46b9265a3dfb3bc6b0aade472dde28b1660dbd3ded3b67b1530b4497cca,sha256,high,The Hacker News,2026-06-30,Silent Swap Crypto Clipper Uses Fake Google Notes Extension to Replace Wallet Addresses,https://thehackernews.com/2026/06/silent-swap-crypto-clipper-uses-fake.html,1,1,,,,,
dc602cb53a9c24abfcdaadf0ca8256b5fb5cac6d91d20ed8431bdaaf51c0cafe,sha256,high,The Hacker News,2026-06-30,Silent Swap Crypto Clipper Uses Fake Google Notes Extension to Replace Wallet Addresses,https://thehackernews.com/2026/06/silent-swap-crypto-clipper-uses-fake.html,1,1,,,,,
dd4c7f5aae404816cf447b8090b620c1a1971a35c6791116aa3f871f00ae011b,sha256,high,The Hacker News,2026-06-30,Silent Swap Crypto Clipper Uses Fake Google Notes Extension to Replace Wallet Addresses,https://thehackernews.com/2026/06/silent-swap-crypto-clipper-uses-fake.html,1,1,,,,,
e2faad8111e7d47349cbc549b85e62231b8678057906bc813aad7242fa95ae63,sha256,high,The Hacker News,2026-06-30,Silent Swap Crypto Clipper Uses Fake Google Notes Extension to Replace Wallet Addresses,https://thehackernews.com/2026/06/silent-swap-crypto-clipper-uses-fake.html,1,1,,,,,
e5e1d8ec4cd109df290752ee3d4b2cbc9de6df4360e9983548f1bc6b1d088540,sha256,high,The Hacker News,2026-06-30,Silent Swap Crypto Clipper Uses Fake Google Notes Extension to Replace Wallet Addresses,https://thehackernews.com/2026/06/silent-swap-crypto-clipper-uses-fake.html,1,1,,,,,
domain.com,domain,crit,Securelist (Kaspersky),2026-06-29,The Gentlemen are knocking: сustom backdoors and evolving tactics,https://securelist.com/the-gentlemen-raas/120447/,1,1,,,,,
extension.tilda.ws,domain,crit,Microsoft Security Blog,2026-06-29,Chromium extension uses AI‑related branding to redirect browser search,https://www.microsoft.com/en-us/security/blog/2026/06/29/chromium-extension-uses-airelated-branding-redirect-browser-search/,1,1,,,,,
live.sysinternals.com,domain,crit,Securelist (Kaspersky),2026-06-29,The Gentlemen are knocking: сustom backdoors and evolving tactics,https://securelist.com/the-gentlemen-raas/120447/,1,1,,,,,
oda.digital,domain,crit,Microsoft Security Blog,2026-06-29,Chromium extension uses AI‑related branding to redirect browser search,https://www.microsoft.com/en-us/security/blog/2026/06/29/chromium-extension-uses-airelated-branding-redirect-browser-search/,1,1,,,,,
perplexity-ai.online,domain,crit,Microsoft Security Blog,2026-06-29,Chromium extension uses AI‑related branding to redirect browser search,https://www.microsoft.com/en-us/security/blog/2026/06/29/chromium-extension-uses-airelated-branding-redirect-browser-search/,1,1,,,,,
5537C708EDB9A2C21F88E34E8A0F1744,md5,crit,Securelist (Kaspersky),2026-06-29,The Gentlemen are knocking: сustom backdoors and evolving tactics,https://securelist.com/the-gentlemen-raas/120447/,1,1,,,,,
EDB1C480295250DD1A38F3AA1357DEAE,md5,crit,Securelist (Kaspersky),2026-06-29,The Gentlemen are knocking: сustom backdoors and evolving tactics,https://securelist.com/the-gentlemen-raas/120447/,1,1,,,,,
flipboxstudio.info,domain,crit,Aikido; StepSecurity; Snyk,2026-06-26,Packagist is now protected by Aikido Intel and other updates to the PHP registry; Laravel-Lang Supply Chain Attack: Every Tag Across Multiple Composer Packages Rewritten to Steal CI Secrets; Laravel Lang Supply Chain Advisory; Supply Chain Attack Targets Laravel-Lang Packages with Credential Stealer,https://www.aikido.dev/blog/composer-protected-aikido-packagist; https://www.stepsecurity.io/blog/laravel-lang-supply-chain-attack; https://snyk.io/blog/laravel-lang-supply-chain-advisory/; https://www.aikido.dev/blog/supply-chain-attack-targets-laravel-lang-packages-with-credential-stealer,3,4,,,,,
hwsrv-1327785.hostwindsdns.com,domain,crit,Aikido; Snyk,2026-06-26,npm now freezes high-impact accounts after risky account changes; Everybody's shipping code they can't read; A Forgotten Contributor Account Compromised the Entire Mastra npm Package Scope,https://www.aikido.dev/blog/npm-cooldown-account-changes-announcement; https://www.aikido.dev/blog/shipping-code-they-cant-read; https://snyk.io/blog/a-forgotten-contributor-account-compromised-the-entire-mastra-npm-package-scope/,2,3,,,,,
sfrclak.com,domain,crit,Aikido; Snyk; StepSecurity,2026-06-26,"npm now freezes high-impact accounts after risky account changes; The full Snyk AI Security Platform, free for open source maintainers; npm v12 delivers one of the biggest security improvements in years; Code is being written everywhere, and the device is the only constant; Why EDR and proxy won’t save you from supply chain malware; axios Compromised on npm - Malicious Versions Drop Remote Access Trojan; Axios npm Package Compromised: Supply Chain Attack Delivers Cross-Platform RAT; axios compromised on npm: maintainer account hijacked, RAT deployed",https://www.aikido.dev/blog/npm-cooldown-account-changes-announcement; https://snyk.io/blog/secure-developer-program/; https://www.aikido.dev/blog/npm-v12-block-postinstall; https://www.aikido.dev/blog/code-is-written-everywhere; https://www.aikido.dev/blog/edr-proxy-wont-protect-supply-chain-malware; https://www.stepsecurity.io/blog/axios-compromised-on-npm-malicious-versions-drop-remote-access-trojan; https://snyk.io/blog/axios-npm-package-compromised-supply-chain-attack-delivers-cross-platform/; https://www.aikido.dev/blog/axios-npm-compromised-maintainer-hijacked-rat,3,8,,,,,
CVE-2024-2658,cve,high,Securelist (Kaspersky),2026-06-26,Beware of the license manager: how a Schneider Electric software vulnerability puts industrial facilities at risk,https://securelist.com/tr/schneider-electric-cve-2024-2658-vulnerability/120436/,1,1,,,,,
CVE-2024-55591,cve,high,Unit 42 (Palo Alto),2026-06-26,Threat Brief: Mitigating Large-Scale Credential Attacks,https://unit42.paloaltonetworks.com/large-scale-credential-attacks/,1,1,,,,,
CVE-2025-59718,cve,high,Unit 42 (Palo Alto),2026-06-26,Threat Brief: Mitigating Large-Scale Credential Attacks,https://unit42.paloaltonetworks.com/large-scale-credential-attacks/,1,1,,,,,
CVE-2025-59719,cve,high,Unit 42 (Palo Alto),2026-06-26,Threat Brief: Mitigating Large-Scale Credential Attacks,https://unit42.paloaltonetworks.com/large-scale-credential-attacks/,1,1,,,,,
142.11.206.73,ipv4,high,Aikido; Snyk,2026-06-26,"npm now freezes high-impact accounts after risky account changes; The full Snyk AI Security Platform, free for open source maintainers; npm v12 delivers one of the biggest security improvements in years; Code is being written everywhere, and the device is the only constant; Why EDR and proxy won’t save you from supply chain malware; Axios npm Package Compromised: Supply Chain Attack Delivers Cross-Platform RAT; axios compromised on npm: maintainer account hijacked, RAT deployed",https://www.aikido.dev/blog/npm-cooldown-account-changes-announcement; https://snyk.io/blog/secure-developer-program/; https://www.aikido.dev/blog/npm-v12-block-postinstall; https://www.aikido.dev/blog/code-is-written-everywhere; https://www.aikido.dev/blog/edr-proxy-wont-protect-supply-chain-malware; https://snyk.io/blog/axios-npm-package-compromised-supply-chain-attack-delivers-cross-platform/; https://www.aikido.dev/blog/axios-npm-compromised-maintainer-hijacked-rat,2,7,,,,,
07d889e2dadce6f3910dcbc253317d28ca61c766,sha1,high,Aikido; Snyk,2026-06-26,"npm now freezes high-impact accounts after risky account changes; The full Snyk AI Security Platform, free for open source maintainers; npm v12 delivers one of the biggest security improvements in years; Code is being written everywhere, and the device is the only constant; Why EDR and proxy won’t save you from supply chain malware; Axios npm Package Compromised: Supply Chain Attack Delivers Cross-Platform RAT; axios compromised on npm: maintainer account hijacked, RAT deployed",https://www.aikido.dev/blog/npm-cooldown-account-changes-announcement; https://snyk.io/blog/secure-developer-program/; https://www.aikido.dev/blog/npm-v12-block-postinstall; https://www.aikido.dev/blog/code-is-written-everywhere; https://www.aikido.dev/blog/edr-proxy-wont-protect-supply-chain-malware; https://snyk.io/blog/axios-npm-package-compromised-supply-chain-attack-delivers-cross-platform/; https://www.aikido.dev/blog/axios-npm-compromised-maintainer-hijacked-rat,2,7,,,,,
2553649f2322049666871cea80a5d0d6adc700ca,sha1,high,Aikido; Snyk,2026-06-26,"npm now freezes high-impact accounts after risky account changes; npm v12 delivers one of the biggest security improvements in years; Code is being written everywhere, and the device is the only constant; Why EDR and proxy won’t save you from supply chain malware; Axios npm Package Compromised: Supply Chain Attack Delivers Cross-Platform RAT; axios compromised on npm: maintainer account hijacked, RAT deployed",https://www.aikido.dev/blog/npm-cooldown-account-changes-announcement; https://www.aikido.dev/blog/npm-v12-block-postinstall; https://www.aikido.dev/blog/code-is-written-everywhere; https://www.aikido.dev/blog/edr-proxy-wont-protect-supply-chain-malware; https://snyk.io/blog/axios-npm-package-compromised-supply-chain-attack-delivers-cross-platform/; https://www.aikido.dev/blog/axios-npm-compromised-maintainer-hijacked-rat,2,6,,,,,
d6f3f62fd3b9f5432f5782b62d8cfd5247d5ee71,sha1,high,Aikido; Snyk,2026-06-26,"npm now freezes high-impact accounts after risky account changes; The full Snyk AI Security Platform, free for open source maintainers; npm v12 delivers one of the biggest security improvements in years; Code is being written everywhere, and the device is the only constant; Why EDR and proxy won’t save you from supply chain malware; Axios npm Package Compromised: Supply Chain Attack Delivers Cross-Platform RAT; axios compromised on npm: maintainer account hijacked, RAT deployed",https://www.aikido.dev/blog/npm-cooldown-account-changes-announcement; https://snyk.io/blog/secure-developer-program/; https://www.aikido.dev/blog/npm-v12-block-postinstall; https://www.aikido.dev/blog/code-is-written-everywhere; https://www.aikido.dev/blog/edr-proxy-wont-protect-supply-chain-malware; https://snyk.io/blog/axios-npm-package-compromised-supply-chain-attack-delivers-cross-platform/; https://www.aikido.dev/blog/axios-npm-compromised-maintainer-hijacked-rat,2,7,,,,,
CVE-2025-8088,cve,crit,ESET WeLiveSecurity,2026-06-25,"Gamaredon in 2025: Leveraging tunnels, workers, dead drops, and new alliances; The who, where, and how of APT attacks in Q2 2025–Q3 2025; ESET APT Activity Report Q2 2025–Q3 2025",https://www.welivesecurity.com/en/eset-research/gamaredon-2025-leveraging-tunnels-workers-dead-drops-new-alliances/; https://www.welivesecurity.com/en/videos/who-where-how-apt-attacks-q2-2025-q3-2025/; https://www.welivesecurity.com/en/eset-research/eset-apt-activity-report-q2-2025-q3-2025/,1,3,,,,,
hwsrv-1327786.hostwindsdns.com,domain,crit,Aikido; Snyk,2026-06-25,Everybody's shipping code they can't read; A Forgotten Contributor Account Compromised the Entire Mastra npm Package Scope,https://www.aikido.dev/blog/shipping-code-they-cant-read; https://snyk.io/blog/a-forgotten-contributor-account-compromised-the-entire-mastra-npm-package-scope/,2,2,,,,,
139.180.134.221,ipv4,crit,Unit 42 (Palo Alto),2026-06-25,CL-STA-1062 Targets Southeast Asian Governments and Critical Infrastructure,https://unit42.paloaltonetworks.com/cl-sta-1062-tinyrct-backdoor/,1,1,,,,,
45.32.113.172,ipv4,crit,Unit 42 (Palo Alto),2026-06-25,CL-STA-1062 Targets Southeast Asian Governments and Critical Infrastructure,https://unit42.paloaltonetworks.com/cl-sta-1062-tinyrct-backdoor/,1,1,,,,,
9570f77a5e1511869f4e554e7166df9fde081f2583e293c2569621792ed7d9c9,sha256,crit,Aikido; Snyk,2026-06-25,Everybody's shipping code they can't read; A Forgotten Contributor Account Compromised the Entire Mastra npm Package Scope,https://www.aikido.dev/blog/shipping-code-they-cant-read; https://snyk.io/blog/a-forgotten-contributor-account-compromised-the-entire-mastra-npm-package-scope/,2,2,,,,,
c38954e85bf5433e61e7c8f4230336695624ae88b6953afabf7bf817aa91b638,sha256,crit,Aikido; Snyk,2026-06-25,Everybody's shipping code they can't read; A Forgotten Contributor Account Compromised the Entire Mastra npm Package Scope,https://www.aikido.dev/blog/shipping-code-they-cant-read; https://snyk.io/blog/a-forgotten-contributor-account-compromised-the-entire-mastra-npm-package-scope/,2,2,,,,,
cdec8b20338beb708b5be8d3d7a3041a35a8b0fb92f9186262f312d55ff82066,sha256,crit,Aikido; Snyk,2026-06-25,Everybody's shipping code they can't read; A Forgotten Contributor Account Compromised the Entire Mastra npm Package Scope,https://www.aikido.dev/blog/shipping-code-they-cant-read; https://snyk.io/blog/a-forgotten-contributor-account-compromised-the-entire-mastra-npm-package-scope/,2,2,,,,,
kentjerk.info,domain,high,Microsoft Security Blog,2026-06-25,Photo ZIP campaign targeting hospitality industry delivers Node.js implant for persistent access,https://www.microsoft.com/en-us/security/blog/2026/06/25/photo-zip-campaign-targeting-hospitality-industry-delivers-node-js-implant-persistent-access/,1,1,,,,,
photo-26654.cfd,domain,high,Microsoft Security Blog,2026-06-25,Photo ZIP campaign targeting hospitality industry delivers Node.js implant for persistent access,https://www.microsoft.com/en-us/security/blog/2026/06/25/photo-zip-campaign-targeting-hospitality-industry-delivers-node-js-implant-persistent-access/,1,1,,,,,
photodoc-secure.info,domain,high,Microsoft Security Blog,2026-06-25,Photo ZIP campaign targeting hospitality industry delivers Node.js implant for persistent access,https://www.microsoft.com/en-us/security/blog/2026/06/25/photo-zip-campaign-targeting-hospitality-industry-delivers-node-js-implant-persistent-access/,1,1,,,,,
recallnine.info,domain,high,Microsoft Security Blog,2026-06-25,Photo ZIP campaign targeting hospitality industry delivers Node.js implant for persistent access,https://www.microsoft.com/en-us/security/blog/2026/06/25/photo-zip-campaign-targeting-hospitality-industry-delivers-node-js-implant-persistent-access/,1,1,,,,,
safedocphoto.info,domain,high,Microsoft Security Blog,2026-06-25,Photo ZIP campaign targeting hospitality industry delivers Node.js implant for persistent access,https://www.microsoft.com/en-us/security/blog/2026/06/25/photo-zip-campaign-targeting-hospitality-industry-delivers-node-js-implant-persistent-access/,1,1,,,,,
dbd8dbecaa80795c135137d69921fdba,md5,high,Cisco Talos,2026-06-25,Beyond IOCs: AI-enabled threat intelligence; Close Encounters of the Human Kind,https://blog.talosintelligence.com/beyond-iocs-ai-enabled-threat-intelligence/; https://blog.talosintelligence.com/close-encounters-of-the-human-kind/,1,2,,,,,
e60ab99da105ee27ee09ea64ed8eb46d8edc92ee37f039dbc3e2bb9f587a33ba,sha256,high,Cisco Talos,2026-06-25,Beyond IOCs: AI-enabled threat intelligence; Close Encounters of the Human Kind,https://blog.talosintelligence.com/beyond-iocs-ai-enabled-threat-intelligence/; https://blog.talosintelligence.com/close-encounters-of-the-human-kind/,1,2,,,,,
CVE-2016-4437,cve,crit,Securelist (Kaspersky),2026-06-24,StrikeShark: investigating a new campaign delivering Cobalt Strike through SharkLoader,https://securelist.com/strikeshark-campaign/120326/,1,1,,,,,
CVE-2021-26855,cve,crit,Securelist (Kaspersky),2026-06-24,StrikeShark: investigating a new campaign delivering Cobalt Strike through SharkLoader,https://securelist.com/strikeshark-campaign/120326/,1,1,,,,,
CVE-2021-27076,cve,crit,Securelist (Kaspersky),2026-06-24,StrikeShark: investigating a new campaign delivering Cobalt Strike through SharkLoader,https://securelist.com/strikeshark-campaign/120326/,1,1,,,,,
CVE-2021-36260,cve,crit,Securelist (Kaspersky),2026-06-24,StrikeShark: investigating a new campaign delivering Cobalt Strike through SharkLoader,https://securelist.com/strikeshark-campaign/120326/,1,1,,,,,
CVE-2022-27925,cve,crit,Securelist (Kaspersky),2026-06-24,StrikeShark: investigating a new campaign delivering Cobalt Strike through SharkLoader,https://securelist.com/strikeshark-campaign/120326/,1,1,,,,,
CVE-2022-40684,cve,crit,Securelist (Kaspersky),2026-06-24,StrikeShark: investigating a new campaign delivering Cobalt Strike through SharkLoader,https://securelist.com/strikeshark-campaign/120326/,1,1,,,,,
CVE-2022-41082,cve,crit,Securelist (Kaspersky),2026-06-24,StrikeShark: investigating a new campaign delivering Cobalt Strike through SharkLoader,https://securelist.com/strikeshark-campaign/120326/,1,1,,,,,
CVE-2023-20198,cve,crit,Securelist (Kaspersky),2026-06-24,StrikeShark: investigating a new campaign delivering Cobalt Strike through SharkLoader,https://securelist.com/strikeshark-campaign/120326/,1,1,,,,,
CVE-2023-32315,cve,crit,Securelist (Kaspersky),2026-06-24,StrikeShark: investigating a new campaign delivering Cobalt Strike through SharkLoader,https://securelist.com/strikeshark-campaign/120326/,1,1,,,,,
CVE-2023-46747,cve,crit,Securelist (Kaspersky),2026-06-24,StrikeShark: investigating a new campaign delivering Cobalt Strike through SharkLoader,https://securelist.com/strikeshark-campaign/120326/,1,1,,,,,
CVE-2024-21762,cve,crit,Securelist (Kaspersky),2026-06-24,StrikeShark: investigating a new campaign delivering Cobalt Strike through SharkLoader,https://securelist.com/strikeshark-campaign/120326/,1,1,,,,,
CVE-2024-36401,cve,crit,Securelist (Kaspersky),2026-06-24,StrikeShark: investigating a new campaign delivering Cobalt Strike through SharkLoader,https://securelist.com/strikeshark-campaign/120326/,1,1,,,,,
connect-microsoft.com,domain,crit,Securelist (Kaspersky),2026-06-24,StrikeShark: investigating a new campaign delivering Cobalt Strike through SharkLoader,https://securelist.com/strikeshark-campaign/120326/,1,1,,,,,
ms-record.com,domain,crit,Securelist (Kaspersky),2026-06-24,StrikeShark: investigating a new campaign delivering Cobalt Strike through SharkLoader,https://securelist.com/strikeshark-campaign/120326/,1,1,,,,,
ms-record.top,domain,crit,Securelist (Kaspersky),2026-06-24,StrikeShark: investigating a new campaign delivering Cobalt Strike through SharkLoader,https://securelist.com/strikeshark-campaign/120326/,1,1,,,,,
ms-tray.top,domain,crit,Securelist (Kaspersky),2026-06-24,StrikeShark: investigating a new campaign delivering Cobalt Strike through SharkLoader,https://securelist.com/strikeshark-campaign/120326/,1,1,,,,,
wbound.com,domain,crit,ESET WeLiveSecurity,2026-06-24,ESET takes part in Operation Endgame to disrupt Amadey and Stealc,https://www.welivesecurity.com/en/eset-research/eset-takes-part-operation-endgame-disrupt-amadey-stealc/,1,1,,,,,
176.111.174.140,ipv4,crit,ESET WeLiveSecurity,2026-06-24,ESET takes part in Operation Endgame to disrupt Amadey and Stealc,https://www.welivesecurity.com/en/eset-research/eset-takes-part-operation-endgame-disrupt-amadey-stealc/,1,1,,,,,
176.124.199.207,ipv4,crit,ESET WeLiveSecurity,2026-06-24,ESET takes part in Operation Endgame to disrupt Amadey and Stealc,https://www.welivesecurity.com/en/eset-research/eset-takes-part-operation-endgame-disrupt-amadey-stealc/,1,1,,,,,
188.114.96.1,ipv4,crit,ESET WeLiveSecurity,2026-06-24,ESET takes part in Operation Endgame to disrupt Amadey and Stealc,https://www.welivesecurity.com/en/eset-research/eset-takes-part-operation-endgame-disrupt-amadey-stealc/,1,1,,,,,
193.156.1.16,ipv4,crit,ESET WeLiveSecurity,2026-06-24,ESET takes part in Operation Endgame to disrupt Amadey and Stealc,https://www.welivesecurity.com/en/eset-research/eset-takes-part-operation-endgame-disrupt-amadey-stealc/,1,1,,,,,
194.26.192.191,ipv4,crit,ESET WeLiveSecurity,2026-06-24,ESET takes part in Operation Endgame to disrupt Amadey and Stealc,https://www.welivesecurity.com/en/eset-research/eset-takes-part-operation-endgame-disrupt-amadey-stealc/,1,1,,,,,
196.251.107.130,ipv4,crit,ESET WeLiveSecurity,2026-06-24,ESET takes part in Operation Endgame to disrupt Amadey and Stealc,https://www.welivesecurity.com/en/eset-research/eset-takes-part-operation-endgame-disrupt-amadey-stealc/,1,1,,,,,
62.60.226.159,ipv4,crit,ESET WeLiveSecurity,2026-06-24,ESET takes part in Operation Endgame to disrupt Amadey and Stealc,https://www.welivesecurity.com/en/eset-research/eset-takes-part-operation-endgame-disrupt-amadey-stealc/,1,1,,,,,
64.188.91.237,ipv4,crit,ESET WeLiveSecurity,2026-06-24,ESET takes part in Operation Endgame to disrupt Amadey and Stealc,https://www.welivesecurity.com/en/eset-research/eset-takes-part-operation-endgame-disrupt-amadey-stealc/,1,1,,,,,
94.154.35.25,ipv4,crit,ESET WeLiveSecurity,2026-06-24,ESET takes part in Operation Endgame to disrupt Amadey and Stealc,https://www.welivesecurity.com/en/eset-research/eset-takes-part-operation-endgame-disrupt-amadey-stealc/,1,1,,,,,
95.85.238.4,ipv4,crit,ESET WeLiveSecurity,2026-06-24,ESET takes part in Operation Endgame to disrupt Amadey and Stealc,https://www.welivesecurity.com/en/eset-research/eset-takes-part-operation-endgame-disrupt-amadey-stealc/,1,1,,,,,
1f65544978b8ea0e745e573b8ee9684b,md5,crit,Securelist (Kaspersky),2026-06-24,StrikeShark: investigating a new campaign delivering Cobalt Strike through SharkLoader,https://securelist.com/strikeshark-campaign/120326/,1,1,,,,,
24fcebdeecba65004fdb0923763d74fd,md5,crit,Securelist (Kaspersky),2026-06-24,StrikeShark: investigating a new campaign delivering Cobalt Strike through SharkLoader,https://securelist.com/strikeshark-campaign/120326/,1,1,,,,,
9c872a0d5d5a38950e8b9ac9b488be3f,md5,crit,Securelist (Kaspersky),2026-06-24,StrikeShark: investigating a new campaign delivering Cobalt Strike through SharkLoader,https://securelist.com/strikeshark-campaign/120326/,1,1,,,,,
9cbd560f820c95d7c38342cd558cb5c6,md5,crit,Securelist (Kaspersky),2026-06-24,StrikeShark: investigating a new campaign delivering Cobalt Strike through SharkLoader,https://securelist.com/strikeshark-campaign/120326/,1,1,,,,,
a514d1bb62d7916475946fe7c07ac0aa,md5,crit,Securelist (Kaspersky),2026-06-24,StrikeShark: investigating a new campaign delivering Cobalt Strike through SharkLoader,https://securelist.com/strikeshark-campaign/120326/,1,1,,,,,
aa3086be652c8b20b0b29b2730d57119,md5,crit,Securelist (Kaspersky),2026-06-24,StrikeShark: investigating a new campaign delivering Cobalt Strike through SharkLoader,https://securelist.com/strikeshark-campaign/120326/,1,1,,,,,
b3352b42432dedc4a519f011dc8b5d5a,md5,crit,Securelist (Kaspersky),2026-06-24,StrikeShark: investigating a new campaign delivering Cobalt Strike through SharkLoader,https://securelist.com/strikeshark-campaign/120326/,1,1,,,,,
c559cc68986933200fd5d9e4388e2f58,md5,crit,Securelist (Kaspersky),2026-06-24,StrikeShark: investigating a new campaign delivering Cobalt Strike through SharkLoader,https://securelist.com/strikeshark-campaign/120326/,1,1,,,,,
d98f568496512e4f98670c61c97cb07a,md5,crit,Securelist (Kaspersky),2026-06-24,StrikeShark: investigating a new campaign delivering Cobalt Strike through SharkLoader,https://securelist.com/strikeshark-campaign/120326/,1,1,,,,,
glot.io,domain,crit,Unit 42 (Palo Alto),2026-06-23,OpenClaw’s Skill Marketplace and the Emerging AI Supply Chain Threat,https://unit42.paloaltonetworks.com/openclaw-ai-supply-chain-risk/,1,1,,,,,
rentry.co/openclaw-code,domain,crit,Unit 42 (Palo Alto),2026-06-23,OpenClaw’s Skill Marketplace and the Emerging AI Supply Chain Threat,https://unit42.paloaltonetworks.com/openclaw-ai-supply-chain-risk/,1,1,,,,,
6328567511d88fdc2ae0939c5ef17b7a63d2a833881900de018a4f12f4982525,sha256,crit,SentinelLabs,2026-06-23,"macOS.Gaslight | Rust Backdoor Turns Prompt Injection on the Analyst, Not the Sandbox",https://www.sentinelone.com/labs/macos-gaslight-rust-backdoor-turns-prompt-injection-on-the-analyst-not-the-sandbox/,1,1,,,,,
77b4fd46994992f0e57302cfe76ed23c0d90101381d2b89fc2ddf5c4536e77ca,sha256,crit,SentinelLabs,2026-06-23,"macOS.Gaslight | Rust Backdoor Turns Prompt Injection on the Analyst, Not the Sandbox",https://www.sentinelone.com/labs/macos-gaslight-rust-backdoor-turns-prompt-injection-on-the-analyst-not-the-sandbox/,1,1,,,,,
b3c56d689414343589f38394d19ba2fe9a518133281200faa0556ba4e4136394,sha256,crit,SentinelLabs,2026-06-23,"macOS.Gaslight | Rust Backdoor Turns Prompt Injection on the Analyst, Not the Sandbox",https://www.sentinelone.com/labs/macos-gaslight-rust-backdoor-turns-prompt-injection-on-the-analyst-not-the-sandbox/,1,1,,,,,
baabf249c77bc54c54ab0e66e15af798bd28aa5b4683554456a8b73ab8741239,sha256,crit,SentinelLabs,2026-06-23,"macOS.Gaslight | Rust Backdoor Turns Prompt Injection on the Analyst, Not the Sandbox",https://www.sentinelone.com/labs/macos-gaslight-rust-backdoor-turns-prompt-injection-on-the-analyst-not-the-sandbox/,1,1,,,,,
138.226.246.94,ipv4,high,Snyk,2026-06-23,When a vendor's breach becomes yours: lessons from the Klue incident,https://snyk.io/blog/when-a-vendors-breach-becomes-yours-lessons-from-the-klue-incident/,1,1,,,,,
212.86.125.24,ipv4,high,Snyk,2026-06-23,When a vendor's breach becomes yours: lessons from the Klue incident,https://snyk.io/blog/when-a-vendors-breach-becomes-yours-lessons-from-the-klue-incident/,1,1,,,,,
213.111.148.90,ipv4,high,Snyk,2026-06-23,When a vendor's breach becomes yours: lessons from the Klue incident,https://snyk.io/blog/when-a-vendors-breach-becomes-yours-lessons-from-the-klue-incident/,1,1,,,,,
94.154.32.160,ipv4,high,Snyk,2026-06-23,When a vendor's breach becomes yours: lessons from the Klue incident,https://snyk.io/blog/when-a-vendors-breach-becomes-yours-lessons-from-the-klue-incident/,1,1,,,,,
github.com/fardewoak/nodejs-argo,domain,crit,StepSecurity,2026-06-18,400+ AUR Packages Hijacked: What the “Atomic Arch” Campaign Means for Supply-Chain Security,https://www.stepsecurity.io/blog/400-aur-packages-hijacked-atomic-arch-campaign,1,1,,,,,
temp.sh,domain,crit,StepSecurity,2026-06-18,400+ AUR Packages Hijacked: What the “Atomic Arch” Campaign Means for Supply-Chain Security,https://www.stepsecurity.io/blog/400-aur-packages-hijacked-atomic-arch-campaign,1,1,,,,,
7069e28a5806db4ab0273639667d203f5e31b401d403af7e36d9f360c1f6d655,sha256,crit,StepSecurity; Aikido,2026-06-18,Miasma and Hades Are Spreading Now: Detect Them on Developer Machines with Suspicious Files; Red Hat npm Packages Compromised to Spread a Credential-Stealing Worm,https://www.stepsecurity.io/blog/miasma-and-hades-are-spreading-now-detect-them-on-developer-machines-with-suspicious-files; https://www.aikido.dev/blog/red-hat-npm-packages-compromised-credential-stealing-worm,2,2,,,,,
b86c5ae9e95bd841a595440faa3eb6317441e746f241ae8fd641ab59ed1d1966,sha256,crit,StepSecurity; Aikido,2026-06-18,Miasma and Hades Are Spreading Now: Detect Them on Developer Machines with Suspicious Files; Red Hat npm Packages Compromised to Spread a Credential-Stealing Worm,https://www.stepsecurity.io/blog/miasma-and-hades-are-spreading-now-detect-them-on-developer-machines-with-suspicious-files; https://www.aikido.dev/blog/red-hat-npm-packages-compromised-credential-stealing-worm,2,2,,,,,
c539766062555d47716f8432e73adbe3a0c0c954a0b6c4005017a668975e275c,sha256,high,StepSecurity,2026-06-18,Miasma and Hades Are Spreading Now: Detect Them on Developer Machines with Suspicious Files,https://www.stepsecurity.io/blog/miasma-and-hades-are-spreading-now-detect-them-on-developer-machines-with-suspicious-files,1,1,,,,,
dc48b09b2a5954f7ff79ab8a2fd80202bd3b59c08c7cdbc6025aa923cb4c0efe,sha256,high,StepSecurity,2026-06-18,Miasma and Hades Are Spreading Now: Detect Them on Developer Machines with Suspicious Files,https://www.stepsecurity.io/blog/miasma-and-hades-are-spreading-now-detect-them-on-developer-machines-with-suspicious-files,1,1,,,,,
e1342a80d4b5e83d2c7c22e1e0aaa95f2d88e3dbf0d853a4994b180c93a4b17d,sha256,high,StepSecurity,2026-06-18,Miasma and Hades Are Spreading Now: Detect Them on Developer Machines with Suspicious Files,https://www.stepsecurity.io/blog/miasma-and-hades-are-spreading-now-detect-them-on-developer-machines-with-suspicious-files,1,1,,,,,
f7d335205b8d7b20208fb3ef93ee6dc817905dc3ae0c10a0b164f4e7d07121cd,sha256,high,Snyk; Aikido,2026-06-18,"The full Snyk AI Security Platform, free for open source maintainers; axios compromised on npm: maintainer account hijacked, RAT deployed",https://snyk.io/blog/secure-developer-program/; https://www.aikido.dev/blog/axios-npm-compromised-maintainer-hijacked-rat,2,2,,,,,
CVE-2026-2473,cve,crit,Unit 42 (Palo Alto),2026-06-16,Pickle in the Middle – Hijacking Vertex AI Model Uploads for Cross-Tenant RCE,https://unit42.paloaltonetworks.com/hijacking-vertex-ai-model/,1,1,,,,,
CVE-2023-24932,cve,med,ESET WeLiveSecurity,2026-06-16,FishMonger’s arsenal upgraded: SprySOCKS for Windows,https://www.welivesecurity.com/en/eset-research/fishmongers-arsenal-upgraded-sprysocks-windows/,1,1,,,,,
207.148.75.122,ipv4,med,ESET WeLiveSecurity,2026-06-16,FishMonger’s arsenal upgraded: SprySOCKS for Windows,https://www.welivesecurity.com/en/eset-research/fishmongers-arsenal-upgraded-sprysocks-windows/,1,1,,,,,
207.148.78.36,ipv4,med,ESET WeLiveSecurity,2026-06-16,FishMonger’s arsenal upgraded: SprySOCKS for Windows,https://www.welivesecurity.com/en/eset-research/fishmongers-arsenal-upgraded-sprysocks-windows/,1,1,,,,,
037DB2445F3D72388CB2CF8510563148E5A184BE,sha1,med,ESET WeLiveSecurity,2026-06-16,FishMonger’s arsenal upgraded: SprySOCKS for Windows,https://www.welivesecurity.com/en/eset-research/fishmongers-arsenal-upgraded-sprysocks-windows/,1,1,,,,,
2457EED2AB28E37741F10914EF929DAD2C8079D4,sha1,med,ESET WeLiveSecurity,2026-06-16,FishMonger’s arsenal upgraded: SprySOCKS for Windows,https://www.welivesecurity.com/en/eset-research/fishmongers-arsenal-upgraded-sprysocks-windows/,1,1,,,,,
44DC4A08C5EB0972C8E18B0E01284E06F09006BB,sha1,med,ESET WeLiveSecurity,2026-06-16,FishMonger’s arsenal upgraded: SprySOCKS for Windows,https://www.welivesecurity.com/en/eset-research/fishmongers-arsenal-upgraded-sprysocks-windows/,1,1,,,,,
5F3B87CEF56683D9A9E19186E0FD0D8019B559C4,sha1,med,ESET WeLiveSecurity,2026-06-16,FishMonger’s arsenal upgraded: SprySOCKS for Windows,https://www.welivesecurity.com/en/eset-research/fishmongers-arsenal-upgraded-sprysocks-windows/,1,1,,,,,
621D1952839BE4B0A1B0E66E87BCE5062CA368ED,sha1,med,ESET WeLiveSecurity,2026-06-16,FishMonger’s arsenal upgraded: SprySOCKS for Windows,https://www.welivesecurity.com/en/eset-research/fishmongers-arsenal-upgraded-sprysocks-windows/,1,1,,,,,
6490B8E4AADE25A3EE2DA9A47F312DB2122470BC,sha1,med,ESET WeLiveSecurity,2026-06-16,FishMonger’s arsenal upgraded: SprySOCKS for Windows,https://www.welivesecurity.com/en/eset-research/fishmongers-arsenal-upgraded-sprysocks-windows/,1,1,,,,,
955BFC3DCC867256F9F46A606DEB0779FA3416D8,sha1,med,ESET WeLiveSecurity,2026-06-16,FishMonger’s arsenal upgraded: SprySOCKS for Windows,https://www.welivesecurity.com/en/eset-research/fishmongers-arsenal-upgraded-sprysocks-windows/,1,1,,,,,
AB87B29B6F79487C75CA08D102E79001E536F083,sha1,med,ESET WeLiveSecurity,2026-06-16,FishMonger’s arsenal upgraded: SprySOCKS for Windows,https://www.welivesecurity.com/en/eset-research/fishmongers-arsenal-upgraded-sprysocks-windows/,1,1,,,,,
C793CA31E3F6628B5C8986146953BF66232E9A30,sha1,med,ESET WeLiveSecurity,2026-06-16,FishMonger’s arsenal upgraded: SprySOCKS for Windows,https://www.welivesecurity.com/en/eset-research/fishmongers-arsenal-upgraded-sprysocks-windows/,1,1,,,,,
D2C706B1EAF662BF0CE124B5032F73ED84BDA24A,sha1,med,ESET WeLiveSecurity,2026-06-16,FishMonger’s arsenal upgraded: SprySOCKS for Windows,https://www.welivesecurity.com/en/eset-research/fishmongers-arsenal-upgraded-sprysocks-windows/,1,1,,,,,
E7484C24B88A1A2407A8F09D734F9A993670285B,sha1,med,ESET WeLiveSecurity,2026-06-16,FishMonger’s arsenal upgraded: SprySOCKS for Windows,https://www.welivesecurity.com/en/eset-research/fishmongers-arsenal-upgraded-sprysocks-windows/,1,1,,,,,
bumpgames.net,domain,high,ESET WeLiveSecurity,2026-06-15,EvilTokens: A phishing attack that doesn’t steal your password,https://www.welivesecurity.com/en/cybercrime/eviltokens-phishing-doesnt-steal-password/,1,1,,,,,
carbatterygurgaon.com,domain,high,ESET WeLiveSecurity,2026-06-15,EvilTokens: A phishing attack that doesn’t steal your password,https://www.welivesecurity.com/en/cybercrime/eviltokens-phishing-doesnt-steal-password/,1,1,,,,,
careldutoit-el.co.za,domain,high,ESET WeLiveSecurity,2026-06-15,EvilTokens: A phishing attack that doesn’t steal your password,https://www.welivesecurity.com/en/cybercrime/eviltokens-phishing-doesnt-steal-password/,1,1,,,,,
dao.com.au,domain,high,ESET WeLiveSecurity,2026-06-15,EvilTokens: A phishing attack that doesn’t steal your password,https://www.welivesecurity.com/en/cybercrime/eviltokens-phishing-doesnt-steal-password/,1,1,,,,,
eqfit.co.za,domain,high,ESET WeLiveSecurity,2026-06-15,EvilTokens: A phishing attack that doesn’t steal your password,https://www.welivesecurity.com/en/cybercrime/eviltokens-phishing-doesnt-steal-password/,1,1,,,,,
macmamo.com,domain,high,ESET WeLiveSecurity,2026-06-15,EvilTokens: A phishing attack that doesn’t steal your password,https://www.welivesecurity.com/en/cybercrime/eviltokens-phishing-doesnt-steal-password/,1,1,,,,,
pelangiservice.com,domain,high,ESET WeLiveSecurity,2026-06-15,EvilTokens: A phishing attack that doesn’t steal your password,https://www.welivesecurity.com/en/cybercrime/eviltokens-phishing-doesnt-steal-password/,1,1,,,,,
prcservis.com,domain,high,ESET WeLiveSecurity,2026-06-15,EvilTokens: A phishing attack that doesn’t steal your password,https://www.welivesecurity.com/en/cybercrime/eviltokens-phishing-doesnt-steal-password/,1,1,,,,,
smstltle.net,domain,high,ESET WeLiveSecurity,2026-06-15,EvilTokens: A phishing attack that doesn’t steal your password,https://www.welivesecurity.com/en/cybercrime/eviltokens-phishing-doesnt-steal-password/,1,1,,,,,
thesafarigarden.com,domain,high,ESET WeLiveSecurity,2026-06-15,EvilTokens: A phishing attack that doesn’t steal your password,https://www.welivesecurity.com/en/cybercrime/eviltokens-phishing-doesnt-steal-password/,1,1,,,,,
totalhomesafe.com,domain,high,ESET WeLiveSecurity,2026-06-15,EvilTokens: A phishing attack that doesn’t steal your password,https://www.welivesecurity.com/en/cybercrime/eviltokens-phishing-doesnt-steal-password/,1,1,,,,,
162.220.232.0,ipv4,high,ESET WeLiveSecurity,2026-06-15,EvilTokens: A phishing attack that doesn’t steal your password,https://www.welivesecurity.com/en/cybercrime/eviltokens-phishing-doesnt-steal-password/,1,1,,,,,
162.220.234.0,ipv4,high,ESET WeLiveSecurity,2026-06-15,EvilTokens: A phishing attack that doesn’t steal your password,https://www.welivesecurity.com/en/cybercrime/eviltokens-phishing-doesnt-steal-password/,1,1,,,,,
185.81.113.0,ipv4,high,ESET WeLiveSecurity,2026-06-15,EvilTokens: A phishing attack that doesn’t steal your password,https://www.welivesecurity.com/en/cybercrime/eviltokens-phishing-doesnt-steal-password/,1,1,,,,,
89.150.45.0,ipv4,high,ESET WeLiveSecurity,2026-06-15,EvilTokens: A phishing attack that doesn’t steal your password,https://www.welivesecurity.com/en/cybercrime/eviltokens-phishing-doesnt-steal-password/,1,1,,,,,
coachcybersecurity.com,domain,crit,ESET WeLiveSecurity,2026-06-11,OceanLotus: From external espionage to domestic targeting,https://www.welivesecurity.com/en/eset-research/oceanlotus-external-espionage-domestic-targeting/,1,1,,,,,
financemachinelearning.com,domain,crit,ESET WeLiveSecurity,2026-06-11,OceanLotus: From external espionage to domestic targeting,https://www.welivesecurity.com/en/eset-research/oceanlotus-external-espionage-domestic-targeting/,1,1,,,,,
gatewayrvcenter.com,domain,crit,ESET WeLiveSecurity,2026-06-11,OceanLotus: From external espionage to domestic targeting,https://www.welivesecurity.com/en/eset-research/oceanlotus-external-espionage-domestic-targeting/,1,1,,,,,
leadingfilipinoteams.com,domain,crit,ESET WeLiveSecurity,2026-06-11,OceanLotus: From external espionage to domestic targeting,https://www.welivesecurity.com/en/eset-research/oceanlotus-external-espionage-domestic-targeting/,1,1,,,,,
mxprodesign.com,domain,crit,ESET WeLiveSecurity,2026-06-11,OceanLotus: From external espionage to domestic targeting,https://www.welivesecurity.com/en/eset-research/oceanlotus-external-espionage-domestic-targeting/,1,1,,,,,
power-sync-services.com,domain,crit,ESET WeLiveSecurity,2026-06-11,OceanLotus: From external espionage to domestic targeting,https://www.welivesecurity.com/en/eset-research/oceanlotus-external-espionage-domestic-targeting/,1,1,,,,,
103.119.47.104,ipv4,crit,ESET WeLiveSecurity,2026-06-11,OceanLotus: From external espionage to domestic targeting,https://www.welivesecurity.com/en/eset-research/oceanlotus-external-espionage-domestic-targeting/,1,1,,,,,
139.162.11.152,ipv4,crit,ESET WeLiveSecurity,2026-06-11,OceanLotus: From external espionage to domestic targeting,https://www.welivesecurity.com/en/eset-research/oceanlotus-external-espionage-domestic-targeting/,1,1,,,,,
139.180.128.42,ipv4,crit,ESET WeLiveSecurity,2026-06-11,OceanLotus: From external espionage to domestic targeting,https://www.welivesecurity.com/en/eset-research/oceanlotus-external-espionage-domestic-targeting/,1,1,,,,,
139.99.33.239,ipv4,crit,ESET WeLiveSecurity,2026-06-11,OceanLotus: From external espionage to domestic targeting,https://www.welivesecurity.com/en/eset-research/oceanlotus-external-espionage-domestic-targeting/,1,1,,,,,
142.91.98.77,ipv4,crit,ESET WeLiveSecurity,2026-06-11,OceanLotus: From external espionage to domestic targeting,https://www.welivesecurity.com/en/eset-research/oceanlotus-external-espionage-domestic-targeting/,1,1,,,,,
166.88.77.186,ipv4,crit,ESET WeLiveSecurity,2026-06-11,OceanLotus: From external espionage to domestic targeting,https://www.welivesecurity.com/en/eset-research/oceanlotus-external-espionage-domestic-targeting/,1,1,,,,,
194.68.26.241,ipv4,crit,ESET WeLiveSecurity,2026-06-11,OceanLotus: From external espionage to domestic targeting,https://www.welivesecurity.com/en/eset-research/oceanlotus-external-espionage-domestic-targeting/,1,1,,,,,
38.60.245.37,ipv4,crit,ESET WeLiveSecurity,2026-06-11,OceanLotus: From external espionage to domestic targeting,https://www.welivesecurity.com/en/eset-research/oceanlotus-external-espionage-domestic-targeting/,1,1,,,,,
0037DBB0FEA981D02F6F76DE81EBAEFCB68B7D20,sha1,crit,ESET WeLiveSecurity,2026-06-11,OceanLotus: From external espionage to domestic targeting,https://www.welivesecurity.com/en/eset-research/oceanlotus-external-espionage-domestic-targeting/,1,1,,,,,
19A69F856EFA811C376F68E4FEB0997B4724F8BD,sha1,crit,ESET WeLiveSecurity,2026-06-11,OceanLotus: From external espionage to domestic targeting,https://www.welivesecurity.com/en/eset-research/oceanlotus-external-espionage-domestic-targeting/,1,1,,,,,
41CB8CD78B8DB76563E4F972ABE817CEEE9CF9B0,sha1,crit,ESET WeLiveSecurity,2026-06-11,OceanLotus: From external espionage to domestic targeting,https://www.welivesecurity.com/en/eset-research/oceanlotus-external-espionage-domestic-targeting/,1,1,,,,,
490194E9BB5128ECA8693AD9E610891C2ED185AF,sha1,crit,ESET WeLiveSecurity,2026-06-11,OceanLotus: From external espionage to domestic targeting,https://www.welivesecurity.com/en/eset-research/oceanlotus-external-espionage-domestic-targeting/,1,1,,,,,
4AD36AD6C165B5174967020CB1A3358F78D7A283,sha1,crit,ESET WeLiveSecurity,2026-06-11,OceanLotus: From external espionage to domestic targeting,https://www.welivesecurity.com/en/eset-research/oceanlotus-external-espionage-domestic-targeting/,1,1,,,,,
51176139B0B2220B802C1578A4994DF68DF5BCD1,sha1,crit,ESET WeLiveSecurity,2026-06-11,OceanLotus: From external espionage to domestic targeting,https://www.welivesecurity.com/en/eset-research/oceanlotus-external-espionage-domestic-targeting/,1,1,,,,,
57352B3CEEE32216E5AA20BAA848483D7AB5A6FB,sha1,crit,ESET WeLiveSecurity,2026-06-11,OceanLotus: From external espionage to domestic targeting,https://www.welivesecurity.com/en/eset-research/oceanlotus-external-espionage-domestic-targeting/,1,1,,,,,
59A8553A4F8130F576AB234E0B220BE4D4DA0E98,sha1,crit,ESET WeLiveSecurity,2026-06-11,OceanLotus: From external espionage to domestic targeting,https://www.welivesecurity.com/en/eset-research/oceanlotus-external-espionage-domestic-targeting/,1,1,,,,,
5D6194BB48FEBB91A10D1462461A012FAFC0918B,sha1,crit,ESET WeLiveSecurity,2026-06-11,OceanLotus: From external espionage to domestic targeting,https://www.welivesecurity.com/en/eset-research/oceanlotus-external-espionage-domestic-targeting/,1,1,,,,,
865A1739337D3303B3AB02C5E694C22B79C42B7D,sha1,crit,ESET WeLiveSecurity,2026-06-11,OceanLotus: From external espionage to domestic targeting,https://www.welivesecurity.com/en/eset-research/oceanlotus-external-espionage-domestic-targeting/,1,1,,,,,
91F042F59BE4BDCB6E5EA21B91DECD731C175B54,sha1,crit,ESET WeLiveSecurity,2026-06-11,OceanLotus: From external espionage to domestic targeting,https://www.welivesecurity.com/en/eset-research/oceanlotus-external-espionage-domestic-targeting/,1,1,,,,,
9BC06DF9F932746A05EE728C8B103BD3BA6BF395,sha1,crit,ESET WeLiveSecurity,2026-06-11,OceanLotus: From external espionage to domestic targeting,https://www.welivesecurity.com/en/eset-research/oceanlotus-external-espionage-domestic-targeting/,1,1,,,,,
9CA1A5C7F79882DB913534C1E62B26BCDCB9F6DD,sha1,crit,ESET WeLiveSecurity,2026-06-11,OceanLotus: From external espionage to domestic targeting,https://www.welivesecurity.com/en/eset-research/oceanlotus-external-espionage-domestic-targeting/,1,1,,,,,
A177ED0BFFEB1EFE1D9D31D72A82EF2625AE646D,sha1,crit,ESET WeLiveSecurity,2026-06-11,OceanLotus: From external espionage to domestic targeting,https://www.welivesecurity.com/en/eset-research/oceanlotus-external-espionage-domestic-targeting/,1,1,,,,,
A8E2BBBFCB86500322D2367744FA12755AB0C165,sha1,crit,ESET WeLiveSecurity,2026-06-11,OceanLotus: From external espionage to domestic targeting,https://www.welivesecurity.com/en/eset-research/oceanlotus-external-espionage-domestic-targeting/,1,1,,,,,
B028E947150764A71DEEF498DE6F8C95ECCCB445,sha1,crit,ESET WeLiveSecurity,2026-06-11,OceanLotus: From external espionage to domestic targeting,https://www.welivesecurity.com/en/eset-research/oceanlotus-external-espionage-domestic-targeting/,1,1,,,,,
B7B2D2DB544F9EEA74453CDF2B8BEEA58CF07C48,sha1,crit,ESET WeLiveSecurity,2026-06-11,OceanLotus: From external espionage to domestic targeting,https://www.welivesecurity.com/en/eset-research/oceanlotus-external-espionage-domestic-targeting/,1,1,,,,,
D511B77459673EC42163F19E300FF1D233B6C39F,sha1,crit,ESET WeLiveSecurity,2026-06-11,OceanLotus: From external espionage to domestic targeting,https://www.welivesecurity.com/en/eset-research/oceanlotus-external-espionage-domestic-targeting/,1,1,,,,,
F74F1FEB62B662CDA489FDB2453727824E55ACB9,sha1,crit,ESET WeLiveSecurity,2026-06-11,OceanLotus: From external espionage to domestic targeting,https://www.welivesecurity.com/en/eset-research/oceanlotus-external-espionage-domestic-targeting/,1,1,,,,,
F8F8209987CA7F139DE6A62F9E6EE21BD2AE93A9,sha1,crit,ESET WeLiveSecurity,2026-06-11,OceanLotus: From external espionage to domestic targeting,https://www.welivesecurity.com/en/eset-research/oceanlotus-external-espionage-domestic-targeting/,1,1,,,,,
webhook.site,domain,high,Aikido; StepSecurity; Snyk,2026-06-11,"npm v12 delivers one of the biggest security improvements in years; kubernetes-el Compromised: How a Pwn Request Exploited a Popular Emacs Package; How Harden Runner Detected the Sha1-Hulud Supply Chain Attack in CNCF's Backstage Repository; SHA1-Hulud, npm supply chain incident; Zero-day Extensive NPM Package Compromise - Shai Hulud Supply Chain Attack",https://www.aikido.dev/blog/npm-v12-block-postinstall; https://www.stepsecurity.io/blog/kubernetes-el-compromised-how-a-pwn-request-exploited-a-popular-emacs-package; https://www.stepsecurity.io/blog/how-harden-runner-detected-the-sha1-hulud-supply-chain-attack-in-cncfs-backstage-repository; https://snyk.io/blog/sha1-hulud-npm-supply-chain-incident/; https://snyk.io/blog/embedded-malicious-code-in-tinycolor-and-ngx-bootstrap-releases-on-npm/,3,5,,,,,
7bdbd180c081fa63ca94f9c22c457376,md5,high,Cisco Talos,2026-06-11,"A tale of two eras; Reporting from Vegas: Networking, AI, and good boys",https://blog.talosintelligence.com/a-tale-of-two-eras/; https://blog.talosintelligence.com/reporting-from-vegas-networking-ai-and-good-boys/,1,2,,,,,
aac3165ece2959f39ff98334618d10d9,md5,high,Cisco Talos,2026-06-11,A tale of two eras,https://blog.talosintelligence.com/a-tale-of-two-eras/,1,1,,,,,
46faab8ab153fae6e80e7cca38eab363075bb524edd79e42269217a083628f09,sha256,high,Aikido; StepSecurity; Snyk,2026-06-11,"npm v12 delivers one of the biggest security improvements in years; Securing Vibe Coding and AI Coding Agents: An End-to-End Approach with StepSecurity; How Harden Runner Detected the Sha1-Hulud Supply Chain Attack in CNCF's Backstage Repository; SHA1-Hulud, npm supply chain incident; Zero-day Extensive NPM Package Compromise - Shai Hulud Supply Chain Attack",https://www.aikido.dev/blog/npm-v12-block-postinstall; https://www.stepsecurity.io/blog/securing-vibe-coding-and-ai-coding-agents-an-end-to-end-approach-with-stepsecurity; https://www.stepsecurity.io/blog/how-harden-runner-detected-the-sha1-hulud-supply-chain-attack-in-cncfs-backstage-repository; https://snyk.io/blog/sha1-hulud-npm-supply-chain-incident/; https://snyk.io/blog/embedded-malicious-code-in-tinycolor-and-ngx-bootstrap-releases-on-npm/,3,5,,,,,
4b2399646573bb737c4969563303d8ee2e9ddbd1b271f1ca9e35ea78062538db,sha256,high,Aikido; StepSecurity; Snyk,2026-06-11,"npm v12 delivers one of the biggest security improvements in years; Securing Vibe Coding and AI Coding Agents: An End-to-End Approach with StepSecurity; How Harden Runner Detected the Sha1-Hulud Supply Chain Attack in CNCF's Backstage Repository; SHA1-Hulud, npm supply chain incident",https://www.aikido.dev/blog/npm-v12-block-postinstall; https://www.stepsecurity.io/blog/securing-vibe-coding-and-ai-coding-agents-an-end-to-end-approach-with-stepsecurity; https://www.stepsecurity.io/blog/how-harden-runner-detected-the-sha1-hulud-supply-chain-attack-in-cncfs-backstage-repository; https://snyk.io/blog/sha1-hulud-npm-supply-chain-incident/,3,4,,,,,
62ee164b9b306250c1172583f138c9614139264f889fa99614903c12755468d0,sha256,high,Aikido; StepSecurity; Snyk,2026-06-11,"npm v12 delivers one of the biggest security improvements in years; Securing Vibe Coding and AI Coding Agents: An End-to-End Approach with StepSecurity; How Harden Runner Detected the Sha1-Hulud Supply Chain Attack in CNCF's Backstage Repository; SHA1-Hulud, npm supply chain incident",https://www.aikido.dev/blog/npm-v12-block-postinstall; https://www.stepsecurity.io/blog/securing-vibe-coding-and-ai-coding-agents-an-end-to-end-approach-with-stepsecurity; https://www.stepsecurity.io/blog/how-harden-runner-detected-the-sha1-hulud-supply-chain-attack-in-cncfs-backstage-repository; https://snyk.io/blog/sha1-hulud-npm-supply-chain-incident/,3,4,,,,,
96fa6a7714670823c83099ea01d24d6d3ae8fef027f01a4ddac14f123b1c9974,sha256,high,Cisco Talos,2026-06-11,A tale of two eras,https://blog.talosintelligence.com/a-tale-of-two-eras/,1,1,,,,,
a31f222fc283227f5e7988d1ad9c0aecd66d58bb7b4d8518ae23e110308dbf91,sha256,high,Cisco Talos,2026-06-11,"A tale of two eras; Reporting from Vegas: Networking, AI, and good boys",https://blog.talosintelligence.com/a-tale-of-two-eras/; https://blog.talosintelligence.com/reporting-from-vegas-networking-ai-and-good-boys/,1,2,,,,,
a3894003ad1d293ba96d77881ccd2071446dc3f65f434669b49b3da92421901a,sha256,high,Aikido; StepSecurity; Snyk,2026-06-11,"npm v12 delivers one of the biggest security improvements in years; Securing Vibe Coding and AI Coding Agents: An End-to-End Approach with StepSecurity; How Harden Runner Detected the Sha1-Hulud Supply Chain Attack in CNCF's Backstage Repository; SHA1-Hulud, npm supply chain incident",https://www.aikido.dev/blog/npm-v12-block-postinstall; https://www.stepsecurity.io/blog/securing-vibe-coding-and-ai-coding-agents-an-end-to-end-approach-with-stepsecurity; https://www.stepsecurity.io/blog/how-harden-runner-detected-the-sha1-hulud-supply-chain-attack-in-cncfs-backstage-repository; https://snyk.io/blog/sha1-hulud-npm-supply-chain-incident/,3,4,,,,,
b74caeaa75e077c99f7d44f46daaf9796a3be43ecf24f2a1fd381844669da777,sha256,high,Aikido; StepSecurity; Snyk,2026-06-11,"npm v12 delivers one of the biggest security improvements in years; Securing Vibe Coding and AI Coding Agents: An End-to-End Approach with StepSecurity; How Harden Runner Detected the Sha1-Hulud Supply Chain Attack in CNCF's Backstage Repository; SHA1-Hulud, npm supply chain incident",https://www.aikido.dev/blog/npm-v12-block-postinstall; https://www.stepsecurity.io/blog/securing-vibe-coding-and-ai-coding-agents-an-end-to-end-approach-with-stepsecurity; https://www.stepsecurity.io/blog/how-harden-runner-detected-the-sha1-hulud-supply-chain-attack-in-cncfs-backstage-repository; https://snyk.io/blog/sha1-hulud-npm-supply-chain-incident/,3,4,,,,,
cbb9bc5a8496243e02f3cc080efbe3e4a1430ba0671f2e43a202bf45b05479cd,sha256,high,Aikido; StepSecurity; Snyk,2026-06-11,"npm v12 delivers one of the biggest security improvements in years; Securing Vibe Coding and AI Coding Agents: An End-to-End Approach with StepSecurity; How Harden Runner Detected the Sha1-Hulud Supply Chain Attack in CNCF's Backstage Repository; SHA1-Hulud, npm supply chain incident",https://www.aikido.dev/blog/npm-v12-block-postinstall; https://www.stepsecurity.io/blog/securing-vibe-coding-and-ai-coding-agents-an-end-to-end-approach-with-stepsecurity; https://www.stepsecurity.io/blog/how-harden-runner-detected-the-sha1-hulud-supply-chain-attack-in-cncfs-backstage-repository; https://snyk.io/blog/sha1-hulud-npm-supply-chain-incident/,3,4,,,,,
dc67467a39b70d1cd4c1f7f7a459b35058163592f4a9e8fb4dffcbba98ef210c,sha256,high,Aikido; StepSecurity; Snyk,2026-06-11,"npm v12 delivers one of the biggest security improvements in years; Securing Vibe Coding and AI Coding Agents: An End-to-End Approach with StepSecurity; How Harden Runner Detected the Sha1-Hulud Supply Chain Attack in CNCF's Backstage Repository; SHA1-Hulud, npm supply chain incident",https://www.aikido.dev/blog/npm-v12-block-postinstall; https://www.stepsecurity.io/blog/securing-vibe-coding-and-ai-coding-agents-an-end-to-end-approach-with-stepsecurity; https://www.stepsecurity.io/blog/how-harden-runner-detected-the-sha1-hulud-supply-chain-attack-in-cncfs-backstage-repository; https://snyk.io/blog/sha1-hulud-npm-supply-chain-incident/,3,4,,,,,
f099c5d9ec417d4445a0328ac0ada9cde79fc37410914103ae9c609cbc0ee068,sha256,high,Aikido; StepSecurity; Snyk,2026-06-11,"npm v12 delivers one of the biggest security improvements in years; Securing Vibe Coding and AI Coding Agents: An End-to-End Approach with StepSecurity; How Harden Runner Detected the Sha1-Hulud Supply Chain Attack in CNCF's Backstage Repository; SHA1-Hulud, npm supply chain incident",https://www.aikido.dev/blog/npm-v12-block-postinstall; https://www.stepsecurity.io/blog/securing-vibe-coding-and-ai-coding-agents-an-end-to-end-approach-with-stepsecurity; https://www.stepsecurity.io/blog/how-harden-runner-detected-the-sha1-hulud-supply-chain-attack-in-cncfs-backstage-repository; https://snyk.io/blog/sha1-hulud-npm-supply-chain-incident/,3,4,,,,,
o4511539639222272.ingest.de.sentry.io,domain,crit,Aikido,2026-06-10,Compromised Rust crate onering performs code exfiltration,https://www.aikido.dev/blog/compromised-rust-crate-onering-performs-code-exfiltration,1,1,,,,,
45.32.150.251,ipv4,crit,Aikido,2026-06-10,"Code is being written everywhere, and the device is the only constant; GlassWorm Hides a RAT Inside a Malicious Chrome Extension; Glassworm Strikes Popular React Native Phone Number Packages",https://www.aikido.dev/blog/code-is-written-everywhere; https://www.aikido.dev/blog/glassworm-chrome-extension-rat; https://www.aikido.dev/blog/glassworm-strikes-react-packages-phone-numbers,1,3,,,,,
CVE-2026-29199,cve,high,Aikido,2026-06-10,10 year old critical vulnerability in phpBB affecting tens of millions of users across thousands of forums,https://www.aikido.dev/blog/phpbb-authentication-bypass-rce,1,1,,,,,
45.32.151.157,ipv4,high,Aikido,2026-06-10,"Code is being written everywhere, and the device is the only constant",https://www.aikido.dev/blog/code-is-written-everywhere,1,1,,,,,
70.34.242.255,ipv4,high,Aikido,2026-06-10,"Code is being written everywhere, and the device is the only constant",https://www.aikido.dev/blog/code-is-written-everywhere,1,1,,,,,
CVE-2026-26142,cve,crit,Cisco Talos,2026-06-09,Microsoft Patch Tuesday for June 2026 — Snort rules and prominent vulnerabilities,https://blog.talosintelligence.com/microsoft-patch-tuesday-for-june-2026-snort-rules-and-prominent-vulnerabilities/,1,1,,,,,
CVE-2026-32193,cve,crit,Cisco Talos,2026-06-09,Microsoft Patch Tuesday for June 2026 — Snort rules and prominent vulnerabilities,https://blog.talosintelligence.com/microsoft-patch-tuesday-for-june-2026-snort-rules-and-prominent-vulnerabilities/,1,1,,,,,
CVE-2026-42985,cve,crit,Cisco Talos,2026-06-09,Microsoft Patch Tuesday for June 2026 — Snort rules and prominent vulnerabilities,https://blog.talosintelligence.com/microsoft-patch-tuesday-for-june-2026-snort-rules-and-prominent-vulnerabilities/,1,1,,,,,
CVE-2026-42987,cve,crit,Cisco Talos,2026-06-09,Microsoft Patch Tuesday for June 2026 — Snort rules and prominent vulnerabilities,https://blog.talosintelligence.com/microsoft-patch-tuesday-for-june-2026-snort-rules-and-prominent-vulnerabilities/,1,1,,,,,
CVE-2026-42992,cve,crit,Cisco Talos,2026-06-09,Microsoft Patch Tuesday for June 2026 — Snort rules and prominent vulnerabilities,https://blog.talosintelligence.com/microsoft-patch-tuesday-for-june-2026-snort-rules-and-prominent-vulnerabilities/,1,1,,,,,
CVE-2026-44799,cve,crit,Cisco Talos,2026-06-09,Microsoft Patch Tuesday for June 2026 — Snort rules and prominent vulnerabilities,https://blog.talosintelligence.com/microsoft-patch-tuesday-for-june-2026-snort-rules-and-prominent-vulnerabilities/,1,1,,,,,
CVE-2026-44801,cve,crit,Cisco Talos,2026-06-09,Microsoft Patch Tuesday for June 2026 — Snort rules and prominent vulnerabilities,https://blog.talosintelligence.com/microsoft-patch-tuesday-for-june-2026-snort-rules-and-prominent-vulnerabilities/,1,1,,,,,
CVE-2026-44803,cve,crit,Cisco Talos,2026-06-09,Microsoft Patch Tuesday for June 2026 — Snort rules and prominent vulnerabilities,https://blog.talosintelligence.com/microsoft-patch-tuesday-for-june-2026-snort-rules-and-prominent-vulnerabilities/,1,1,,,,,
CVE-2026-44810,cve,crit,Cisco Talos,2026-06-09,Microsoft Patch Tuesday for June 2026 — Snort rules and prominent vulnerabilities,https://blog.talosintelligence.com/microsoft-patch-tuesday-for-june-2026-snort-rules-and-prominent-vulnerabilities/,1,1,,,,,
CVE-2026-44812,cve,crit,Cisco Talos,2026-06-09,Microsoft Patch Tuesday for June 2026 — Snort rules and prominent vulnerabilities,https://blog.talosintelligence.com/microsoft-patch-tuesday-for-june-2026-snort-rules-and-prominent-vulnerabilities/,1,1,,,,,
CVE-2026-44815,cve,crit,Cisco Talos,2026-06-09,Microsoft Patch Tuesday for June 2026 — Snort rules and prominent vulnerabilities,https://blog.talosintelligence.com/microsoft-patch-tuesday-for-june-2026-snort-rules-and-prominent-vulnerabilities/,1,1,,,,,
CVE-2026-45456,cve,crit,Cisco Talos,2026-06-09,Microsoft Patch Tuesday for June 2026 — Snort rules and prominent vulnerabilities,https://blog.talosintelligence.com/microsoft-patch-tuesday-for-june-2026-snort-rules-and-prominent-vulnerabilities/,1,1,,,,,
CVE-2026-45458,cve,crit,Cisco Talos,2026-06-09,Microsoft Patch Tuesday for June 2026 — Snort rules and prominent vulnerabilities,https://blog.talosintelligence.com/microsoft-patch-tuesday-for-june-2026-snort-rules-and-prominent-vulnerabilities/,1,1,,,,,
CVE-2026-45461,cve,crit,Cisco Talos,2026-06-09,Microsoft Patch Tuesday for June 2026 — Snort rules and prominent vulnerabilities,https://blog.talosintelligence.com/microsoft-patch-tuesday-for-june-2026-snort-rules-and-prominent-vulnerabilities/,1,1,,,,,
CVE-2026-45463,cve,crit,Cisco Talos,2026-06-09,Microsoft Patch Tuesday for June 2026 — Snort rules and prominent vulnerabilities,https://blog.talosintelligence.com/microsoft-patch-tuesday-for-june-2026-snort-rules-and-prominent-vulnerabilities/,1,1,,,,,
CVE-2026-45472,cve,crit,Cisco Talos,2026-06-09,Microsoft Patch Tuesday for June 2026 — Snort rules and prominent vulnerabilities,https://blog.talosintelligence.com/microsoft-patch-tuesday-for-june-2026-snort-rules-and-prominent-vulnerabilities/,1,1,,,,,
CVE-2026-45474,cve,crit,Cisco Talos,2026-06-09,Microsoft Patch Tuesday for June 2026 — Snort rules and prominent vulnerabilities,https://blog.talosintelligence.com/microsoft-patch-tuesday-for-june-2026-snort-rules-and-prominent-vulnerabilities/,1,1,,,,,
CVE-2026-45476,cve,crit,Cisco Talos,2026-06-09,Microsoft Patch Tuesday for June 2026 — Snort rules and prominent vulnerabilities,https://blog.talosintelligence.com/microsoft-patch-tuesday-for-june-2026-snort-rules-and-prominent-vulnerabilities/,1,1,,,,,
CVE-2026-45607,cve,crit,Cisco Talos,2026-06-09,Microsoft Patch Tuesday for June 2026 — Snort rules and prominent vulnerabilities,https://blog.talosintelligence.com/microsoft-patch-tuesday-for-june-2026-snort-rules-and-prominent-vulnerabilities/,1,1,,,,,
CVE-2026-45641,cve,crit,Cisco Talos,2026-06-09,Microsoft Patch Tuesday for June 2026 — Snort rules and prominent vulnerabilities,https://blog.talosintelligence.com/microsoft-patch-tuesday-for-june-2026-snort-rules-and-prominent-vulnerabilities/,1,1,,,,,
CVE-2026-45648,cve,crit,Cisco Talos,2026-06-09,Microsoft Patch Tuesday for June 2026 — Snort rules and prominent vulnerabilities,https://blog.talosintelligence.com/microsoft-patch-tuesday-for-june-2026-snort-rules-and-prominent-vulnerabilities/,1,1,,,,,
CVE-2026-45657,cve,crit,Cisco Talos,2026-06-09,Microsoft Patch Tuesday for June 2026 — Snort rules and prominent vulnerabilities,https://blog.talosintelligence.com/microsoft-patch-tuesday-for-june-2026-snort-rules-and-prominent-vulnerabilities/,1,1,,,,,
CVE-2026-47288,cve,crit,Cisco Talos,2026-06-09,Microsoft Patch Tuesday for June 2026 — Snort rules and prominent vulnerabilities,https://blog.talosintelligence.com/microsoft-patch-tuesday-for-june-2026-snort-rules-and-prominent-vulnerabilities/,1,1,,,,,
CVE-2026-47289,cve,crit,Cisco Talos,2026-06-09,Microsoft Patch Tuesday for June 2026 — Snort rules and prominent vulnerabilities,https://blog.talosintelligence.com/microsoft-patch-tuesday-for-june-2026-snort-rules-and-prominent-vulnerabilities/,1,1,,,,,
CVE-2026-47291,cve,crit,Cisco Talos,2026-06-09,Microsoft Patch Tuesday for June 2026 — Snort rules and prominent vulnerabilities,https://blog.talosintelligence.com/microsoft-patch-tuesday-for-june-2026-snort-rules-and-prominent-vulnerabilities/,1,1,,,,,
CVE-2026-47635,cve,crit,Cisco Talos,2026-06-09,Microsoft Patch Tuesday for June 2026 — Snort rules and prominent vulnerabilities,https://blog.talosintelligence.com/microsoft-patch-tuesday-for-june-2026-snort-rules-and-prominent-vulnerabilities/,1,1,,,,,
CVE-2026-47644,cve,crit,Cisco Talos,2026-06-09,Microsoft Patch Tuesday for June 2026 — Snort rules and prominent vulnerabilities,https://blog.talosintelligence.com/microsoft-patch-tuesday-for-june-2026-snort-rules-and-prominent-vulnerabilities/,1,1,,,,,
CVE-2026-47652,cve,crit,Cisco Talos,2026-06-09,Microsoft Patch Tuesday for June 2026 — Snort rules and prominent vulnerabilities,https://blog.talosintelligence.com/microsoft-patch-tuesday-for-june-2026-snort-rules-and-prominent-vulnerabilities/,1,1,,,,,
CVE-2026-48563,cve,crit,Cisco Talos,2026-06-09,Microsoft Patch Tuesday for June 2026 — Snort rules and prominent vulnerabilities,https://blog.talosintelligence.com/microsoft-patch-tuesday-for-june-2026-snort-rules-and-prominent-vulnerabilities/,1,1,,,,,
CVE-2026-48574,cve,crit,Cisco Talos,2026-06-09,Microsoft Patch Tuesday for June 2026 — Snort rules and prominent vulnerabilities,https://blog.talosintelligence.com/microsoft-patch-tuesday-for-june-2026-snort-rules-and-prominent-vulnerabilities/,1,1,,,,,
check.git-service.com,domain,crit,StepSecurity; Aikido; Snyk,2026-06-09,Miasma Worm Hits Microsoft Again: Azure Functions Action and 72 Other Repositories Disabled After Supply Chain Attack Targeting AI Coding Agents; Why EDR and proxy won’t save you from supply chain malware; 5 Supply Chain Attacks in 48 Hours: Why Securing One Layer Is Not Enough; GitHub breached via a malicious VS Code extension: why developer devices are the real target; The AntV Supply Chain Campaign Expands: Microsoft's `durabletask` PyPI Package Compromised; Microsoft's durabletask package on PyPi Compromised. Mini Shai Hulud attacks again... again!,https://www.stepsecurity.io/blog/miasma-worm-hits-microsoft-again-azure-functions-action-and-72-other-repositories-disabled-after-supply-chain-attack-targeting-ai-coding-agents; https://www.aikido.dev/blog/edr-proxy-wont-protect-supply-chain-malware; https://www.stepsecurity.io/blog/5-supply-chain-attacks-in-48-hours-why-securing-one-layer-is-not-enough; https://www.aikido.dev/blog/github-breached-vs-code-extension; https://snyk.io/blog/durabletask-pypi-supply-chain-attack/; https://www.aikido.dev/blog/durabletask-package-compromised-mini-shai-hulud,3,6,,,,,
t.m-kosche.com,domain,crit,StepSecurity; Aikido; Snyk,2026-06-09,Miasma Worm Hits Microsoft Again: Azure Functions Action and 72 Other Repositories Disabled After Supply Chain Attack Targeting AI Coding Agents; Why EDR and proxy won’t save you from supply chain malware; 5 Supply Chain Attacks in 48 Hours: Why Securing One Layer Is Not Enough; The AntV Supply Chain Campaign Expands: Microsoft's `durabletask` PyPI Package Compromised; Microsoft's durabletask package on PyPi Compromised. Mini Shai Hulud attacks again... again!; Mini Shai-Hulud strikes again: npm worm compromises hundreds of @antv packages; actions-cool/issues-helper GitHub Action Compromised: All Tags Point to Imposter Commit That Exfiltrates CI/CD Credentials; Mini Shai-Hulud Hits AntV: 300+ Malicious npm Packages Published via Compromised Maintainer Account,https://www.stepsecurity.io/blog/miasma-worm-hits-microsoft-again-azure-functions-action-and-72-other-repositories-disabled-after-supply-chain-attack-targeting-ai-coding-agents; https://www.aikido.dev/blog/edr-proxy-wont-protect-supply-chain-malware; https://www.stepsecurity.io/blog/5-supply-chain-attacks-in-48-hours-why-securing-one-layer-is-not-enough; https://snyk.io/blog/durabletask-pypi-supply-chain-attack/; https://www.aikido.dev/blog/durabletask-package-compromised-mini-shai-hulud; https://www.aikido.dev/blog/mini-shai-hulud-antv-npm-supply-chain-attack; https://www.stepsecurity.io/blog/actions-cool-issues-helper-github-action-compromised-all-tags-point-to-imposter-commit-that-exfiltrates-ci-cd-credentials; https://snyk.io/blog/mini-shai-hulud-antv-npm-supply-chain-attack/,3,8,,,,,
104.207.144.154,ipv4,crit,Unit 42 (Palo Alto),2026-06-09,Threat Brief: Active Exploitation of PAN-OS CVE-2026-0257,https://unit42.paloaltonetworks.com/active-exploitation-of-pan-os-cve-2026-0257/,1,1,,,,,
146.19.216.119,ipv4,crit,Unit 42 (Palo Alto),2026-06-09,Threat Brief: Active Exploitation of PAN-OS CVE-2026-0257,https://unit42.paloaltonetworks.com/active-exploitation-of-pan-os-cve-2026-0257/,1,1,,,,,
146.19.216.120,ipv4,crit,Unit 42 (Palo Alto),2026-06-09,Threat Brief: Active Exploitation of PAN-OS CVE-2026-0257,https://unit42.paloaltonetworks.com/active-exploitation-of-pan-os-cve-2026-0257/,1,1,,,,,
146.19.216.125,ipv4,crit,Unit 42 (Palo Alto),2026-06-09,Threat Brief: Active Exploitation of PAN-OS CVE-2026-0257,https://unit42.paloaltonetworks.com/active-exploitation-of-pan-os-cve-2026-0257/,1,1,,,,,
179.43.172.213,ipv4,crit,Unit 42 (Palo Alto),2026-06-09,Threat Brief: Active Exploitation of PAN-OS CVE-2026-0257,https://unit42.paloaltonetworks.com/active-exploitation-of-pan-os-cve-2026-0257/,1,1,,,,,
185.195.232.139,ipv4,crit,Unit 42 (Palo Alto),2026-06-09,Threat Brief: Active Exploitation of PAN-OS CVE-2026-0257,https://unit42.paloaltonetworks.com/active-exploitation-of-pan-os-cve-2026-0257/,1,1,,,,,
185.95.159.32,ipv4,crit,StepSecurity; Snyk,2026-06-09,Miasma Worm Hits Microsoft Again: Azure Functions Action and 72 Other Repositories Disabled After Supply Chain Attack Targeting AI Coding Agents; The AntV Supply Chain Campaign Expands: Microsoft's `durabletask` PyPI Package Compromised; Mini Shai-Hulud Hits AntV: 300+ Malicious npm Packages Published via Compromised Maintainer Account,https://www.stepsecurity.io/blog/miasma-worm-hits-microsoft-again-azure-functions-action-and-72-other-repositories-disabled-after-supply-chain-attack-targeting-ai-coding-agents; https://snyk.io/blog/durabletask-pypi-supply-chain-attack/; https://snyk.io/blog/mini-shai-hulud-antv-npm-supply-chain-attack/,2,3,,,,,
198.12.106.60,ipv4,crit,Unit 42 (Palo Alto),2026-06-09,Threat Brief: Active Exploitation of PAN-OS CVE-2026-0257,https://unit42.paloaltonetworks.com/active-exploitation-of-pan-os-cve-2026-0257/,1,1,,,,,
202.144.192.47,ipv4,crit,Unit 42 (Palo Alto),2026-06-09,Threat Brief: Active Exploitation of PAN-OS CVE-2026-0257,https://unit42.paloaltonetworks.com/active-exploitation-of-pan-os-cve-2026-0257/,1,1,,,,,
23.128.228.6,ipv4,crit,Unit 42 (Palo Alto),2026-06-09,Threat Brief: Active Exploitation of PAN-OS CVE-2026-0257,https://unit42.paloaltonetworks.com/active-exploitation-of-pan-os-cve-2026-0257/,1,1,,,,,
069ac1dc7f7649b76bc72a11ac700f373804bfd81dab7e561157b703999f44ce,sha256,crit,StepSecurity; Aikido; Snyk,2026-06-09,Miasma Worm Hits Microsoft Again: Azure Functions Action and 72 Other Repositories Disabled After Supply Chain Attack Targeting AI Coding Agents; Why EDR and proxy won’t save you from supply chain malware; 5 Supply Chain Attacks in 48 Hours: Why Securing One Layer Is Not Enough; The AntV Supply Chain Campaign Expands: Microsoft's `durabletask` PyPI Package Compromised; Microsoft's durabletask package on PyPi Compromised. Mini Shai Hulud attacks again... again!,https://www.stepsecurity.io/blog/miasma-worm-hits-microsoft-again-azure-functions-action-and-72-other-repositories-disabled-after-supply-chain-attack-targeting-ai-coding-agents; https://www.aikido.dev/blog/edr-proxy-wont-protect-supply-chain-malware; https://www.stepsecurity.io/blog/5-supply-chain-attacks-in-48-hours-why-securing-one-layer-is-not-enough; https://snyk.io/blog/durabletask-pypi-supply-chain-attack/; https://www.aikido.dev/blog/durabletask-package-compromised-mini-shai-hulud,3,5,,,,,
288f26c2eadcb1a7923fe376d16f5404216cce15d9fc162a4a78574dc7df399a,sha256,crit,Aikido; Snyk,2026-06-09,"Wait, binding.gyp Can Do What? Exploring npm's Weirdest Build System; Node-gyp Supply Chain Compromise: A Self-Propagating npm Worm That Hides in binding.gyp",https://www.aikido.dev/blog/exploring-binding-gyp-npm-build-system; https://snyk.io/blog/node-gyp-supply-chain-compromise-self-propagating-npm-worm-binding-gyp/,2,2,,,,,
e3dbe63aded45278f49c4746ab938ed9472b36def79b43e2dd2d7eff014481d1,sha256,crit,Aikido; Snyk,2026-06-09,"Wait, binding.gyp Can Do What? Exploring npm's Weirdest Build System; Node-gyp Supply Chain Compromise: A Self-Propagating npm Worm That Hides in binding.gyp",https://www.aikido.dev/blog/exploring-binding-gyp-npm-build-system; https://snyk.io/blog/node-gyp-supply-chain-compromise-self-propagating-npm-worm-binding-gyp/,2,2,,,,,
dnsowl.com,domain,high,StepSecurity,2026-06-09,Miasma Worm Hits Microsoft Again: Azure Functions Action and 72 Other Repositories Disabled After Supply Chain Attack Targeting AI Coding Agents,https://www.stepsecurity.io/blog/miasma-worm-hits-microsoft-again-azure-functions-action-and-72-other-repositories-disabled-after-supply-chain-attack-targeting-ai-coding-agents,1,1,,,,,
160.119.64.3,ipv4,high,StepSecurity; Aikido; Snyk,2026-06-09,Miasma Worm Hits Microsoft Again: Azure Functions Action and 72 Other Repositories Disabled After Supply Chain Attack Targeting AI Coding Agents; Why EDR and proxy won’t save you from supply chain malware; The AntV Supply Chain Campaign Expands: Microsoft's `durabletask` PyPI Package Compromised,https://www.stepsecurity.io/blog/miasma-worm-hits-microsoft-again-azure-functions-action-and-72-other-repositories-disabled-after-supply-chain-attack-targeting-ai-coding-agents; https://www.aikido.dev/blog/edr-proxy-wont-protect-supply-chain-malware; https://snyk.io/blog/durabletask-pypi-supply-chain-attack/,3,3,,,,,
3a9db5ba0c8cd4c91e91717df6b1a141fc1e0fbc0558b5a78d7f5c23f5b2a150,sha256,high,StepSecurity,2026-06-09,Miasma Worm Hits Microsoft Again: Azure Functions Action and 72 Other Repositories Disabled After Supply Chain Attack Targeting AI Coding Agents,https://www.stepsecurity.io/blog/miasma-worm-hits-microsoft-again-azure-functions-action-and-72-other-repositories-disabled-after-supply-chain-attack-targeting-ai-coding-agents,1,1,,,,,
3de04fe2a76262743ed089efa7115f4508619838e77d60b9a1aab8b20d2cc8bf,sha256,high,StepSecurity; Aikido; Snyk,2026-06-09,Miasma Worm Hits Microsoft Again: Azure Functions Action and 72 Other Repositories Disabled After Supply Chain Attack Targeting AI Coding Agents; Why EDR and proxy won’t save you from supply chain malware; The AntV Supply Chain Campaign Expands: Microsoft's `durabletask` PyPI Package Compromised; Microsoft's durabletask package on PyPi Compromised. Mini Shai Hulud attacks again... again!,https://www.stepsecurity.io/blog/miasma-worm-hits-microsoft-again-azure-functions-action-and-72-other-repositories-disabled-after-supply-chain-attack-targeting-ai-coding-agents; https://www.aikido.dev/blog/edr-proxy-wont-protect-supply-chain-malware; https://snyk.io/blog/durabletask-pypi-supply-chain-attack/; https://www.aikido.dev/blog/durabletask-package-compromised-mini-shai-hulud,3,4,,,,,
633c8410ee0413ca4b090a19c30b20c03f31598c25247c484846fa34c1df5b64,sha256,high,StepSecurity,2026-06-09,Miasma Worm Hits Microsoft Again: Azure Functions Action and 72 Other Repositories Disabled After Supply Chain Attack Targeting AI Coding Agents,https://www.stepsecurity.io/blog/miasma-worm-hits-microsoft-again-azure-functions-action-and-72-other-repositories-disabled-after-supply-chain-attack-targeting-ai-coding-agents,1,1,,,,,
85f54c089d78ebfb101454ec934c767065a342a43c9ee1beac8430cdd3b2086f,sha256,high,StepSecurity; Aikido; Snyk,2026-06-09,Miasma Worm Hits Microsoft Again: Azure Functions Action and 72 Other Repositories Disabled After Supply Chain Attack Targeting AI Coding Agents; Why EDR and proxy won’t save you from supply chain malware; The AntV Supply Chain Campaign Expands: Microsoft's `durabletask` PyPI Package Compromised; Microsoft's durabletask package on PyPi Compromised. Mini Shai Hulud attacks again... again!,https://www.stepsecurity.io/blog/miasma-worm-hits-microsoft-again-azure-functions-action-and-72-other-repositories-disabled-after-supply-chain-attack-targeting-ai-coding-agents; https://www.aikido.dev/blog/edr-proxy-wont-protect-supply-chain-malware; https://snyk.io/blog/durabletask-pypi-supply-chain-attack/; https://www.aikido.dev/blog/durabletask-package-compromised-mini-shai-hulud,3,4,,,,,
c0b094e46842260936d4b97ce63e4539b99a3eae48b736798c700217c52569dc,sha256,high,StepSecurity; Aikido; Snyk,2026-06-09,Miasma Worm Hits Microsoft Again: Azure Functions Action and 72 Other Repositories Disabled After Supply Chain Attack Targeting AI Coding Agents; Why EDR and proxy won’t save you from supply chain malware; The AntV Supply Chain Campaign Expands: Microsoft's `durabletask` PyPI Package Compromised; Microsoft's durabletask package on PyPi Compromised. Mini Shai Hulud attacks again... again!,https://www.stepsecurity.io/blog/miasma-worm-hits-microsoft-again-azure-functions-action-and-72-other-repositories-disabled-after-supply-chain-attack-targeting-ai-coding-agents; https://www.aikido.dev/blog/edr-proxy-wont-protect-supply-chain-malware; https://snyk.io/blog/durabletask-pypi-supply-chain-attack/; https://www.aikido.dev/blog/durabletask-package-compromised-mini-shai-hulud,3,4,,,,,
d630397de8b01af0f6f5cf4463da91b17f28195a2c50c8f3f38ad9f7873fdb8e,sha256,high,StepSecurity,2026-06-09,Miasma Worm Hits Microsoft Again: Azure Functions Action and 72 Other Repositories Disabled After Supply Chain Attack Targeting AI Coding Agents,https://www.stepsecurity.io/blog/miasma-worm-hits-microsoft-again-azure-functions-action-and-72-other-repositories-disabled-after-supply-chain-attack-targeting-ai-coding-agents,1,1,,,,,
ommicrosoft.com,domain,high,Unit 42 (Palo Alto),2026-06-08,"When “Hi, This Is IT” Comes Through Microsoft Teams",https://unit42.paloaltonetworks.com/microsoft-teams-phishing/,1,1,,,,,
CVE-2025-6514,cve,high,Snyk,2026-06-04,So You Have an AI Security Budget. Now what?,https://snyk.io/blog/ai-security-budget/,1,1,,,,,
kongtuke.com,domain,high,Cisco Talos,2026-06-04,"Reporting from Vegas: Networking, AI, and good boys",https://blog.talosintelligence.com/reporting-from-vegas-networking-ai-and-good-boys/,1,1,,,,,
144.31.221.82,ipv4,high,Cisco Talos,2026-06-04,"Reporting from Vegas: Networking, AI, and good boys; Hypotheses, telemetry, and human judgment: Inside Cisco Talos Threat Hunting",https://blog.talosintelligence.com/reporting-from-vegas-networking-ai-and-good-boys/; https://blog.talosintelligence.com/hypotheses-telemetry-and-human-judgment-inside-cisco-talos-threat-hunting/,1,2,,,,,
608d01124cd6b5b8c55888e984b4c4d9b06fa686,sha1,high,Snyk,2026-06-04,Node-gyp Supply Chain Compromise: A Self-Propagating npm Worm That Hides in binding.gyp,https://snyk.io/blog/node-gyp-supply-chain-compromise-self-propagating-npm-worm-binding-gyp/,1,1,,,,,
8bf051251ec3b973e39a313547e53421a2f8d2f6,sha1,high,Snyk,2026-06-04,Node-gyp Supply Chain Compromise: A Self-Propagating npm Worm That Hides in binding.gyp,https://snyk.io/blog/node-gyp-supply-chain-compromise-self-propagating-npm-worm-binding-gyp/,1,1,,,,,
ab9903d9edc720d1e11ea7d3d3e7a1c456f44ff7,sha1,high,Snyk,2026-06-04,Node-gyp Supply Chain Compromise: A Self-Propagating npm Worm That Hides in binding.gyp,https://snyk.io/blog/node-gyp-supply-chain-compromise-self-propagating-npm-worm-binding-gyp/,1,1,,,,,
5926b86b642e00672252953eb30d8f75cfb7797fe3118bd6fa2cfbee92905d61,sha256,high,Snyk,2026-06-04,Node-gyp Supply Chain Compromise: A Self-Propagating npm Worm That Hides in binding.gyp,https://snyk.io/blog/node-gyp-supply-chain-compromise-self-propagating-npm-worm-binding-gyp/,1,1,,,,,
82d83274680df928fdda296a348e01802f595e412308c399565c320df444052a,sha256,high,Snyk,2026-06-04,Node-gyp Supply Chain Compromise: A Self-Propagating npm Worm That Hides in binding.gyp,https://snyk.io/blog/node-gyp-supply-chain-compromise-self-propagating-npm-worm-binding-gyp/,1,1,,,,,
ads-parkpro.com,domain,crit,Unit 42 (Palo Alto),2026-06-02,Operation FlutterBridge: macOS Malvertising Campaign Spreads New FlutterShell Backdoor,https://unit42.paloaltonetworks.com/flutterbridge-new-fluttershell-backdoor/,1,1,,,,,
adsparkpro.net,domain,crit,Unit 42 (Palo Alto),2026-06-02,Operation FlutterBridge: macOS Malvertising Campaign Spreads New FlutterShell Backdoor,https://unit42.paloaltonetworks.com/flutterbridge-new-fluttershell-backdoor/,1,1,,,,,
adsparkpro.top,domain,crit,Unit 42 (Palo Alto),2026-06-02,Operation FlutterBridge: macOS Malvertising Campaign Spreads New FlutterShell Backdoor,https://unit42.paloaltonetworks.com/flutterbridge-new-fluttershell-backdoor/,1,1,,,,,
atsheisdomestic.org,domain,crit,Unit 42 (Palo Alto),2026-06-02,Operation FlutterBridge: macOS Malvertising Campaign Spreads New FlutterShell Backdoor,https://unit42.paloaltonetworks.com/flutterbridge-new-fluttershell-backdoor/,1,1,,,,,
etoftheappyrince.org,domain,crit,Unit 42 (Palo Alto),2026-06-02,Operation FlutterBridge: macOS Malvertising Campaign Spreads New FlutterShell Backdoor,https://unit42.paloaltonetworks.com/flutterbridge-new-fluttershell-backdoor/,1,1,,,,,
healightejustb.org,domain,crit,Unit 42 (Palo Alto),2026-06-02,Operation FlutterBridge: macOS Malvertising Campaign Spreads New FlutterShell Backdoor,https://unit42.paloaltonetworks.com/flutterbridge-new-fluttershell-backdoor/,1,1,,,,,
sinterfumesco.com,domain,crit,Unit 42 (Palo Alto),2026-06-02,Operation FlutterBridge: macOS Malvertising Campaign Spreads New FlutterShell Backdoor,https://unit42.paloaltonetworks.com/flutterbridge-new-fluttershell-backdoor/,1,1,,,,,
softwe.art,domain,crit,Unit 42 (Palo Alto),2026-06-02,Operation FlutterBridge: macOS Malvertising Campaign Spreads New FlutterShell Backdoor,https://unit42.paloaltonetworks.com/flutterbridge-new-fluttershell-backdoor/,1,1,,,,,
556d2b335d4d6d92139822017ee461b668afe375,sha1,crit,StepSecurity; Snyk,2026-06-02,Laravel-Lang Supply Chain Attack: Every Tag Across Multiple Composer Packages Rewritten to Steal CI Secrets; Laravel Lang Supply Chain Advisory,https://www.stepsecurity.io/blog/laravel-lang-supply-chain-attack; https://snyk.io/blog/laravel-lang-supply-chain-advisory/,2,2,,,,,
a5ea2e8fa92ccf29cdb1d2dadbeb27722b2bff37,sha1,crit,StepSecurity; Snyk,2026-06-02,Laravel-Lang Supply Chain Attack: Every Tag Across Multiple Composer Packages Rewritten to Steal CI Secrets; Laravel Lang Supply Chain Advisory,https://www.stepsecurity.io/blog/laravel-lang-supply-chain-attack; https://snyk.io/blog/laravel-lang-supply-chain-advisory/,2,2,,,,,
bba2e443dc7ff1f8704f52a5375383e3f4f643b8,sha1,crit,StepSecurity; Snyk,2026-06-02,Laravel-Lang Supply Chain Attack: Every Tag Across Multiple Composer Packages Rewritten to Steal CI Secrets; Laravel Lang Supply Chain Advisory,https://www.stepsecurity.io/blog/laravel-lang-supply-chain-attack; https://snyk.io/blog/laravel-lang-supply-chain-advisory/,2,2,,,,,
021666417de8b9972c179783fe60d4c4ad2d93224e3a0f16137065c960b1b845,sha256,crit,Unit 42 (Palo Alto),2026-06-02,Operation FlutterBridge: macOS Malvertising Campaign Spreads New FlutterShell Backdoor,https://unit42.paloaltonetworks.com/flutterbridge-new-fluttershell-backdoor/,1,1,,,,,
1a4afce34918bdc74ae3f31edaffffaa0ee074d83618f53edfd88137927340b8,sha256,crit,StepSecurity; Aikido,2026-06-02,Nx Console VS Code Extension Compromised; What MDM can't protect on developer machines (and what to do about it); 5 Supply Chain Attacks in 48 Hours: Why Securing One Layer Is Not Enough; The Wild West of VS Code extensions and how a poisoned extension breached GitHub; GitHub breached via a malicious VS Code extension: why developer devices are the real target,https://www.stepsecurity.io/blog/nx-console-vs-code-extension-compromised; https://www.aikido.dev/blog/what-mdm-cant-protect; https://www.stepsecurity.io/blog/5-supply-chain-attacks-in-48-hours-why-securing-one-layer-is-not-enough; https://www.aikido.dev/blog/vs-code-extension-github-breach; https://www.aikido.dev/blog/github-breached-vs-code-extension,2,5,,,,,
30448686ec900d5213d74f08f0d2b7924c5336a29445b2a434aba8d8b19d7530,sha256,crit,Unit 42 (Palo Alto),2026-06-02,Operation FlutterBridge: macOS Malvertising Campaign Spreads New FlutterShell Backdoor,https://unit42.paloaltonetworks.com/flutterbridge-new-fluttershell-backdoor/,1,1,,,,,
363923500ce942bf1a953e8a4e943fbf1fb1b5ed6e5d247964c345b3ad5bfc34,sha256,crit,Unit 42 (Palo Alto),2026-06-02,Operation FlutterBridge: macOS Malvertising Campaign Spreads New FlutterShell Backdoor,https://unit42.paloaltonetworks.com/flutterbridge-new-fluttershell-backdoor/,1,1,,,,,
48047c34bbd57fe1e24bc538bc2ce9e0ac4c4eb48d3b0c195b414f0379dc0745,sha256,crit,Unit 42 (Palo Alto),2026-06-02,Operation FlutterBridge: macOS Malvertising Campaign Spreads New FlutterShell Backdoor,https://unit42.paloaltonetworks.com/flutterbridge-new-fluttershell-backdoor/,1,1,,,,,
644fc49fa1006a2a2acace694e5fb83753164e2617051ece6d9dc9ea32329e70,sha256,crit,Unit 42 (Palo Alto),2026-06-02,Operation FlutterBridge: macOS Malvertising Campaign Spreads New FlutterShell Backdoor,https://unit42.paloaltonetworks.com/flutterbridge-new-fluttershell-backdoor/,1,1,,,,,
7d80b3ef74ad7992b93c31966962612e4e2ceb93e7727cdbd1d2a9af47d44ba8,sha256,crit,Aikido; StepSecurity; Snyk,2026-06-02,Why EDR and proxy won’t save you from supply chain malware; 5 Supply Chain Attacks in 48 Hours: Why Securing One Layer Is Not Enough; The AntV Supply Chain Campaign Expands: Microsoft's `durabletask` PyPI Package Compromised,https://www.aikido.dev/blog/edr-proxy-wont-protect-supply-chain-malware; https://www.stepsecurity.io/blog/5-supply-chain-attacks-in-48-hours-why-securing-one-layer-is-not-enough; https://snyk.io/blog/durabletask-pypi-supply-chain-attack/,3,3,,,,,
8421c902364980e3d762ec6dbbe6b0f40577c27bd79b48c57d098328b2533109,sha256,crit,Unit 42 (Palo Alto),2026-06-02,Operation FlutterBridge: macOS Malvertising Campaign Spreads New FlutterShell Backdoor,https://unit42.paloaltonetworks.com/flutterbridge-new-fluttershell-backdoor/,1,1,,,,,
9053e8ddaecca1f960c041c944ca8799fc71dc86a4b50d2639ee4e0d2cb82f47,sha256,crit,Unit 42 (Palo Alto),2026-06-02,Operation FlutterBridge: macOS Malvertising Campaign Spreads New FlutterShell Backdoor,https://unit42.paloaltonetworks.com/flutterbridge-new-fluttershell-backdoor/,1,1,,,,,
9425e8e39fa8a7212cdd07f0917cb3dfde38a90b87297de2c82a5850aff1e4de,sha256,crit,Unit 42 (Palo Alto),2026-06-02,Operation FlutterBridge: macOS Malvertising Campaign Spreads New FlutterShell Backdoor,https://unit42.paloaltonetworks.com/flutterbridge-new-fluttershell-backdoor/,1,1,,,,,
aeaf583e20347bf850e2fabdcd6f4982996ba023f8c2cd56bbd299cfd56516f5,sha256,crit,Aikido; StepSecurity; Snyk,2026-06-02,Why EDR and proxy won’t save you from supply chain malware; 5 Supply Chain Attacks in 48 Hours: Why Securing One Layer Is Not Enough; The AntV Supply Chain Campaign Expands: Microsoft's `durabletask` PyPI Package Compromised,https://www.aikido.dev/blog/edr-proxy-wont-protect-supply-chain-malware; https://www.stepsecurity.io/blog/5-supply-chain-attacks-in-48-hours-why-securing-one-layer-is-not-enough; https://snyk.io/blog/durabletask-pypi-supply-chain-attack/,3,3,,,,,
b0cefb66b953e5184b6adb3035e9e267335ac5eabfe1848e07834777b9397b74,sha256,crit,StepSecurity; Aikido,2026-06-02,Nx Console VS Code Extension Compromised; What MDM can't protect on developer machines (and what to do about it); 5 Supply Chain Attacks in 48 Hours: Why Securing One Layer Is Not Enough; The Wild West of VS Code extensions and how a poisoned extension breached GitHub; GitHub breached via a malicious VS Code extension: why developer devices are the real target,https://www.stepsecurity.io/blog/nx-console-vs-code-extension-compromised; https://www.aikido.dev/blog/what-mdm-cant-protect; https://www.stepsecurity.io/blog/5-supply-chain-attacks-in-48-hours-why-securing-one-layer-is-not-enough; https://www.aikido.dev/blog/vs-code-extension-github-breach; https://www.aikido.dev/blog/github-breached-vs-code-extension,2,5,,,,,
b60074d1ea2008a581f432f2dee5f84f78668d9dd8e66f75d03c42dabd89bdea,sha256,crit,Unit 42 (Palo Alto),2026-06-02,Operation FlutterBridge: macOS Malvertising Campaign Spreads New FlutterShell Backdoor,https://unit42.paloaltonetworks.com/flutterbridge-new-fluttershell-backdoor/,1,1,,,,,
e7347d90653efc565f03733a95e9209d78f9cfa81e31ff2b2dd9d48d75a4b8b1,sha256,crit,StepSecurity; Aikido,2026-06-02,Nx Console VS Code Extension Compromised; What MDM can't protect on developer machines (and what to do about it); 5 Supply Chain Attacks in 48 Hours: Why Securing One Layer Is Not Enough; The Wild West of VS Code extensions and how a poisoned extension breached GitHub; GitHub breached via a malicious VS Code extension: why developer devices are the real target,https://www.stepsecurity.io/blog/nx-console-vs-code-extension-compromised; https://www.aikido.dev/blog/what-mdm-cant-protect; https://www.stepsecurity.io/blog/5-supply-chain-attacks-in-48-hours-why-securing-one-layer-is-not-enough; https://www.aikido.dev/blog/vs-code-extension-github-breach; https://www.aikido.dev/blog/github-breached-vs-code-extension,2,5,,,,,
packages.npm.org,domain,high,Aikido,2026-06-02,Why EDR and proxy won’t save you from supply chain malware,https://www.aikido.dev/blog/edr-proxy-wont-protect-supply-chain-malware,1,1,,,,,
1713b19cbf609cb101ff5e216be41f7224269082,sha1,high,StepSecurity,2026-06-02,Laravel-Lang Supply Chain Attack: Every Tag Across Multiple Composer Packages Rewritten to Steal CI Secrets,https://www.stepsecurity.io/blog/laravel-lang-supply-chain-attack,1,1,,,,,
26c233e1a0d4fd2331e8e0f175e18f8eed904aa3,sha1,high,StepSecurity,2026-06-02,Laravel-Lang Supply Chain Attack: Every Tag Across Multiple Composer Packages Rewritten to Steal CI Secrets,https://www.stepsecurity.io/blog/laravel-lang-supply-chain-attack,1,1,,,,,
50ac0db454d19234c835716f297bbc5363c0a25c,sha1,high,StepSecurity,2026-06-02,Laravel-Lang Supply Chain Attack: Every Tag Across Multiple Composer Packages Rewritten to Steal CI Secrets,https://www.stepsecurity.io/blog/laravel-lang-supply-chain-attack,1,1,,,,,
6b1d5782a8c8c199d070857802d39bfe609eb6f2,sha1,high,StepSecurity,2026-06-02,Laravel-Lang Supply Chain Attack: Every Tag Across Multiple Composer Packages Rewritten to Steal CI Secrets,https://www.stepsecurity.io/blog/laravel-lang-supply-chain-attack,1,1,,,,,
722cee67326d932e7f71ba3438f62a255d779aa9,sha1,high,StepSecurity,2026-06-02,Laravel-Lang Supply Chain Attack: Every Tag Across Multiple Composer Packages Rewritten to Steal CI Secrets,https://www.stepsecurity.io/blog/laravel-lang-supply-chain-attack,1,1,,,,,
9ee599d248cc322fa26054694a83a1f4558cc716,sha1,high,StepSecurity,2026-06-02,Laravel-Lang Supply Chain Attack: Every Tag Across Multiple Composer Packages Rewritten to Steal CI Secrets,https://www.stepsecurity.io/blog/laravel-lang-supply-chain-attack,1,1,,,,,
a9f8d88cf98e35988d3d0fd6d79547f980853041,sha1,high,StepSecurity,2026-06-02,Laravel-Lang Supply Chain Attack: Every Tag Across Multiple Composer Packages Rewritten to Steal CI Secrets,https://www.stepsecurity.io/blog/laravel-lang-supply-chain-attack,1,1,,,,,
ad24b980db8f0dca50ccb3ba6badb3c2331e0ef4,sha1,high,StepSecurity,2026-06-02,Laravel-Lang Supply Chain Attack: Every Tag Across Multiple Composer Packages Rewritten to Steal CI Secrets,https://www.stepsecurity.io/blog/laravel-lang-supply-chain-attack,1,1,,,,,
c45764e70285146da37025cd8601a921ab8a7eda,sha1,high,StepSecurity,2026-06-02,Laravel-Lang Supply Chain Attack: Every Tag Across Multiple Composer Packages Rewritten to Steal CI Secrets,https://www.stepsecurity.io/blog/laravel-lang-supply-chain-attack,1,1,,,,,
d59561727927117e65b35f0183cae131baad19fe,sha1,high,StepSecurity,2026-06-02,Laravel-Lang Supply Chain Attack: Every Tag Across Multiple Composer Packages Rewritten to Steal CI Secrets,https://www.stepsecurity.io/blog/laravel-lang-supply-chain-attack,1,1,,,,,
daa5212264bb73fb39fe7a36618b62717dc564a5,sha1,high,StepSecurity,2026-06-02,Laravel-Lang Supply Chain Attack: Every Tag Across Multiple Composer Packages Rewritten to Steal CI Secrets,https://www.stepsecurity.io/blog/laravel-lang-supply-chain-attack,1,1,,,,,
db0c3ef246103fd0f6c318e0d48f26b5289044c3,sha1,high,StepSecurity,2026-06-02,Laravel-Lang Supply Chain Attack: Every Tag Across Multiple Composer Packages Rewritten to Steal CI Secrets,https://www.stepsecurity.io/blog/laravel-lang-supply-chain-attack,1,1,,,,,
877ff2531a63393c4cb9a3c86908b62d9c4fc3db971bc231c48537faae6cb3ec,sha256,high,Aikido,2026-06-02,Why EDR and proxy won’t save you from supply chain malware,https://www.aikido.dev/blog/edr-proxy-wont-protect-supply-chain-malware,1,1,,,,,
970ba1a06bfabaf7a7f17df75f12a19e48ad4667c938bc7949a6a0502f6160b6,sha256,high,Snyk,2026-06-02,Protestware by open source maintainer to hinder agentic coding: The jqwik 1.10.0 Prompt Injection,https://snyk.io/blog/protestware-open-source-maintainer-qwik-1-10-0-prompt-injection/,1,1,,,,,
filev2.getsession.org,domain,crit,Aikido; StepSecurity; Snyk,2026-05-28,"What MDM can't protect on developer machines (and what to do about it); Why developer machines are now the number one target for supply chain attacks; 5 Supply Chain Attacks in 48 Hours: Why Securing One Layer Is Not Enough; Mini Shai-Hulud Hits AntV: 300+ Malicious npm Packages Published via Compromised Maintainer Account; TeamPCP's Mini Shai-Hulud Is Back: A Self-Spreading Supply Chain Attack Compromises TanStack npm Packages; Mini Shai-Hulud Is Back: npm Worm Hits over 160 Packages, including Mistral and Tanstack",https://www.aikido.dev/blog/what-mdm-cant-protect; https://www.aikido.dev/blog/developer-machines-supply-chain-attacks; https://www.stepsecurity.io/blog/5-supply-chain-attacks-in-48-hours-why-securing-one-layer-is-not-enough; https://snyk.io/blog/mini-shai-hulud-antv-npm-supply-chain-attack/; https://www.stepsecurity.io/blog/mini-shai-hulud-is-back-a-self-spreading-supply-chain-attack-hits-the-npm-ecosystem; https://www.aikido.dev/blog/mini-shai-hulud-is-back-tanstack-compromised,3,6,,,,,
558b09d7ad0d1660e2a0fb8a06da81a6f42e06d2,sha1,crit,Aikido; StepSecurity,2026-05-28,What MDM can't protect on developer machines (and what to do about it); 5 Supply Chain Attacks in 48 Hours: Why Securing One Layer Is Not Enough; The Wild West of VS Code extensions and how a poisoned extension breached GitHub,https://www.aikido.dev/blog/what-mdm-cant-protect; https://www.stepsecurity.io/blog/5-supply-chain-attacks-in-48-hours-why-securing-one-layer-is-not-enough; https://www.aikido.dev/blog/vs-code-extension-github-breach,2,3,,,,,
ba642fe2c7c65e42dd7f6444b83023dc6827e08c,sha1,crit,Aikido,2026-05-28,What MDM can't protect on developer machines (and what to do about it); The Wild West of VS Code extensions and how a poisoned extension breached GitHub,https://www.aikido.dev/blog/what-mdm-cant-protect; https://www.aikido.dev/blog/vs-code-extension-github-breach,1,2,,,,,
2ec78d556d696e208927cc503d48e4b5eb56b31abc2870c2ed2e98d6be27fc96,sha256,crit,Aikido; StepSecurity,2026-05-28,"What MDM can't protect on developer machines (and what to do about it); Why developer machines are now the number one target for supply chain attacks; TeamPCP's Mini Shai-Hulud Is Back: A Self-Spreading Supply Chain Attack Compromises TanStack npm Packages; Mini Shai-Hulud Is Back: npm Worm Hits over 160 Packages, including Mistral and Tanstack",https://www.aikido.dev/blog/what-mdm-cant-protect; https://www.aikido.dev/blog/developer-machines-supply-chain-attacks; https://www.stepsecurity.io/blog/mini-shai-hulud-is-back-a-self-spreading-supply-chain-attack-hits-the-npm-ecosystem; https://www.aikido.dev/blog/mini-shai-hulud-is-back-tanstack-compromised,2,4,,,,,
ab4fcadaec49c03278063dd269ea5eef82d24f2124a8e15d7b90f2fa8601266c,sha256,crit,Aikido; StepSecurity,2026-05-28,"What MDM can't protect on developer machines (and what to do about it); Why developer machines are now the number one target for supply chain attacks; TeamPCP's Mini Shai-Hulud Is Back: A Self-Spreading Supply Chain Attack Compromises TanStack npm Packages; Mini Shai-Hulud Is Back: npm Worm Hits over 160 Packages, including Mistral and Tanstack",https://www.aikido.dev/blog/what-mdm-cant-protect; https://www.aikido.dev/blog/developer-machines-supply-chain-attacks; https://www.stepsecurity.io/blog/mini-shai-hulud-is-back-a-self-spreading-supply-chain-attack-hits-the-npm-ecosystem; https://www.aikido.dev/blog/mini-shai-hulud-is-back-tanstack-compromised,2,4,,,,,
cyberhavenext.pro,domain,high,Aikido,2026-05-28,What MDM can't protect on developer machines (and what to do about it),https://www.aikido.dev/blog/what-mdm-cant-protect,1,1,,,,,
a2cf85d22a54e26794cbc7be16840bb1,md5,high,Cisco Talos,2026-05-28,"Less panic patching, more precision",https://blog.talosintelligence.com/less-panic-patching-more-precision/,1,1,,,,,
5e6060df7e8114cb7b412260870efd1dc05979454bd907d8750c669ae6fcbcfe,sha256,high,Cisco Talos,2026-05-28,"Less panic patching, more precision",https://blog.talosintelligence.com/less-panic-patching-more-precision/,1,1,,,,,
anyclaw.store,domain,high,Aikido,2026-05-27,Legitimate-Looking Codex Remote UI Secretly Steals Your AI Tokens,https://www.aikido.dev/blog/codex-remote-ui-steals-ai-tokens,1,1,,,,,
gyx.com,domain,high,Aikido,2026-05-27,Legitimate-Looking Codex Remote UI Secretly Steals Your AI Tokens,https://www.aikido.dev/blog/codex-remote-ui-steals-ai-tokens,1,1,,,,,
sentry.anyclaw.store,domain,high,Aikido,2026-05-27,Legitimate-Looking Codex Remote UI Secretly Steals Your AI Tokens,https://www.aikido.dev/blog/codex-remote-ui-steals-ai-tokens,1,1,,,,,
api.masscan.cloud,domain,crit,Aikido; StepSecurity,2026-05-26,Why developer machines are now the number one target for supply chain attacks; 5 Supply Chain Attacks in 48 Hours: Why Securing One Layer Is Not Enough; TeamPCP's Mini Shai-Hulud Is Back: A Self-Spreading Supply Chain Attack Compromises TanStack npm Packages,https://www.aikido.dev/blog/developer-machines-supply-chain-attacks; https://www.stepsecurity.io/blog/5-supply-chain-attacks-in-48-hours-why-securing-one-layer-is-not-enough; https://www.stepsecurity.io/blog/mini-shai-hulud-is-back-a-self-spreading-supply-chain-attack-hits-the-npm-ecosystem,2,3,,,,,
arbsniper.com,domain,crit,ESET WeLiveSecurity,2026-05-26,BTMOB: A stealthy RAT burrowing deep into Android devices,https://www.welivesecurity.com/en/malware/btmob-stealthy-rat-burrowing-deep-android-devices/,1,1,,,,,
git-tanstack.com,domain,crit,Aikido; StepSecurity,2026-05-26,"Why developer machines are now the number one target for supply chain attacks; TeamPCP's Mini Shai-Hulud Is Back: A Self-Spreading Supply Chain Attack Compromises TanStack npm Packages; Mini Shai-Hulud Is Back: npm Worm Hits over 160 Packages, including Mistral and Tanstack",https://www.aikido.dev/blog/developer-machines-supply-chain-attacks; https://www.stepsecurity.io/blog/mini-shai-hulud-is-back-a-self-spreading-supply-chain-attack-hits-the-npm-ecosystem; https://www.aikido.dev/blog/mini-shai-hulud-is-back-tanstack-compromised,2,3,,,,,
104.21.64.137,ipv4,crit,ESET WeLiveSecurity,2026-05-26,BTMOB: A stealthy RAT burrowing deep into Android devices,https://www.welivesecurity.com/en/malware/btmob-stealthy-rat-burrowing-deep-android-devices/,1,1,,,,,
142.251.183.138,ipv4,crit,ESET WeLiveSecurity,2026-05-26,BTMOB: A stealthy RAT burrowing deep into Android devices,https://www.welivesecurity.com/en/malware/btmob-stealthy-rat-burrowing-deep-android-devices/,1,1,,,,,
173.194.193.138,ipv4,crit,ESET WeLiveSecurity,2026-05-26,BTMOB: A stealthy RAT burrowing deep into Android devices,https://www.welivesecurity.com/en/malware/btmob-stealthy-rat-burrowing-deep-android-devices/,1,1,,,,,
173.194.194.94,ipv4,crit,ESET WeLiveSecurity,2026-05-26,BTMOB: A stealthy RAT burrowing deep into Android devices,https://www.welivesecurity.com/en/malware/btmob-stealthy-rat-burrowing-deep-android-devices/,1,1,,,,,
173.194.206.106,ipv4,crit,ESET WeLiveSecurity,2026-05-26,BTMOB: A stealthy RAT burrowing deep into Android devices,https://www.welivesecurity.com/en/malware/btmob-stealthy-rat-burrowing-deep-android-devices/,1,1,,,,,
178.156.177.192,ipv4,crit,ESET WeLiveSecurity,2026-05-26,BTMOB: A stealthy RAT burrowing deep into Android devices,https://www.welivesecurity.com/en/malware/btmob-stealthy-rat-burrowing-deep-android-devices/,1,1,,,,,
191.101.131.250,ipv4,crit,ESET WeLiveSecurity,2026-05-26,BTMOB: A stealthy RAT burrowing deep into Android devices,https://www.welivesecurity.com/en/malware/btmob-stealthy-rat-burrowing-deep-android-devices/,1,1,,,,,
191.96.224.87,ipv4,crit,ESET WeLiveSecurity,2026-05-26,BTMOB: A stealthy RAT burrowing deep into Android devices,https://www.welivesecurity.com/en/malware/btmob-stealthy-rat-burrowing-deep-android-devices/,1,1,,,,,
191.96.225.241,ipv4,crit,ESET WeLiveSecurity,2026-05-26,BTMOB: A stealthy RAT burrowing deep into Android devices,https://www.welivesecurity.com/en/malware/btmob-stealthy-rat-burrowing-deep-android-devices/,1,1,,,,,
191.96.78.172,ipv4,crit,ESET WeLiveSecurity,2026-05-26,BTMOB: A stealthy RAT burrowing deep into Android devices,https://www.welivesecurity.com/en/malware/btmob-stealthy-rat-burrowing-deep-android-devices/,1,1,,,,,
191.96.78.28,ipv4,crit,ESET WeLiveSecurity,2026-05-26,BTMOB: A stealthy RAT burrowing deep into Android devices,https://www.welivesecurity.com/en/malware/btmob-stealthy-rat-burrowing-deep-android-devices/,1,1,,,,,
191.96.79.133,ipv4,crit,ESET WeLiveSecurity,2026-05-26,BTMOB: A stealthy RAT burrowing deep into Android devices,https://www.welivesecurity.com/en/malware/btmob-stealthy-rat-burrowing-deep-android-devices/,1,1,,,,,
191.96.79.179,ipv4,crit,ESET WeLiveSecurity,2026-05-26,BTMOB: A stealthy RAT burrowing deep into Android devices,https://www.welivesecurity.com/en/malware/btmob-stealthy-rat-burrowing-deep-android-devices/,1,1,,,,,
191.96.79.41,ipv4,crit,ESET WeLiveSecurity,2026-05-26,BTMOB: A stealthy RAT burrowing deep into Android devices,https://www.welivesecurity.com/en/malware/btmob-stealthy-rat-burrowing-deep-android-devices/,1,1,,,,,
192.178.209.95,ipv4,crit,ESET WeLiveSecurity,2026-05-26,BTMOB: A stealthy RAT burrowing deep into Android devices,https://www.welivesecurity.com/en/malware/btmob-stealthy-rat-burrowing-deep-android-devices/,1,1,,,,,
195.160.221.203,ipv4,crit,ESET WeLiveSecurity,2026-05-26,BTMOB: A stealthy RAT burrowing deep into Android devices,https://www.welivesecurity.com/en/malware/btmob-stealthy-rat-burrowing-deep-android-devices/,1,1,,,,,
200.9.155.153,ipv4,crit,ESET WeLiveSecurity,2026-05-26,BTMOB: A stealthy RAT burrowing deep into Android devices,https://www.welivesecurity.com/en/malware/btmob-stealthy-rat-burrowing-deep-android-devices/,1,1,,,,,
74.125.132.95,ipv4,crit,ESET WeLiveSecurity,2026-05-26,BTMOB: A stealthy RAT burrowing deep into Android devices,https://www.welivesecurity.com/en/malware/btmob-stealthy-rat-burrowing-deep-android-devices/,1,1,,,,,
74.125.202.103,ipv4,crit,ESET WeLiveSecurity,2026-05-26,BTMOB: A stealthy RAT burrowing deep into Android devices,https://www.welivesecurity.com/en/malware/btmob-stealthy-rat-burrowing-deep-android-devices/,1,1,,,,,
78.135.93.123,ipv4,crit,ESET WeLiveSecurity,2026-05-26,BTMOB: A stealthy RAT burrowing deep into Android devices,https://www.welivesecurity.com/en/malware/btmob-stealthy-rat-burrowing-deep-android-devices/,1,1,,,,,
79.133.57.141,ipv4,crit,ESET WeLiveSecurity,2026-05-26,BTMOB: A stealthy RAT burrowing deep into Android devices,https://www.welivesecurity.com/en/malware/btmob-stealthy-rat-burrowing-deep-android-devices/,1,1,,,,,
02A52C4CC11748D44C9B49D508EE4E46425661981FA1406F30EC0830CB69DDC5,sha256,crit,ESET WeLiveSecurity,2026-05-26,BTMOB: A stealthy RAT burrowing deep into Android devices,https://www.welivesecurity.com/en/malware/btmob-stealthy-rat-burrowing-deep-android-devices/,1,1,,,,,
0A542751724A432A8448324613E0CE10393E41739A1800CBB7D5A2C648FCDC35,sha256,crit,ESET WeLiveSecurity,2026-05-26,BTMOB: A stealthy RAT burrowing deep into Android devices,https://www.welivesecurity.com/en/malware/btmob-stealthy-rat-burrowing-deep-android-devices/,1,1,,,,,
140A7F995B0336942691A2E93E2017FD575267C017C7D0728D69169306F91963,sha256,crit,ESET WeLiveSecurity,2026-05-26,BTMOB: A stealthy RAT burrowing deep into Android devices,https://www.welivesecurity.com/en/malware/btmob-stealthy-rat-burrowing-deep-android-devices/,1,1,,,,,
168F50BF9A87099094EF410E3AC33E676A6A8740A5437CD09E7B63D73DF8431A,sha256,crit,ESET WeLiveSecurity,2026-05-26,BTMOB: A stealthy RAT burrowing deep into Android devices,https://www.welivesecurity.com/en/malware/btmob-stealthy-rat-burrowing-deep-android-devices/,1,1,,,,,
1A60CB5F7E2FB7C09FC3DC8459108B26AC98EE73131F37A28CFDAD5FC75B7A7D,sha256,crit,ESET WeLiveSecurity,2026-05-26,BTMOB: A stealthy RAT burrowing deep into Android devices,https://www.welivesecurity.com/en/malware/btmob-stealthy-rat-burrowing-deep-android-devices/,1,1,,,,,
244D81FD9908CD17815501D4EDADEB1BAF1C421AA25D8BD61C7CB481C939540E,sha256,crit,ESET WeLiveSecurity,2026-05-26,BTMOB: A stealthy RAT burrowing deep into Android devices,https://www.welivesecurity.com/en/malware/btmob-stealthy-rat-burrowing-deep-android-devices/,1,1,,,,,
2525D1E427A9983B0B4CA0906A4B44FFB9814B23D53FD8A2E3AB6512B027C733,sha256,crit,ESET WeLiveSecurity,2026-05-26,BTMOB: A stealthy RAT burrowing deep into Android devices,https://www.welivesecurity.com/en/malware/btmob-stealthy-rat-burrowing-deep-android-devices/,1,1,,,,,
26A2268281E8043125EF72B92F8980B42912048753D56894BC378FB54C7C188A,sha256,crit,ESET WeLiveSecurity,2026-05-26,BTMOB: A stealthy RAT burrowing deep into Android devices,https://www.welivesecurity.com/en/malware/btmob-stealthy-rat-burrowing-deep-android-devices/,1,1,,,,,
512EDE9F2FA794907999F3C26165557FDFD383B7AAD71BA022CE2C8BA6C0019D,sha256,crit,ESET WeLiveSecurity,2026-05-26,BTMOB: A stealthy RAT burrowing deep into Android devices,https://www.welivesecurity.com/en/malware/btmob-stealthy-rat-burrowing-deep-android-devices/,1,1,,,,,
58AC130A8EBB09E37592AC69841483EDC5695D1545B1F04F23D5B760AC17CD94,sha256,crit,ESET WeLiveSecurity,2026-05-26,BTMOB: A stealthy RAT burrowing deep into Android devices,https://www.welivesecurity.com/en/malware/btmob-stealthy-rat-burrowing-deep-android-devices/,1,1,,,,,
5AAAF972C8BF39A98F2748E526DE3CC0370BA831997D7D9765CDABA599645C0D,sha256,crit,ESET WeLiveSecurity,2026-05-26,BTMOB: A stealthy RAT burrowing deep into Android devices,https://www.welivesecurity.com/en/malware/btmob-stealthy-rat-burrowing-deep-android-devices/,1,1,,,,,
6101D1E1811DB052F869F7EB3402DAD28DA7E92103D4A44EE43F95846A075012,sha256,crit,ESET WeLiveSecurity,2026-05-26,BTMOB: A stealthy RAT burrowing deep into Android devices,https://www.welivesecurity.com/en/malware/btmob-stealthy-rat-burrowing-deep-android-devices/,1,1,,,,,
676CB2D0A60403AFC06CEA1B572CB7261F706365FAC65621B5A4907893E7AC0D,sha256,crit,ESET WeLiveSecurity,2026-05-26,BTMOB: A stealthy RAT burrowing deep into Android devices,https://www.welivesecurity.com/en/malware/btmob-stealthy-rat-burrowing-deep-android-devices/,1,1,,,,,
6AE94CE710016D86ED7457236DEEF2C4C51478587F3609B6E827A348828B3931,sha256,crit,ESET WeLiveSecurity,2026-05-26,BTMOB: A stealthy RAT burrowing deep into Android devices,https://www.welivesecurity.com/en/malware/btmob-stealthy-rat-burrowing-deep-android-devices/,1,1,,,,,
6BBA64FA9E8A7B11CB2476CD071DE08986DB44B0783EFF211C68FA5594EF8143,sha256,crit,ESET WeLiveSecurity,2026-05-26,BTMOB: A stealthy RAT burrowing deep into Android devices,https://www.welivesecurity.com/en/malware/btmob-stealthy-rat-burrowing-deep-android-devices/,1,1,,,,,
6F9832EBB4C3054BEE4A6CE5CCB69C00E2020053E1308353343097E6A4041109,sha256,crit,ESET WeLiveSecurity,2026-05-26,BTMOB: A stealthy RAT burrowing deep into Android devices,https://www.welivesecurity.com/en/malware/btmob-stealthy-rat-burrowing-deep-android-devices/,1,1,,,,,
702261BA38B57ECC3A5407FED28B2F0611A74C2EC0C116AEA4F9E6DEF0899AED,sha256,crit,ESET WeLiveSecurity,2026-05-26,BTMOB: A stealthy RAT burrowing deep into Android devices,https://www.welivesecurity.com/en/malware/btmob-stealthy-rat-burrowing-deep-android-devices/,1,1,,,,,
75DD4FB011ED598374A46FC0D9C0D1D64A298341C34AFC83A56A6983CFD27764,sha256,crit,ESET WeLiveSecurity,2026-05-26,BTMOB: A stealthy RAT burrowing deep into Android devices,https://www.welivesecurity.com/en/malware/btmob-stealthy-rat-burrowing-deep-android-devices/,1,1,,,,,
7AC974899E8E05AAACD417577C97E382D5E8C5F7F4A85632CFFB47EC2F6AE4E0,sha256,crit,ESET WeLiveSecurity,2026-05-26,BTMOB: A stealthy RAT burrowing deep into Android devices,https://www.welivesecurity.com/en/malware/btmob-stealthy-rat-burrowing-deep-android-devices/,1,1,,,,,
8F09274E808E0063D51F34CAC82A5770B3DF30C792E426DA2F6A80657F27AFFC,sha256,crit,ESET WeLiveSecurity,2026-05-26,BTMOB: A stealthy RAT burrowing deep into Android devices,https://www.welivesecurity.com/en/malware/btmob-stealthy-rat-burrowing-deep-android-devices/,1,1,,,,,
97A0497DE585D3BE6EC75064AB3BD0979CD85561193C1F0669CCF4DB31330687,sha256,crit,ESET WeLiveSecurity,2026-05-26,BTMOB: A stealthy RAT burrowing deep into Android devices,https://www.welivesecurity.com/en/malware/btmob-stealthy-rat-burrowing-deep-android-devices/,1,1,,,,,
998A7ED1572AD9DC11375BC25294E1954E606B7CFF9FABC5C120713E597CD274,sha256,crit,ESET WeLiveSecurity,2026-05-26,BTMOB: A stealthy RAT burrowing deep into Android devices,https://www.welivesecurity.com/en/malware/btmob-stealthy-rat-burrowing-deep-android-devices/,1,1,,,,,
A1E457C52EAB430C20D48F2AC476E080386313F16EFB135A0471902CF68CE475,sha256,crit,ESET WeLiveSecurity,2026-05-26,BTMOB: A stealthy RAT burrowing deep into Android devices,https://www.welivesecurity.com/en/malware/btmob-stealthy-rat-burrowing-deep-android-devices/,1,1,,,,,
A764D73795ABE47AE640BA09999A18C47B5340E5ECC7B897AFEBF34F3F37638F,sha256,crit,ESET WeLiveSecurity,2026-05-26,BTMOB: A stealthy RAT burrowing deep into Android devices,https://www.welivesecurity.com/en/malware/btmob-stealthy-rat-burrowing-deep-android-devices/,1,1,,,,,
C6199E175FB988CBBEACDF0F5ACDF9ED83F5BDAAE5C95B7A6C27EE72CD11B0B1,sha256,crit,ESET WeLiveSecurity,2026-05-26,BTMOB: A stealthy RAT burrowing deep into Android devices,https://www.welivesecurity.com/en/malware/btmob-stealthy-rat-burrowing-deep-android-devices/,1,1,,,,,
C99139B0053C4C698EA0246D26D747F2A984C7ABA4613DA818ECD9F97899EF3A,sha256,crit,ESET WeLiveSecurity,2026-05-26,BTMOB: A stealthy RAT burrowing deep into Android devices,https://www.welivesecurity.com/en/malware/btmob-stealthy-rat-burrowing-deep-android-devices/,1,1,,,,,
D55057CD9110D12A192281356F06B94F342B9FEBB305CF0A5898A7E6AF40758F,sha256,crit,ESET WeLiveSecurity,2026-05-26,BTMOB: A stealthy RAT burrowing deep into Android devices,https://www.welivesecurity.com/en/malware/btmob-stealthy-rat-burrowing-deep-android-devices/,1,1,,,,,
DDCE0219923D152B8FACD303F058A6286CF1F6924992B9FB9F5BF4D96436CC39,sha256,crit,ESET WeLiveSecurity,2026-05-26,BTMOB: A stealthy RAT burrowing deep into Android devices,https://www.welivesecurity.com/en/malware/btmob-stealthy-rat-burrowing-deep-android-devices/,1,1,,,,,
E5A9FDFF900DD502E8F3DCE52D2D1B69AA9AFAFB5094A28F9037E8770DB0E63B,sha256,crit,ESET WeLiveSecurity,2026-05-26,BTMOB: A stealthy RAT burrowing deep into Android devices,https://www.welivesecurity.com/en/malware/btmob-stealthy-rat-burrowing-deep-android-devices/,1,1,,,,,
F76B13040C634F82A8332FF9443D84C89A5BCED51AE9ADAD7FD15C05FADB4324,sha256,crit,ESET WeLiveSecurity,2026-05-26,BTMOB: A stealthy RAT burrowing deep into Android devices,https://www.welivesecurity.com/en/malware/btmob-stealthy-rat-burrowing-deep-android-devices/,1,1,,,,,
seed1.getsession.org,domain,high,Aikido,2026-05-26,Why developer machines are now the number one target for supply chain attacks,https://www.aikido.dev/blog/developer-machines-supply-chain-attacks,1,1,,,,,
7c12d8614c624c70d6dd6fc2ee289332474abaa38f70ebe2cdef064923ca3a9b,sha256,high,Aikido,2026-05-26,Why developer machines are now the number one target for supply chain attacks,https://www.aikido.dev/blog/developer-machines-supply-chain-attacks,1,1,,,,,
actions-bot.com,domain,high,StepSecurity,2026-05-22,"Megalodon: Mass GitHub Actions Secret Exfiltration Across 5,500+ Public Repositories",https://www.stepsecurity.io/blog/megalodon-mass-github-actions-secret-exfiltration-across-5-500-public-repositories,1,1,,,,,
github-ci.com,domain,high,StepSecurity,2026-05-22,"Megalodon: Mass GitHub Actions Secret Exfiltration Across 5,500+ Public Repositories",https://www.stepsecurity.io/blog/megalodon-mass-github-actions-secret-exfiltration-across-5-500-public-repositories,1,1,,,,,
216.126.225.129,ipv4,high,StepSecurity,2026-05-22,"Megalodon: Mass GitHub Actions Secret Exfiltration Across 5,500+ Public Repositories",https://www.stepsecurity.io/blog/megalodon-mass-github-actions-secret-exfiltration-across-5-500-public-repositories,1,1,,,,,
acac5a9854650c4ae2883c4740bf87d34120c038,sha1,high,StepSecurity,2026-05-22,"Megalodon: Mass GitHub Actions Secret Exfiltration Across 5,500+ Public Repositories",https://www.stepsecurity.io/blog/megalodon-mass-github-actions-secret-exfiltration-across-5-500-public-repositories,1,1,,,,,
fifa26.shop,domain,med,ESET WeLiveSecurity,2026-05-22,"Foul play: Fake FIFA websites target soccer fans looking for World Cup tickets, merchandise",https://www.welivesecurity.com/en/cybersecurity/foul-play-fake-fifa-world-cup-websites-tickets/,1,1,,,,,
fifaworldcup26.hospitality.fifa.com,domain,med,ESET WeLiveSecurity,2026-05-22,"Foul play: Fake FIFA websites target soccer fans looking for World Cup tickets, merchandise",https://www.welivesecurity.com/en/cybersecurity/foul-play-fake-fifa-world-cup-websites-tickets/,1,1,,,,,
83.142.209.194,ipv4,crit,StepSecurity; Aikido,2026-05-21,"5 Supply Chain Attacks in 48 Hours: Why Securing One Layer Is Not Enough; TeamPCP's Mini Shai-Hulud Is Back: A Self-Spreading Supply Chain Attack Compromises TanStack npm Packages; Mini Shai-Hulud Is Back: npm Worm Hits over 160 Packages, including Mistral and Tanstack",https://www.stepsecurity.io/blog/5-supply-chain-attacks-in-48-hours-why-securing-one-layer-is-not-enough; https://www.stepsecurity.io/blog/mini-shai-hulud-is-back-a-self-spreading-supply-chain-attack-hits-the-npm-ecosystem; https://www.aikido.dev/blog/mini-shai-hulud-is-back-tanstack-compromised,2,3,,,,,
1c9e803c80cc7fed000022d4c94f4b5bc2e90062,sha1,crit,StepSecurity,2026-05-21,5 Supply Chain Attacks in 48 Hours: Why Securing One Layer Is Not Enough,https://www.stepsecurity.io/blog/5-supply-chain-attacks-in-48-hours-why-securing-one-layer-is-not-enough,1,1,,,,,
5c267592a87e92c2b005b338bd0d2724c2f64acb,sha1,crit,StepSecurity,2026-05-21,5 Supply Chain Attacks in 48 Hours: Why Securing One Layer Is Not Enough,https://www.stepsecurity.io/blog/5-supply-chain-attacks-in-48-hours-why-securing-one-layer-is-not-enough,1,1,,,,,
7f6120bb10c870b9fde146961a18e5bf0b3d4401,sha1,crit,StepSecurity,2026-05-21,5 Supply Chain Attacks in 48 Hours: Why Securing One Layer Is Not Enough,https://www.stepsecurity.io/blog/5-supply-chain-attacks-in-48-hours-why-securing-one-layer-is-not-enough,1,1,,,,,
99b7f41bf9e14a2a2c7cc524731336543f552178,sha1,crit,StepSecurity,2026-05-21,5 Supply Chain Attacks in 48 Hours: Why Securing One Layer Is Not Enough,https://www.stepsecurity.io/blog/5-supply-chain-attacks-in-48-hours-why-securing-one-layer-is-not-enough,1,1,,,,,
b9c83f01929e190cda300e76f688bf7ea7e37a7a,sha1,crit,StepSecurity,2026-05-21,5 Supply Chain Attacks in 48 Hours: Why Securing One Layer Is Not Enough,https://www.stepsecurity.io/blog/5-supply-chain-attacks-in-48-hours-why-securing-one-layer-is-not-enough,1,1,,,,,
f0448c62fc57b8a5ce23d8acd6e795cdd76a3b6c,sha1,crit,StepSecurity,2026-05-21,5 Supply Chain Attacks in 48 Hours: Why Securing One Layer Is Not Enough,https://www.stepsecurity.io/blog/5-supply-chain-attacks-in-48-hours-why-securing-one-layer-is-not-enough,1,1,,,,,
43f2b001846c4966073ebffa5be8f15e491a1e7d32bbd805d57406ff540e0dd9,sha256,crit,StepSecurity; Aikido,2026-05-21,5 Supply Chain Attacks in 48 Hours: Why Securing One Layer Is Not Enough; The Wild West of VS Code extensions and how a poisoned extension breached GitHub; GitHub breached via a malicious VS Code extension: why developer devices are the real target,https://www.stepsecurity.io/blog/5-supply-chain-attacks-in-48-hours-why-securing-one-layer-is-not-enough; https://www.aikido.dev/blog/vs-code-extension-github-breach; https://www.aikido.dev/blog/github-breached-vs-code-extension,2,3,,,,,
877ff2531a63393c4cb9c3c86908b62d9c4fc3db971bc231c48537faae6cb3ec,sha256,crit,StepSecurity; Snyk,2026-05-21,5 Supply Chain Attacks in 48 Hours: Why Securing One Layer Is Not Enough; The AntV Supply Chain Campaign Expands: Microsoft's `durabletask` PyPI Package Compromised,https://www.stepsecurity.io/blog/5-supply-chain-attacks-in-48-hours-why-securing-one-layer-is-not-enough; https://snyk.io/blog/durabletask-pypi-supply-chain-attack/,2,2,,,,,
cb86f4f223daa54467c7782a0d8607e9c84e2bb633e6f0e51d9a19579e200990,sha256,crit,StepSecurity,2026-05-21,5 Supply Chain Attacks in 48 Hours: Why Securing One Layer Is Not Enough,https://www.stepsecurity.io/blog/5-supply-chain-attacks-in-48-hours-why-securing-one-layer-is-not-enough,1,1,,,,,
CVE-2017-7692,cve,crit,ESET WeLiveSecurity,2026-05-20,Webworm: New burrowing techniques,https://www.welivesecurity.com/en/eset-research/webworm-new-burrowing-techniques/,1,1,,,,,
CVE-2026-48027,cve,crit,Aikido,2026-05-20,The Wild West of VS Code extensions and how a poisoned extension breached GitHub,https://www.aikido.dev/blog/vs-code-extension-github-breach,1,1,,,,,
github.com/anjsdgasdf/WordPress,domain,crit,ESET WeLiveSecurity,2026-05-20,Webworm: New burrowing techniques,https://www.welivesecurity.com/en/eset-research/webworm-new-burrowing-techniques/,1,1,,,,,
104.243.23.43,ipv4,crit,ESET WeLiveSecurity,2026-05-20,Webworm: New burrowing techniques,https://www.welivesecurity.com/en/eset-research/webworm-new-burrowing-techniques/,1,1,,,,,
108.61.200.151,ipv4,crit,ESET WeLiveSecurity,2026-05-20,Webworm: New burrowing techniques,https://www.welivesecurity.com/en/eset-research/webworm-new-burrowing-techniques/,1,1,,,,,
144.168.60.233,ipv4,crit,ESET WeLiveSecurity,2026-05-20,Webworm: New burrowing techniques,https://www.welivesecurity.com/en/eset-research/webworm-new-burrowing-techniques/,1,1,,,,,
45.77.13.67,ipv4,crit,ESET WeLiveSecurity,2026-05-20,Webworm: New burrowing techniques,https://www.welivesecurity.com/en/eset-research/webworm-new-burrowing-techniques/,1,1,,,,,
64.176.85.158,ipv4,crit,ESET WeLiveSecurity,2026-05-20,Webworm: New burrowing techniques,https://www.welivesecurity.com/en/eset-research/webworm-new-burrowing-techniques/,1,1,,,,,
1DF40A4A31B30B62EC33DC6FECC2C4408302ADC7,sha1,crit,ESET WeLiveSecurity,2026-05-20,Webworm: New burrowing techniques,https://www.welivesecurity.com/en/eset-research/webworm-new-burrowing-techniques/,1,1,,,,,
77F1970D620216C5FFF4E14A6CCC13FCCC267217,sha1,crit,ESET WeLiveSecurity,2026-05-20,Webworm: New burrowing techniques,https://www.welivesecurity.com/en/eset-research/webworm-new-burrowing-techniques/,1,1,,,,,
7DCFE9EE25841DFD58D3D6871BF867FE32141DFB,sha1,crit,ESET WeLiveSecurity,2026-05-20,Webworm: New burrowing techniques,https://www.welivesecurity.com/en/eset-research/webworm-new-burrowing-techniques/,1,1,,,,,
948159A7FC2E688386864BEA59FD40DFFC4B24D6,sha1,crit,ESET WeLiveSecurity,2026-05-20,Webworm: New burrowing techniques,https://www.welivesecurity.com/en/eset-research/webworm-new-burrowing-techniques/,1,1,,,,,
9d88f040c44b5f4d5f9db15ff89310776c168e99,sha1,crit,Aikido,2026-05-20,The Wild West of VS Code extensions and how a poisoned extension breached GitHub,https://www.aikido.dev/blog/vs-code-extension-github-breach,1,1,,,,,
A3C077BDF8898E612CCD65BC82E7960834ADB2A9,sha1,crit,ESET WeLiveSecurity,2026-05-20,Webworm: New burrowing techniques,https://www.welivesecurity.com/en/eset-research/webworm-new-burrowing-techniques/,1,1,,,,,
acfc3f957a63b4cde93ff645f2b6bf26a8ed1bbf,sha1,crit,Aikido,2026-05-20,The Wild West of VS Code extensions and how a poisoned extension breached GitHub,https://www.aikido.dev/blog/vs-code-extension-github-breach,1,1,,,,,
CB4E50433336707381429707F59C3CBE8D497D98,sha1,crit,ESET WeLiveSecurity,2026-05-20,Webworm: New burrowing techniques,https://www.welivesecurity.com/en/eset-research/webworm-new-burrowing-techniques/,1,1,,,,,
sh.azurestaticprovider.net,domain,crit,StepSecurity; Snyk,2026-05-19,Active Supply Chain Attack: Malicious node-ipc Versions Published to npm; Malicious node-ipc versions published to npm in suspected maintainer account compromise,https://www.stepsecurity.io/blog/node-ipc-npm-supply-chain-attack; https://snyk.io/blog/malicious-node-ipc-versions-published-npm/,2,2,,,,,
a68dd1e6a6e35ec3771e1f94fe796f55dfe65a2b94560516ff4ac189390dfa1c,sha256,crit,Aikido; StepSecurity; Snyk,2026-05-19,Mini Shai-Hulud strikes again: npm worm compromises hundreds of @antv packages; Mini Shai-Hulud Hits AntV: 300+ Malicious npm Packages Published via Compromised Maintainer Account,https://www.aikido.dev/blog/mini-shai-hulud-antv-npm-supply-chain-attack; https://snyk.io/blog/mini-shai-hulud-antv-npm-supply-chain-attack/,3,2,,,,,
bf9d8c0c3ed3ceaa831a13de27f1b1c7c7b7f01d2db4103bfdba4191940b0301,sha256,crit,StepSecurity,2026-05-19,Active Supply Chain Attack: Malicious node-ipc Versions Published to npm,https://www.stepsecurity.io/blog/node-ipc-npm-supply-chain-attack,1,1,,,,,
fb5c97557230a27460fdab01fafcfabeaa49590bafd5b6ef30501aa9e0a51142,sha256,crit,Aikido; StepSecurity; Snyk,2026-05-19,Mini Shai-Hulud strikes again: npm worm compromises hundreds of @antv packages; Mini Shai-Hulud Hits AntV: 300+ Malicious npm Packages Published via Compromised Maintainer Account,https://www.aikido.dev/blog/mini-shai-hulud-antv-npm-supply-chain-attack; https://snyk.io/blog/mini-shai-hulud-antv-npm-supply-chain-attack/,3,2,,,,,
git-service.com,domain,high,Aikido,2026-05-19,Microsoft's durabletask package on PyPi Compromised. Mini Shai Hulud attacks again... again!,https://www.aikido.dev/blog/durabletask-package-compromised-mini-shai-hulud,1,1,,,,,
m-kosche.com,domain,crit,Snyk,2026-05-18,Mini Shai-Hulud Hits AntV: 300+ Malicious npm Packages Published via Compromised Maintainer Account,https://snyk.io/blog/mini-shai-hulud-antv-npm-supply-chain-attack/,1,1,,,,,
b06b126b9e26af03a7ef2f8b8e90d446,md5,crit,Snyk,2026-05-18,Mini Shai-Hulud Hits AntV: 300+ Malicious npm Packages Published via Compromised Maintainer Account,https://snyk.io/blog/mini-shai-hulud-antv-npm-supply-chain-attack/,1,1,,,,,
783b4019fc5b942a29846132d28441c8fc31bed8,sha1,crit,Snyk,2026-05-18,Mini Shai-Hulud Hits AntV: 300+ Malicious npm Packages Published via Compromised Maintainer Account,https://snyk.io/blog/mini-shai-hulud-antv-npm-supply-chain-attack/,1,1,,,,,
azurestaticprovider.net,domain,crit,Snyk,2026-05-15,Malicious node-ipc versions published to npm in suspected maintainer account compromise,https://snyk.io/blog/malicious-node-ipc-versions-published-npm/,1,1,,,,,
37.16.75.69,ipv4,crit,Snyk,2026-05-15,Malicious node-ipc versions published to npm in suspected maintainer account compromise,https://snyk.io/blog/malicious-node-ipc-versions-published-npm/,1,1,,,,,
CVE-2023-38831,cve,crit,ESET WeLiveSecurity,2026-05-14,FrostyNeighbor: Fresh mischief and digital shenanigans,https://www.welivesecurity.com/en/eset-research/frostyneighbor-fresh-mischief-digital-shenanigans/,1,1,,,,,
CVE-2024-42009,cve,crit,ESET WeLiveSecurity,2026-05-14,FrostyNeighbor: Fresh mischief and digital shenanigans; ESET APT Activity Report Q2 2025–Q3 2025,https://www.welivesecurity.com/en/eset-research/frostyneighbor-fresh-mischief-digital-shenanigans/; https://www.welivesecurity.com/en/eset-research/eset-apt-activity-report-q2-2025-q3-2025/,1,2,,,,,
book-happy.needbinding.icu,domain,crit,ESET WeLiveSecurity,2026-05-14,FrostyNeighbor: Fresh mischief and digital shenanigans,https://www.welivesecurity.com/en/eset-research/frostyneighbor-fresh-mischief-digital-shenanigans/,1,1,,,,,
nama-belakang.nebao.icu,domain,crit,ESET WeLiveSecurity,2026-05-14,FrostyNeighbor: Fresh mischief and digital shenanigans,https://www.welivesecurity.com/en/eset-research/frostyneighbor-fresh-mischief-digital-shenanigans/,1,1,,,,,
nebao.icu,domain,crit,ESET WeLiveSecurity,2026-05-14,FrostyNeighbor: Fresh mischief and digital shenanigans,https://www.welivesecurity.com/en/eset-research/frostyneighbor-fresh-mischief-digital-shenanigans/,1,1,,,,,
needbinding.icu,domain,crit,ESET WeLiveSecurity,2026-05-14,FrostyNeighbor: Fresh mischief and digital shenanigans,https://www.welivesecurity.com/en/eset-research/frostyneighbor-fresh-mischief-digital-shenanigans/,1,1,,,,,
43E30BE82D82B24A6496F6943ECB6877E83F88AB,sha1,crit,ESET WeLiveSecurity,2026-05-14,FrostyNeighbor: Fresh mischief and digital shenanigans,https://www.welivesecurity.com/en/eset-research/frostyneighbor-fresh-mischief-digital-shenanigans/,1,1,,,,,
776A43E46C36A539C916ED426745EE96E2392B39,sha1,crit,ESET WeLiveSecurity,2026-05-14,FrostyNeighbor: Fresh mischief and digital shenanigans,https://www.welivesecurity.com/en/eset-research/frostyneighbor-fresh-mischief-digital-shenanigans/,1,1,,,,,
8D1F2A6DF51C7783F2EAF1A0FC0FF8D032E5B57F,sha1,crit,ESET WeLiveSecurity,2026-05-14,FrostyNeighbor: Fresh mischief and digital shenanigans,https://www.welivesecurity.com/en/eset-research/frostyneighbor-fresh-mischief-digital-shenanigans/,1,1,,,,,
B65551D339AECE718EA1465BF3542C794C445EFC,sha1,crit,ESET WeLiveSecurity,2026-05-14,FrostyNeighbor: Fresh mischief and digital shenanigans,https://www.welivesecurity.com/en/eset-research/frostyneighbor-fresh-mischief-digital-shenanigans/,1,1,,,,,
CVE-2026-45321,cve,crit,StepSecurity; Aikido; Snyk,2026-05-12,"TeamPCP's Mini Shai-Hulud Is Back: A Self-Spreading Supply Chain Attack Compromises TanStack npm Packages; Mini Shai-Hulud Is Back: npm Worm Hits over 160 Packages, including Mistral and Tanstack; TanStack Npm Packages Compromised Inside The Mini Shai Hulud Supply Chain Attack",https://www.stepsecurity.io/blog/mini-shai-hulud-is-back-a-self-spreading-supply-chain-attack-hits-the-npm-ecosystem; https://www.aikido.dev/blog/mini-shai-hulud-is-back-tanstack-compromised; https://snyk.io/blog/tanstack-npm-packages-compromised/,3,3,,,,,
litter.catbox.moe,domain,crit,StepSecurity,2026-05-12,TeamPCP's Mini Shai-Hulud Is Back: A Self-Spreading Supply Chain Attack Compromises TanStack npm Packages,https://www.stepsecurity.io/blog/mini-shai-hulud-is-back-a-self-spreading-supply-chain-attack-hits-the-npm-ecosystem,1,1,,,,,
12f35b1081b17d21815b35feb57ab03d02482116,sha1,crit,StepSecurity; Aikido,2026-05-12,"TeamPCP's Mini Shai-Hulud Is Back: A Self-Spreading Supply Chain Attack Compromises TanStack npm Packages; Mini Shai-Hulud Is Back: npm Worm Hits over 160 Packages, including Mistral and Tanstack",https://www.stepsecurity.io/blog/mini-shai-hulud-is-back-a-self-spreading-supply-chain-attack-hits-the-npm-ecosystem; https://www.aikido.dev/blog/mini-shai-hulud-is-back-tanstack-compromised,2,2,,,,,
820fa07a7328b6cf2b417078e103721d4d8f2e79,sha1,crit,StepSecurity; Aikido,2026-05-12,"TeamPCP's Mini Shai-Hulud Is Back: A Self-Spreading Supply Chain Attack Compromises TanStack npm Packages; Mini Shai-Hulud Is Back: npm Worm Hits over 160 Packages, including Mistral and Tanstack",https://www.stepsecurity.io/blog/mini-shai-hulud-is-back-a-self-spreading-supply-chain-attack-hits-the-npm-ecosystem; https://www.aikido.dev/blog/mini-shai-hulud-is-back-tanstack-compromised,2,2,,,,,
e7d582b98ca80690883175470e96f703ef6dc497,sha1,crit,StepSecurity; Aikido,2026-05-12,"TeamPCP's Mini Shai-Hulud Is Back: A Self-Spreading Supply Chain Attack Compromises TanStack npm Packages; Mini Shai-Hulud Is Back: npm Worm Hits over 160 Packages, including Mistral and Tanstack",https://www.stepsecurity.io/blog/mini-shai-hulud-is-back-a-self-spreading-supply-chain-attack-hits-the-npm-ecosystem; https://www.aikido.dev/blog/mini-shai-hulud-is-back-tanstack-compromised,2,2,,,,,
1e8538c6e0563d50da0f2e097e979ebd5294ce1defe01d0b9fe361ba3bed1898,sha256,crit,StepSecurity,2026-05-12,TeamPCP's Mini Shai-Hulud Is Back: A Self-Spreading Supply Chain Attack Compromises TanStack npm Packages,https://www.stepsecurity.io/blog/mini-shai-hulud-is-back-a-self-spreading-supply-chain-attack-hits-the-npm-ecosystem,1,1,,,,,
2258284d65f63829bd67eaba01ef6f1ada2f593f9bbe41678b2df360bd90d3df,sha256,crit,StepSecurity; Aikido,2026-05-12,"TeamPCP's Mini Shai-Hulud Is Back: A Self-Spreading Supply Chain Attack Compromises TanStack npm Packages; Mini Shai-Hulud Is Back: npm Worm Hits over 160 Packages, including Mistral and Tanstack",https://www.stepsecurity.io/blog/mini-shai-hulud-is-back-a-self-spreading-supply-chain-attack-hits-the-npm-ecosystem; https://www.aikido.dev/blog/mini-shai-hulud-is-back-tanstack-compromised,2,2,,,,,
833fd59ebe66a4449982c6d18db656b4,md5,crit,Aikido,2026-05-11,"Mini Shai-Hulud Is Back: npm Worm Hits over 160 Packages, including Mistral and Tanstack",https://www.aikido.dev/blog/mini-shai-hulud-is-back-tanstack-compromised,1,1,,,,,
b82e54923f7e440664d2d75bd31588ca,md5,crit,Aikido,2026-05-11,"Mini Shai-Hulud Is Back: npm Worm Hits over 160 Packages, including Mistral and Tanstack",https://www.aikido.dev/blog/mini-shai-hulud-is-back-tanstack-compromised,1,1,,,,,
12ed9a3c1f73617aefdb740480695c04405d7b4b,sha1,crit,Aikido,2026-05-11,"Mini Shai-Hulud Is Back: npm Worm Hits over 160 Packages, including Mistral and Tanstack",https://www.aikido.dev/blog/mini-shai-hulud-is-back-tanstack-compromised,1,1,,,,,
CVE-2025-29927,cve,crit,SentinelLabs; Snyk,2026-05-07,PCPJack | Cloud Worm Evicts TeamPCP and Steals Credentials at Scale; CVE-2025-29927 Authorization Bypass in Next.js Middleware,https://www.sentinelone.com/labs/cloud-worm-evicts-teampcp-and-steals-credentials-at-scale/; https://snyk.io/blog/cve-2025-29927-authorization-bypass-in-next-js-middleware/,2,2,,,,,
CVE-2025-48703,cve,crit,SentinelLabs,2026-05-07,PCPJack | Cloud Worm Evicts TeamPCP and Steals Credentials at Scale,https://www.sentinelone.com/labs/cloud-worm-evicts-teampcp-and-steals-credentials-at-scale/,1,1,,,,,
CVE-2025-9501,cve,crit,SentinelLabs,2026-05-07,PCPJack | Cloud Worm Evicts TeamPCP and Steals Credentials at Scale,https://www.sentinelone.com/labs/cloud-worm-evicts-teampcp-and-steals-credentials-at-scale/,1,1,,,,,
CVE-2026-1357,cve,crit,SentinelLabs,2026-05-07,PCPJack | Cloud Worm Evicts TeamPCP and Steals Credentials at Scale,https://www.sentinelone.com/labs/cloud-worm-evicts-teampcp-and-steals-credentials-at-scale/,1,1,,,,,
799BB5127CA54239D3D4A14367DB3B712012CF14,sha1,crit,ESET WeLiveSecurity,2026-05-07,"Fake call logs, real payments: How CallPhantom tricks Android users",https://www.welivesecurity.com/en/eset-research/fake-call-logs-real-payments-how-callphantom-tricks-android-users/,1,1,,,,,
sqgame.com.cn,domain,crit,ESET WeLiveSecurity,2026-05-05,A rigged game: ScarCruft compromises gaming platform in a supply-chain attack,https://www.welivesecurity.com/en/eset-research/rigged-game-scarcruft-compromises-gaming-platform-supply-chain-attack/,1,1,,,,,
sqgame.net,domain,crit,ESET WeLiveSecurity,2026-05-05,A rigged game: ScarCruft compromises gaming platform in a supply-chain attack,https://www.welivesecurity.com/en/eset-research/rigged-game-scarcruft-compromises-gaming-platform-supply-chain-attack/,1,1,,,,,
xiazai.sqgame.com.cn,domain,crit,ESET WeLiveSecurity,2026-05-05,A rigged game: ScarCruft compromises gaming platform in a supply-chain attack,https://www.welivesecurity.com/en/eset-research/rigged-game-scarcruft-compromises-gaming-platform-supply-chain-attack/,1,1,,,,,
03E3ECE9F48CF4104AAFC535790CA2FB3C6B26CF,sha1,crit,ESET WeLiveSecurity,2026-05-05,A rigged game: ScarCruft compromises gaming platform in a supply-chain attack,https://www.welivesecurity.com/en/eset-research/rigged-game-scarcruft-compromises-gaming-platform-supply-chain-attack/,1,1,,,,,
FC0C691DB7E2D2BD3B0B4C1E24D18DF72168B7D9,sha1,crit,ESET WeLiveSecurity,2026-05-05,A rigged game: ScarCruft compromises gaming platform in a supply-chain attack,https://www.welivesecurity.com/en/eset-research/rigged-game-scarcruft-compromises-gaming-platform-supply-chain-attack/,1,1,,,,,
cjn37-uyaaa-aaaac-qgnva-cai.raw.icp0.io,domain,crit,StepSecurity,2026-05-04,CanisterSprawl: pgserve Compromised on npm: Malicious Versions Harvest Credentials and Exfiltrate to a Decentralized ICP Canister,https://www.stepsecurity.io/blog/pgserve-compromised-on-npm-malicious-versions-harvest-credentials,1,1,,,,,
telemetry.api-monitor.com,domain,crit,StepSecurity,2026-05-04,CanisterSprawl: pgserve Compromised on npm: Malicious Versions Harvest Credentials and Exfiltrate to a Decentralized ICP Canister,https://www.stepsecurity.io/blog/pgserve-compromised-on-npm-malicious-versions-harvest-credentials,1,1,,,,,
18f784b3bc9a0bcdcb1a8d7f51bc5f54323fc40cbd874119354ab609bef6e4cb,sha256,crit,StepSecurity; Aikido,2026-05-04,"Bitwarden CLI Hijacked on npm: Bun-Staged Credential Stealer Targets Developers, GitHub Actions, and AI Tools; Is Shai-Hulud Back? Compromised Bitwarden CLI Contains a Self-Propagating npm Worm",https://www.stepsecurity.io/blog/bitwarden-cli-hijacked-on-npm-bun-staged-credential-stealer-targets-developers-github-actions-and-ai-tools; https://www.aikido.dev/blog/shai-hulud-npm-bitwarden-cli-compromise,2,2,,,,,
4066781fa830224c8bbcc3aa005a396657f9c8f9016f9a64ad44a9d7f5f45e34,sha256,crit,StepSecurity; Aikido; Snyk,2026-05-04,"Shai-Hulud Worm Pivots to Multi-Cloud: intercom-client@7.0.4 Hijacked — 361,000 Weekly Downloads, AWS, GCP, and Azure Credentials Now in Scope; Mini Shai-Hulud Targets SAP npm Packages With a Bun-Based Secret Stealer; ""A Mini Shai-Hulud Has Appeared"": Bun-Based Stealer Hits SAP @cap-js and mbt npm Packages",https://www.stepsecurity.io/blog/shai-hulud-worm-pivots-to-multi-cloud-intercom-client-hijacked; https://www.aikido.dev/blog/mini-shai-hulud-has-appeared; https://snyk.io/blog/bun-based-stealer-hits-sap-cap-js-mbt-npm-packages/,3,3,,,,,
80a3d2877813968ef847ae73b5eeeb70b9435254e74d7f07d8cf4057f0a710ac,sha256,crit,StepSecurity; Aikido; Snyk,2026-05-04,"Shai-Hulud Worm Pivots to Multi-Cloud: intercom-client@7.0.4 Hijacked — 361,000 Weekly Downloads, AWS, GCP, and Azure Credentials Now in Scope; Mini Shai-Hulud Targets SAP npm Packages With a Bun-Based Secret Stealer; ""A Mini Shai-Hulud Has Appeared"": Bun-Based Stealer Hits SAP @cap-js and mbt npm Packages",https://www.stepsecurity.io/blog/shai-hulud-worm-pivots-to-multi-cloud-intercom-client-hijacked; https://www.aikido.dev/blog/mini-shai-hulud-has-appeared; https://snyk.io/blog/bun-based-stealer-hits-sap-cap-js-mbt-npm-packages/,3,3,,,,,
8605e365edf11160aad517c7d79a3b26b62290e5072ef97b102a01ddbb343f14,sha256,crit,StepSecurity,2026-05-04,"Bitwarden CLI Hijacked on npm: Bun-Staged Credential Stealer Targets Developers, GitHub Actions, and AI Tools",https://www.stepsecurity.io/blog/bitwarden-cli-hijacked-on-npm-bun-staged-credential-stealer-targets-developers-github-actions-and-ai-tools,1,1,,,,,
igotnofriendsonlineorirl-imgonnakmslmao.skyhanni.cloud,domain,high,StepSecurity; Snyk,2026-05-04,elementary-data Compromised on PyPI and GHCR: Forged Release Pushed via GitHub Actions Script Injection; Malicious Release of elementary-data PyPI Package Steals Cloud Credentials from Data Engineers,https://www.stepsecurity.io/blog/elementary-data-compromised-on-pypi-and-ghcr-forged-release-pushed-via-github-actions-script-injection; https://snyk.io/blog/malicious-release-of-elementary-data-pypi-package-steals-cloud-credentials-from-data-engineers/,2,2,,,,,
22evxpggnkyrxpluewqsrv5j4jtde6hut2peq3w44d6ase676qlkoead.onion,domain,crit,Snyk,2026-04-30,lightning PyPI Compromise: A Bun-Based Credential Stealer in Python,https://snyk.io/blog/lightning-pypi-compromise-bun-based-credential-stealer/,1,1,,,,,
40d0f21b64ec8fb3a7a1959897252e09,md5,crit,Snyk,2026-04-30,lightning PyPI Compromise: A Bun-Based Credential Stealer in Python,https://snyk.io/blog/lightning-pypi-compromise-bun-based-credential-stealer/,1,1,,,,,
f1b3e7b3eec3294c4d6b5f87854a52471f03997f,sha1,crit,Snyk,2026-04-30,lightning PyPI Compromise: A Bun-Based Credential Stealer in Python,https://snyk.io/blog/lightning-pypi-compromise-bun-based-credential-stealer/,1,1,,,,,
56070a9d8de0c0ffb1ec5c309953cf4679432df5a78df9aeb020fbb73d2be9fb,sha256,crit,Snyk,2026-04-30,lightning PyPI Compromise: A Bun-Based Credential Stealer in Python,https://snyk.io/blog/lightning-pypi-compromise-bun-based-credential-stealer/,1,1,,,,,
5f5852b5f604369945118937b058e49064612ac69826e0adadca39a357dfb5b1,sha256,crit,Aikido; Snyk,2026-04-30,Popular PyTorch Lightning Package Compromised by Mini Shai-Hulud; lightning PyPI Compromise: A Bun-Based Credential Stealer in Python,https://www.aikido.dev/blog/pytorch-lightning-pypi-compromise-mini-shai-hulud; https://snyk.io/blog/lightning-pypi-compromise-bun-based-credential-stealer/,2,2,,,,,
8046a11187c135da6959862ff3846e99ad15462d2ec8a2f77a30ad53ebd5dcf2,sha256,crit,Aikido; Snyk,2026-04-30,Popular PyTorch Lightning Package Compromised by Mini Shai-Hulud; lightning PyPI Compromise: A Bun-Based Credential Stealer in Python,https://www.aikido.dev/blog/pytorch-lightning-pypi-compromise-mini-shai-hulud; https://snyk.io/blog/lightning-pypi-compromise-bun-based-credential-stealer/,2,2,,,,,
0af7415d65753f6aede8c9c0f39be478666b9c12,sha1,crit,Aikido; Snyk,2026-04-29,"Mini Shai-Hulud Targets SAP npm Packages With a Bun-Based Secret Stealer; ""A Mini Shai-Hulud Has Appeared"": Bun-Based Stealer Hits SAP @cap-js and mbt npm Packages",https://www.aikido.dev/blog/mini-shai-hulud-has-appeared; https://snyk.io/blog/bun-based-stealer-hits-sap-cap-js-mbt-npm-packages/,2,2,,,,,
4b04304f6d51392e3f43856c94ca95800518a694,sha1,crit,Aikido; Snyk,2026-04-29,"Mini Shai-Hulud Targets SAP npm Packages With a Bun-Based Secret Stealer; ""A Mini Shai-Hulud Has Appeared"": Bun-Based Stealer Hits SAP @cap-js and mbt npm Packages",https://www.aikido.dev/blog/mini-shai-hulud-has-appeared; https://snyk.io/blog/bun-based-stealer-hits-sap-cap-js-mbt-npm-packages/,2,2,,,,,
7b6a28e92149637e5d7c7f4a2d3e54acd507c929,sha1,crit,Aikido; Snyk,2026-04-29,"Mini Shai-Hulud Targets SAP npm Packages With a Bun-Based Secret Stealer; ""A Mini Shai-Hulud Has Appeared"": Bun-Based Stealer Hits SAP @cap-js and mbt npm Packages",https://www.aikido.dev/blog/mini-shai-hulud-has-appeared; https://snyk.io/blog/bun-based-stealer-hits-sap-cap-js-mbt-npm-packages/,2,2,,,,,
e80824a19f48d778a746571bb15279b5679fd61c,sha1,crit,Aikido; Snyk,2026-04-29,"Mini Shai-Hulud Targets SAP npm Packages With a Bun-Based Secret Stealer; ""A Mini Shai-Hulud Has Appeared"": Bun-Based Stealer Hits SAP @cap-js and mbt npm Packages",https://www.aikido.dev/blog/mini-shai-hulud-has-appeared; https://snyk.io/blog/bun-based-stealer-hits-sap-cap-js-mbt-npm-packages/,2,2,,,,,
29ac906c8bd801dfe1cb39596197df49f80fff2270b3e7fbab52278c24e4f1a7,sha256,crit,Aikido,2026-04-29,Mini Shai-Hulud Targets SAP npm Packages With a Bun-Based Secret Stealer,https://www.aikido.dev/blog/mini-shai-hulud-has-appeared,1,1,,,,,
6f933d00b7d05678eb43c90963a80b8947c4ae6830182f89df31da9f568fea95,sha256,crit,Aikido; Snyk,2026-04-29,"Mini Shai-Hulud Targets SAP npm Packages With a Bun-Based Secret Stealer; ""A Mini Shai-Hulud Has Appeared"": Bun-Based Stealer Hits SAP @cap-js and mbt npm Packages",https://www.aikido.dev/blog/mini-shai-hulud-has-appeared; https://snyk.io/blog/bun-based-stealer-hits-sap-cap-js-mbt-npm-packages/,2,2,,,,,
CVE-2026-40478,cve,high,Snyk,2026-04-29,Don't Panic: The Thymeleaf Template Injection That Only Hurts If You Let It (CVE-2026-40478),https://snyk.io/blog/thymeleaf-injection/,1,1,,,,,
api.svix.com,domain,high,Aikido,2026-04-29,"Someone published four versions of a fake ""tanstack"" package in 27 minutes to steal your .env files",https://www.aikido.dev/blog/fake-tanstack-packages-steal-env-files,1,1,,,,,
35baf8316645372eea40b91d48acb067,md5,high,Snyk,2026-04-29,"""A Mini Shai-Hulud Has Appeared"": Bun-Based Stealer Hits SAP @cap-js and mbt npm Packages",https://snyk.io/blog/bun-based-stealer-hits-sap-cap-js-mbt-npm-packages/,1,1,,,,,
307d0fa7407d40e67d14e9d5a4c61ac5b4f20431,sha1,high,Snyk,2026-04-29,"""A Mini Shai-Hulud Has Appeared"": Bun-Based Stealer Hits SAP @cap-js and mbt npm Packages",https://snyk.io/blog/bun-based-stealer-hits-sap-cap-js-mbt-npm-packages/,1,1,,,,,
04ee5325c8900c9d644ed81c9012525b6fc19f21c65cef85b6ba98b6a0a23566,sha256,high,Aikido,2026-04-29,"Someone published four versions of a fake ""tanstack"" package in 27 minutes to steal your .env files",https://www.aikido.dev/blog/fake-tanstack-packages-steal-env-files,1,1,,,,,
72ec4571e27c06f1d48737477c2b38a4f90d699950dab8946b48591133dc4f90,sha256,high,Aikido,2026-04-29,"Someone published four versions of a fake ""tanstack"" package in 27 minutes to steal your .env files",https://www.aikido.dev/blog/fake-tanstack-packages-steal-env-files,1,1,,,,,
7bb84e6ba893248814cd3bac70b7bdc115740fba9e13419940c73460cbcd7b6f,sha256,high,Aikido,2026-04-29,"Someone published four versions of a fake ""tanstack"" package in 27 minutes to steal your .env files",https://www.aikido.dev/blog/fake-tanstack-packages-steal-env-files,1,1,,,,,
abc164807947b102164488a08161adb4ee08be6b78a371350a6b156eed0d97d9,sha256,high,Aikido,2026-04-29,"Someone published four versions of a fake ""tanstack"" package in 27 minutes to steal your .env files",https://www.aikido.dev/blog/fake-tanstack-packages-steal-env-files,1,1,,,,,
CVE-2026-3965,cve,high,Snyk,2026-04-27,Qinglong task scheduler RCE vulnerabilities exploited in the wild for cryptomining,https://snyk.io/blog/qinglong-task-scheduler-rce-vulnerabilities/,1,1,,,,,
CVE-2026-4047,cve,high,Snyk,2026-04-27,Qinglong task scheduler RCE vulnerabilities exploited in the wild for cryptomining,https://snyk.io/blog/qinglong-task-scheduler-rce-vulnerabilities/,1,1,,,,,
file.551911.xyz,domain,high,Snyk,2026-04-27,Qinglong task scheduler RCE vulnerabilities exploited in the wild for cryptomining,https://snyk.io/blog/qinglong-task-scheduler-rce-vulnerabilities/,1,1,,,,,
b1e4b1f3aad0d489ab0e9208031c67402bbb8480,sha1,high,Snyk,2026-04-27,Malicious Release of elementary-data PyPI Package Steals Cloud Credentials from Data Engineers,https://snyk.io/blog/malicious-release-of-elementary-data-pypi-package-steals-cloud-credentials-from-data-engineers/,1,1,,,,,
31ecc5939de6d24cf60c50d4ca26cf7a8c322db82a8ce4bd122ebd89cf634255,sha256,high,Snyk,2026-04-27,Malicious Release of elementary-data PyPI Package Steals Cloud Credentials from Data Engineers,https://snyk.io/blog/malicious-release-of-elementary-data-pypi-package-steals-cloud-credentials-from-data-engineers/,1,1,,,,,
43.231.113.50,ipv4,crit,ESET WeLiveSecurity,2026-04-23,GopherWhisper: A burrow full of malware,https://www.welivesecurity.com/en/eset-research/gopherwhisper-burrow-full-malware/,1,1,,,,,
0ff6abe0252d4f37a196a1231fae5f26,md5,crit,SentinelLabs,2026-04-23,fast16 | Mystery Shadow Brokers Reference Reveals High-Precision Software Sabotage 5 Years Before Stuxnet,https://www.sentinelone.com/labs/fast16-mystery-shadowbrokers-reference-reveals-high-precision-software-sabotage-5-years-before-stuxnet/,1,1,,,,,
410eddfc19de44249897986ecc8ac449,md5,crit,SentinelLabs,2026-04-23,fast16 | Mystery Shadow Brokers Reference Reveals High-Precision Software Sabotage 5 Years Before Stuxnet,https://www.sentinelone.com/labs/fast16-mystery-shadowbrokers-reference-reveals-high-precision-software-sabotage-5-years-before-stuxnet/,1,1,,,,,
dbe51eabebf9d4ef9581ef99844a2944,md5,crit,SentinelLabs,2026-04-23,fast16 | Mystery Shadow Brokers Reference Reveals High-Precision Software Sabotage 5 Years Before Stuxnet,https://www.sentinelone.com/labs/fast16-mystery-shadowbrokers-reference-reveals-high-precision-software-sabotage-5-years-before-stuxnet/,1,1,,,,,
039eb329a173fce7efeca18611a8f2c0f7d24609,sha1,crit,ESET WeLiveSecurity,2026-04-23,GopherWhisper: A burrow full of malware,https://www.welivesecurity.com/en/eset-research/gopherwhisper-burrow-full-malware/,1,1,,,,,
57c2490e4db194d3503ee85635fb1d6f26e8c534,sha1,crit,ESET WeLiveSecurity,2026-04-23,GopherWhisper: A burrow full of malware,https://www.welivesecurity.com/en/eset-research/gopherwhisper-burrow-full-malware/,1,1,,,,,
5a1bbb40c442b12594a913431f8c6757a3a66e8f,sha1,crit,ESET WeLiveSecurity,2026-04-23,GopherWhisper: A burrow full of malware,https://www.welivesecurity.com/en/eset-research/gopherwhisper-burrow-full-malware/,1,1,,,,,
716554dc580a82cc17a1035add302c0766590964,sha1,crit,ESET WeLiveSecurity,2026-04-23,GopherWhisper: A burrow full of malware,https://www.welivesecurity.com/en/eset-research/gopherwhisper-burrow-full-malware/,1,1,,,,,
926974facfd0383c65458d6ef1f31fbb7c769e18,sha1,crit,ESET WeLiveSecurity,2026-04-23,GopherWhisper: A burrow full of malware,https://www.welivesecurity.com/en/eset-research/gopherwhisper-burrow-full-malware/,1,1,,,,,
ad7e264eb08415871617e45f21d03f7d71e4c36f,sha1,crit,ESET WeLiveSecurity,2026-04-23,GopherWhisper: A burrow full of malware,https://www.welivesecurity.com/en/eset-research/gopherwhisper-burrow-full-malware/,1,1,,,,,
c72e7540d6f12d74d8e737b02f31568385f575d7,sha1,crit,ESET WeLiveSecurity,2026-04-23,GopherWhisper: A burrow full of malware,https://www.welivesecurity.com/en/eset-research/gopherwhisper-burrow-full-malware/,1,1,,,,,
de584703c78a60a56028f9834086facd1401b355,sha1,crit,SentinelLabs,2026-04-23,fast16 | Mystery Shadow Brokers Reference Reveals High-Precision Software Sabotage 5 Years Before Stuxnet,https://www.sentinelone.com/labs/fast16-mystery-shadowbrokers-reference-reveals-high-precision-software-sabotage-5-years-before-stuxnet/,1,1,,,,,
fa9e65e58eb8fa41fde0a0a870b7d24b298026d9,sha1,crit,ESET WeLiveSecurity,2026-04-23,GopherWhisper: A burrow full of malware,https://www.welivesecurity.com/en/eset-research/gopherwhisper-burrow-full-malware/,1,1,,,,,
07c69fc33271cf5a2ce03ac1fed7a3b16357aec093c5bf9ef61fbfa4348d0529,sha256,crit,SentinelLabs,2026-04-23,fast16 | Mystery Shadow Brokers Reference Reveals High-Precision Software Sabotage 5 Years Before Stuxnet,https://www.sentinelone.com/labs/fast16-mystery-shadowbrokers-reference-reveals-high-precision-software-sabotage-5-years-before-stuxnet/,1,1,,,,,
8fcb4d3d4df61719ee3da98241393779290e0efcd88a49e363e2a2dfbc04dae9,sha256,crit,SentinelLabs,2026-04-23,fast16 | Mystery Shadow Brokers Reference Reveals High-Precision Software Sabotage 5 Years Before Stuxnet,https://www.sentinelone.com/labs/fast16-mystery-shadowbrokers-reference-reveals-high-precision-software-sabotage-5-years-before-stuxnet/,1,1,,,,,
9a10e1faa86a5d39417cae44da5adf38824dfb9a16432e34df766aa1dc9e3525,sha256,crit,SentinelLabs,2026-04-23,fast16 | Mystery Shadow Brokers Reference Reveals High-Precision Software Sabotage 5 Years Before Stuxnet,https://www.sentinelone.com/labs/fast16-mystery-shadowbrokers-reference-reveals-high-precision-software-sabotage-5-years-before-stuxnet/,1,1,,,,,
37f34aa3b86db6898065f3ca886031978580a15251f2576f6d24c3b778907336,sha256,high,Aikido,2026-04-23,Is Shai-Hulud Back? Compromised Bitwarden CLI Contains a Self-Propagating npm Worm,https://www.aikido.dev/blog/shai-hulud-npm-bitwarden-cli-compromise,1,1,,,,,
sync.geeker.indevs.in,domain,high,Aikido,2026-04-22,GPT-Proxy Backdoor in npm and PyPI turns Servers into Chinese LLM Relays,https://www.aikido.dev/blog/gpt-proxy-backdoor-npm-pypi-chinese-llm-relay,1,1,,,,,
3a3d8f8636fa1db21871005a49ecd7fa59688fa763622fa737ce6b899558b300,sha256,high,Aikido,2026-04-22,GPT-Proxy Backdoor in npm and PyPI turns Servers into Chinese LLM Relays,https://www.aikido.dev/blog/gpt-proxy-backdoor-npm-pypi-chinese-llm-relay,1,1,,,,,
5d58ce3119c37f2bd552f4d883a4f4896dfcb8fb04875f844f999497e4ca846d,sha256,high,Aikido,2026-04-22,GPT-Proxy Backdoor in npm and PyPI turns Servers into Chinese LLM Relays,https://www.aikido.dev/blog/gpt-proxy-backdoor-npm-pypi-chinese-llm-relay,1,1,,,,,
b3405b8456f4e82f192cdff6fdd5b290a58fafda01fbc08174105b922bd7b3cf,sha256,high,Aikido,2026-04-22,GPT-Proxy Backdoor in npm and PyPI turns Servers into Chinese LLM Relays,https://www.aikido.dev/blog/gpt-proxy-backdoor-npm-pypi-chinese-llm-relay,1,1,,,,,
fb3ae78d09c119ec335c3b99a95c97d9bb6f92fd2c7c9b0d3e875347e2f25bb2,sha256,high,Aikido,2026-04-22,GPT-Proxy Backdoor in npm and PyPI turns Servers into Chinese LLM Relays,https://www.aikido.dev/blog/gpt-proxy-backdoor-npm-pypi-chinese-llm-relay,1,1,,,,,
api.metrics-trustwallet.com,domain,high,StepSecurity,2026-04-12,Securing Vibe Coding and AI Coding Agents: An End-to-End Approach with StepSecurity,https://www.stepsecurity.io/blog/securing-vibe-coding-and-ai-coding-agents-an-end-to-end-approach-with-stepsecurity,1,1,,,,,
metrics-trustwallet.com,domain,high,StepSecurity,2026-04-12,Securing Vibe Coding and AI Coding Agents: An End-to-End Approach with StepSecurity,https://www.stepsecurity.io/blog/securing-vibe-coding-and-ai-coding-agents-an-end-to-end-approach-with-stepsecurity,1,1,,,,,
CVE-2026-25253,cve,crit,StepSecurity,2026-04-09,Cline Supply Chain Attack Detected: cline@2.3.0 Silently Installs OpenClaw,https://www.stepsecurity.io/blog/cline-supply-chain-attack-detected-cline-2-3-0-silently-installs-openclaw,1,1,,,,,
hackmoltrepeat.com,domain,high,StepSecurity,2026-04-09,"hackerbot-claw: An AI-Powered Bot Actively Exploiting GitHub Actions - Microsoft, DataDog, and CNCF Projects Hit So Far",https://www.stepsecurity.io/blog/hackerbot-claw-github-actions-exploitation,1,1,,,,,
recv.hackmoltrepeat.com,domain,high,StepSecurity,2026-04-09,"hackerbot-claw: An AI-Powered Bot Actively Exploiting GitHub Actions - Microsoft, DataDog, and CNCF Projects Hit So Far",https://www.stepsecurity.io/blog/hackerbot-claw-github-actions-exploitation,1,1,,,,,
89.36.224.5,ipv4,high,StepSecurity,2026-04-09,@velora-dex/sdk Compromised on npm: Malicious Version Drops macOS Backdoor via launchctl Persistence,https://www.stepsecurity.io/blog/velora-dex-sdk-compromised-on-npm-malicious-version-drops-macos-backdoor-via-launchctl-persistence,1,1,,,,,
github.com/ColossusQuailPray/oiegjqde,domain,high,Aikido,2026-04-08,GlassWorm goes native: New Zig dropper infects every IDE on your machine,https://www.aikido.dev/blog/glassworm-zig-dropper-infects-every-ide-on-your-machine,1,1,,,,,
112d1b33dd9b0244525f51e59e6a79ac5ae452bf6e98c310e7b4fa7902e4db44,sha256,high,Aikido,2026-04-08,GlassWorm goes native: New Zig dropper infects every IDE on your machine,https://www.aikido.dev/blog/glassworm-zig-dropper-infects-every-ide-on-your-machine,1,1,,,,,
2819ea44e22b9c47049e86894e544f3fd0de1d8afc7b545314bd3bc718bf2e02,sha256,high,Aikido,2026-04-08,GlassWorm goes native: New Zig dropper infects every IDE on your machine,https://www.aikido.dev/blog/glassworm-zig-dropper-infects-every-ide-on-your-machine,1,1,,,,,
83.142.209.11,ipv4,crit,Snyk,2026-04-02,"You Patched LiteLLM, But Do You Know Your AI Blast Radius?; How a Poisoned Security Scanner Became the Key to Backdooring LiteLLM",https://snyk.io/blog/litellm-ai-blast-radius/; https://snyk.io/blog/poisoned-security-scanner-backdooring-litellm/,1,2,,,,,
aquasecurtiy.org,domain,high,Snyk,2026-04-02,"You Patched LiteLLM, But Do You Know Your AI Blast Radius?",https://snyk.io/blog/litellm-ai-blast-radius/,1,1,,,,,
cdn.rraghh.com,domain,high,StepSecurity,2026-04-02,"Malicious IoliteLabs VSCode Extensions Target Solidity Developers on Windows, macOS, and Linux with Backdoor",https://www.stepsecurity.io/blog/malicious-iolitelabs-vscode-extensions-target-solidity-developers-on-windows-macos-and-linux-with-backdoor,1,1,,,,,
championships-peoples-point-cassette.trycloudflare.com,domain,high,Snyk; Aikido,2026-04-02,"You Patched LiteLLM, But Do You Know Your AI Blast Radius?; CanisterWorm Gets Teeth: TeamPCP's Kubernetes Wiper Targets Iran",https://snyk.io/blog/litellm-ai-blast-radius/; https://www.aikido.dev/blog/teampcp-stage-payload-canisterworm-iran,2,2,,,,,
investigation-launches-hearings-copying.trycloudflare.com,domain,high,Snyk,2026-04-02,"You Patched LiteLLM, But Do You Know Your AI Blast Radius?",https://snyk.io/blog/litellm-ai-blast-radius/,1,1,,,,,
oortt.com,domain,high,StepSecurity,2026-04-02,"Malicious IoliteLabs VSCode Extensions Target Solidity Developers on Windows, macOS, and Linux with Backdoor",https://www.stepsecurity.io/blog/malicious-iolitelabs-vscode-extensions-target-solidity-developers-on-windows-macos-and-linux-with-backdoor,1,1,,,,,
rraghh.com,domain,high,StepSecurity,2026-04-02,"Malicious IoliteLabs VSCode Extensions Target Solidity Developers on Windows, macOS, and Linux with Backdoor",https://www.stepsecurity.io/blog/malicious-iolitelabs-vscode-extensions-target-solidity-developers-on-windows-macos-and-linux-with-backdoor,1,1,,,,,
souls-entire-defined-routes.trycloudflare.com,domain,high,Snyk; Aikido,2026-04-02,"You Patched LiteLLM, But Do You Know Your AI Blast Radius?; CanisterWorm Gets Teeth: TeamPCP's Kubernetes Wiper Targets Iran",https://snyk.io/blog/litellm-ai-blast-radius/; https://www.aikido.dev/blog/teampcp-stage-payload-canisterworm-iran,2,2,,,,,
46.151.182.203,ipv4,high,Snyk,2026-04-02,"You Patched LiteLLM, But Do You Know Your AI Blast Radius?",https://snyk.io/blog/litellm-ai-blast-radius/,1,1,,,,,
e903ae267bf7ed1d02b218c1dc7cf6d87257e87de9fbda411a13f9154716bfa3,sha256,high,StepSecurity,2026-04-02,"Malicious IoliteLabs VSCode Extensions Target Solidity Developers on Windows, macOS, and Linux with Backdoor",https://www.stepsecurity.io/blog/malicious-iolitelabs-vscode-extensions-target-solidity-developers-on-windows-macos-and-linux-with-backdoor,1,1,,,,,
fcd398abc51fd16e8bc93ef8d88a23d7dec28081b6dfce4b933020322a610508,sha256,high,StepSecurity,2026-04-02,"Malicious IoliteLabs VSCode Extensions Target Solidity Developers on Windows, macOS, and Linux with Backdoor",https://www.stepsecurity.io/blog/malicious-iolitelabs-vscode-extensions-target-solidity-developers-on-windows-macos-and-linux-with-backdoor,1,1,,,,,
617b67a8e1210e4fc87c92d1d1da45a2f311c08d26e89b12307cf583c900d101,sha256,high,Snyk; Aikido,2026-03-30,"Axios npm Package Compromised: Supply Chain Attack Delivers Cross-Platform RAT; axios compromised on npm: maintainer account hijacked, RAT deployed",https://snyk.io/blog/axios-npm-package-compromised-supply-chain-attack-delivers-cross-platform/; https://www.aikido.dev/blog/axios-npm-compromised-maintainer-hijacked-rat,2,2,,,,,
92ff08773995ebc8d55ec4b8e1a225d0d1e51efa4ef88b8849d0071230c9645a,sha256,high,Snyk; Aikido,2026-03-30,"Axios npm Package Compromised: Supply Chain Attack Delivers Cross-Platform RAT; axios compromised on npm: maintainer account hijacked, RAT deployed",https://snyk.io/blog/axios-npm-package-compromised-supply-chain-attack-delivers-cross-platform/; https://www.aikido.dev/blog/axios-npm-compromised-maintainer-hijacked-rat,2,2,,,,,
ed8560c1ac7ceb6983ba995124d5917dc1a00288912387a6389296637d5f815c,sha256,high,Aikido,2026-03-30,"axios compromised on npm: maintainer account hijacked, RAT deployed",https://www.aikido.dev/blog/axios-npm-compromised-maintainer-hijacked-rat,1,1,,,,,
fcb81618bb15edfdedfb638b4c08a2af9cac9ecfa551af135a8402bf980375cf,sha256,high,Snyk; Aikido,2026-03-30,"Axios npm Package Compromised: Supply Chain Attack Delivers Cross-Platform RAT; axios compromised on npm: maintainer account hijacked, RAT deployed",https://snyk.io/blog/axios-npm-package-compromised-supply-chain-attack-delivers-cross-platform/; https://www.aikido.dev/blog/axios-npm-compromised-maintainer-hijacked-rat,2,2,,,,,
7321caa303fe96ded0492c747d2f353c4f7d17185656fe292ab0a59e2bd0b8d9,sha256,crit,Aikido,2026-03-27,Popular telnyx package compromised on PyPI by TeamPCP,https://www.aikido.dev/blog/telnyx-pypi-compromised-teampcp-canisterworm,1,1,,,,,
cd08115806662469bbedec4b03f8427b97c8a4b3bc1442dc18b72b4e19395fe3,sha256,crit,Aikido,2026-03-27,Popular telnyx package compromised on PyPI by TeamPCP,https://www.aikido.dev/blog/telnyx-pypi-compromised-teampcp-canisterworm,1,1,,,,,
cloudflareguard.vercel.app,domain,crit,StepSecurity,2026-03-26,Malicious Polymarket Bot Hides in Hijacked dev-protocol GitHub Org and Steals Wallet Keys,https://www.stepsecurity.io/blog/malicious-polymarket-bot-hides-in-hijacked-dev-protocol-github-org-and-steals-wallet-keys,1,1,,,,,
cloudflareinsights.vercel.app,domain,crit,StepSecurity,2026-03-26,Malicious Polymarket Bot Hides in Hijacked dev-protocol GitHub Org and Steals Wallet Keys,https://www.stepsecurity.io/blog/malicious-polymarket-bot-hides-in-hijacked-dev-protocol-github-org-and-steals-wallet-keys,1,1,,,,,
finney.metagraph-stats.com,domain,crit,StepSecurity,2026-03-26,bittensor-wallet 4.0.2 Compromised on PyPI - Backdoor Exfiltrates Private Keys,https://www.stepsecurity.io/blog/bittensor-wallet-4-0-2-compromised-on-pypi---backdoor-exfiltrates-private-keys,1,1,,,,,
finney.opentensor-metrics.com,domain,crit,StepSecurity,2026-03-26,bittensor-wallet 4.0.2 Compromised on PyPI - Backdoor Exfiltrates Private Keys,https://www.stepsecurity.io/blog/bittensor-wallet-4-0-2-compromised-on-pypi---backdoor-exfiltrates-private-keys,1,1,,,,,
finney.subtensor-telemetry.com,domain,crit,StepSecurity,2026-03-26,bittensor-wallet 4.0.2 Compromised on PyPI - Backdoor Exfiltrates Private Keys,https://www.stepsecurity.io/blog/bittensor-wallet-4-0-2-compromised-on-pypi---backdoor-exfiltrates-private-keys,1,1,,,,,
opentensor-cdn.com,domain,crit,StepSecurity,2026-03-26,bittensor-wallet 4.0.2 Compromised on PyPI - Backdoor Exfiltrates Private Keys,https://www.stepsecurity.io/blog/bittensor-wallet-4-0-2-compromised-on-pypi---backdoor-exfiltrates-private-keys,1,1,,,,,
t.opentensor-cdn.com,domain,crit,StepSecurity,2026-03-26,bittensor-wallet 4.0.2 Compromised on PyPI - Backdoor Exfiltrates Private Keys,https://www.stepsecurity.io/blog/bittensor-wallet-4-0-2-compromised-on-pypi---backdoor-exfiltrates-private-keys,1,1,,,,,
tbqcbkpbhy.opentensor-cdn.com,domain,crit,StepSecurity,2026-03-26,bittensor-wallet 4.0.2 Compromised on PyPI - Backdoor Exfiltrates Private Keys,https://www.stepsecurity.io/blog/bittensor-wallet-4-0-2-compromised-on-pypi---backdoor-exfiltrates-private-keys,1,1,,,,,
tuwyqibtvy.opentensor-cdn.com,domain,crit,StepSecurity,2026-03-26,bittensor-wallet 4.0.2 Compromised on PyPI - Backdoor Exfiltrates Private Keys,https://www.stepsecurity.io/blog/bittensor-wallet-4-0-2-compromised-on-pypi---backdoor-exfiltrates-private-keys,1,1,,,,,
yccansiwfr.opentensor-cdn.com,domain,crit,StepSecurity,2026-03-26,bittensor-wallet 4.0.2 Compromised on PyPI - Backdoor Exfiltrates Private Keys,https://www.stepsecurity.io/blog/bittensor-wallet-4-0-2-compromised-on-pypi---backdoor-exfiltrates-private-keys,1,1,,,,,
217.69.0.159,ipv4,crit,StepSecurity; Aikido,2026-03-26,ForceMemo: Hundreds of GitHub Python Repos Compromised via Account Takeover and Force-Push; GlassWorm Hides a RAT Inside a Malicious Chrome Extension,https://www.stepsecurity.io/blog/forcememo-hundreds-of-github-python-repos-compromised-via-account-takeover-and-force-push; https://www.aikido.dev/blog/glassworm-chrome-extension-rat,2,2,,,,,
6a416b72ff24804abc12484a3b41413a8580acedd8a5f8c84224fcf0732c2f8e,sha256,crit,StepSecurity,2026-03-26,bittensor-wallet 4.0.2 Compromised on PyPI - Backdoor Exfiltrates Private Keys,https://www.stepsecurity.io/blog/bittensor-wallet-4-0-2-compromised-on-pypi---backdoor-exfiltrates-private-keys,1,1,,,,,
security-verify.91.214.78.178.nip.io,domain,high,StepSecurity,2026-03-26,xygeni-action Compromised: C2 Reverse Shell Backdoor Injected via Tag Poisoning,https://www.stepsecurity.io/blog/xygeni-action-compromised-c2-reverse-shell-backdoor-injected-via-tag-poisoning,1,1,,,,,
91.214.78.178,ipv4,high,StepSecurity,2026-03-26,xygeni-action Compromised: C2 Reverse Shell Backdoor Injected via Tag Poisoning,https://www.stepsecurity.io/blog/xygeni-action-compromised-c2-reverse-shell-backdoor-injected-via-tag-poisoning,1,1,,,,,
CVE-2025-12420,cve,high,Snyk,2026-03-19,AI Is Building Your Attack Surface. Are You Testing It?; Claude Code Security: A Welcome Evolution in the Remediation Loop; ServiceNow's Virtual Agent Vulnerability Shows Why AI Security Needs Traditional AppSec Foundations,https://snyk.io/blog/ai-is-building-your-attack-surface-are-you-testing-it/; https://snyk.io/blog/claude-code-remediation-loop-evolution/; https://snyk.io/blog/servicenow-virtual-agent-vulnerability/,1,3,,,,,
raw.githubusercontent.com/BlokTrooper/extension,domain,crit,Aikido,2026-03-18,fast-draft Open VSX Extension Compromised by BlokTrooper,https://www.aikido.dev/blog/fast-draft-open-vsx-bloktrooper,1,1,,,,,
195.201.104.53,ipv4,crit,Aikido,2026-03-18,fast-draft Open VSX Extension Compromised by BlokTrooper,https://www.aikido.dev/blog/fast-draft-open-vsx-bloktrooper,1,1,,,,,
217.69.3.152,ipv4,crit,Aikido,2026-03-18,GlassWorm Hides a RAT Inside a Malicious Chrome Extension; Glassworm Strikes Popular React Native Phone Number Packages,https://www.aikido.dev/blog/glassworm-chrome-extension-rat; https://www.aikido.dev/blog/glassworm-strikes-react-packages-phone-numbers,1,2,,,,,
45.150.34.158,ipv4,crit,Aikido,2026-03-18,GlassWorm Hides a RAT Inside a Malicious Chrome Extension,https://www.aikido.dev/blog/glassworm-chrome-extension-rat,1,1,,,,,
06fab21dc276e3ab9b5d0a1532398979fd377b080c86d74f2c53a04603a43b1d,sha256,crit,Aikido,2026-03-18,GlassWorm Hides a RAT Inside a Malicious Chrome Extension,https://www.aikido.dev/blog/glassworm-chrome-extension-rat,1,1,,,,,
59221aa9623d86c930357dba7e3f54138c7ccbd0daa9c483d766cd8ce1b6ad26,sha256,high,Aikido,2026-03-16,Glassworm Strikes Popular React Native Phone Number Packages,https://www.aikido.dev/blog/glassworm-strikes-react-packages-phone-numbers,1,1,,,,,
iili.io,domain,high,Lab52,2026-03-13,DRILLAPP: new backdoor targeting Ukrainian entities with possible links to Laundry Bear,https://lab52.io/blog/drillapp-new-backdoor-targeting-ukrainian-entities-with-possible-links-to-laundry-bear/,1,1,,,,,
pastefy.app,domain,high,Lab52,2026-03-13,DRILLAPP: new backdoor targeting Ukrainian entities with possible links to Laundry Bear,https://lab52.io/blog/drillapp-new-backdoor-targeting-ukrainian-entities-with-possible-links-to-laundry-bear/,1,1,,,,,
short-link.net,domain,high,Lab52,2026-03-13,DRILLAPP: new backdoor targeting Ukrainian entities with possible links to Laundry Bear,https://lab52.io/blog/drillapp-new-backdoor-targeting-ukrainian-entities-with-possible-links-to-laundry-bear/,1,1,,,,,
188.137.228.162,ipv4,high,Lab52,2026-03-13,DRILLAPP: new backdoor targeting Ukrainian entities with possible links to Laundry Bear,https://lab52.io/blog/drillapp-new-backdoor-targeting-ukrainian-entities-with-possible-links-to-laundry-bear/,1,1,,,,,
80.89.224.13,ipv4,high,Lab52,2026-03-13,DRILLAPP: new backdoor targeting Ukrainian entities with possible links to Laundry Bear,https://lab52.io/blog/drillapp-new-backdoor-targeting-ukrainian-entities-with-possible-links-to-laundry-bear/,1,1,,,,,
107b2badfc93fcdd3ffda7d3999477ced3f39f43f458dd0f6a424c9ab52681c3,sha256,high,Lab52,2026-03-13,DRILLAPP: new backdoor targeting Ukrainian entities with possible links to Laundry Bear,https://lab52.io/blog/drillapp-new-backdoor-targeting-ukrainian-entities-with-possible-links-to-laundry-bear/,1,1,,,,,
21fefc3913d3d2dfde7f0dff54800ca7512eb5df9513b1a457a2af25fdd51b26,sha256,high,Lab52,2026-03-13,DRILLAPP: new backdoor targeting Ukrainian entities with possible links to Laundry Bear,https://lab52.io/blog/drillapp-new-backdoor-targeting-ukrainian-entities-with-possible-links-to-laundry-bear/,1,1,,,,,
2b5d8f8db5fd38ae1c34807dcba35b057cffa61eb14ba3b558f82eb630480c3f,sha256,high,Lab52,2026-03-13,DRILLAPP: new backdoor targeting Ukrainian entities with possible links to Laundry Bear,https://lab52.io/blog/drillapp-new-backdoor-targeting-ukrainian-entities-with-possible-links-to-laundry-bear/,1,1,,,,,
32973ef02e10a585a4a0196b013265e29fc57d8e1c50752f7b39e43b9f388715,sha256,high,Lab52,2026-03-13,DRILLAPP: new backdoor targeting Ukrainian entities with possible links to Laundry Bear,https://lab52.io/blog/drillapp-new-backdoor-targeting-ukrainian-entities-with-possible-links-to-laundry-bear/,1,1,,,,,
352f34ea5cc40e2b3ec056ae60fa19a368dbd42503ef225cb1ca57956eb05e81,sha256,high,Lab52,2026-03-13,DRILLAPP: new backdoor targeting Ukrainian entities with possible links to Laundry Bear,https://lab52.io/blog/drillapp-new-backdoor-targeting-ukrainian-entities-with-possible-links-to-laundry-bear/,1,1,,,,,
51e86408904c0ca3778361cde746783a0f2b9fd2a6782aa7e062aa597151876e,sha256,high,Lab52,2026-03-13,DRILLAPP: new backdoor targeting Ukrainian entities with possible links to Laundry Bear,https://lab52.io/blog/drillapp-new-backdoor-targeting-ukrainian-entities-with-possible-links-to-laundry-bear/,1,1,,,,,
5b978cdc46afa28d83e532cd19622d9097bebedf87efc4c87bd35d8ffad9e672,sha256,high,Lab52,2026-03-13,DRILLAPP: new backdoor targeting Ukrainian entities with possible links to Laundry Bear,https://lab52.io/blog/drillapp-new-backdoor-targeting-ukrainian-entities-with-possible-links-to-laundry-bear/,1,1,,,,,
6178b1af51057c0bac75a842afff500a8fa3ed957d79a712a6ef089bec7e7a8b,sha256,high,Lab52,2026-03-13,DRILLAPP: new backdoor targeting Ukrainian entities with possible links to Laundry Bear,https://lab52.io/blog/drillapp-new-backdoor-targeting-ukrainian-entities-with-possible-links-to-laundry-bear/,1,1,,,,,
66a7828bc8c6c783b2ffa3c906d53f6dae1bbddc019283cc369d7d73247c5181,sha256,high,Lab52,2026-03-13,DRILLAPP: new backdoor targeting Ukrainian entities with possible links to Laundry Bear,https://lab52.io/blog/drillapp-new-backdoor-targeting-ukrainian-entities-with-possible-links-to-laundry-bear/,1,1,,,,,
6fea579685d2433cedb1c32ef704575dcbc1d0a623769e824023ffccd0dedaae,sha256,high,Lab52,2026-03-13,DRILLAPP: new backdoor targeting Ukrainian entities with possible links to Laundry Bear,https://lab52.io/blog/drillapp-new-backdoor-targeting-ukrainian-entities-with-possible-links-to-laundry-bear/,1,1,,,,,
76eb713e38f145ee68b89f2febd8f9a28bbb2b464da61cb029d84433a0b2c746,sha256,high,Lab52,2026-03-13,DRILLAPP: new backdoor targeting Ukrainian entities with possible links to Laundry Bear,https://lab52.io/blog/drillapp-new-backdoor-targeting-ukrainian-entities-with-possible-links-to-laundry-bear/,1,1,,,,,
801c47550799831bfb1ac6c5c3fd698be95da19fc85bd65f5d8639f26244d2a9,sha256,high,Lab52,2026-03-13,DRILLAPP: new backdoor targeting Ukrainian entities with possible links to Laundry Bear,https://lab52.io/blog/drillapp-new-backdoor-targeting-ukrainian-entities-with-possible-links-to-laundry-bear/,1,1,,,,,
886df55794cbca146de96dcc626471b3c097a5c20ba488033b24f4347aa20a14,sha256,high,Lab52,2026-03-13,DRILLAPP: new backdoor targeting Ukrainian entities with possible links to Laundry Bear,https://lab52.io/blog/drillapp-new-backdoor-targeting-ukrainian-entities-with-possible-links-to-laundry-bear/,1,1,,,,,
8c6ea44ce7f4ed4e4e7e19e11b3b345d58785c93b33aa795ddd1b0d753236b05,sha256,high,Lab52,2026-03-13,DRILLAPP: new backdoor targeting Ukrainian entities with possible links to Laundry Bear,https://lab52.io/blog/drillapp-new-backdoor-targeting-ukrainian-entities-with-possible-links-to-laundry-bear/,1,1,,,,,
9367f4b4d2775ff47279d143dd9a0ef544ddff81946aab33da9350a49f14e1e1,sha256,high,Lab52,2026-03-13,DRILLAPP: new backdoor targeting Ukrainian entities with possible links to Laundry Bear,https://lab52.io/blog/drillapp-new-backdoor-targeting-ukrainian-entities-with-possible-links-to-laundry-bear/,1,1,,,,,
993d55f60414bf2092f421c3d0ac6af1897a21cc4ea260ae8e610a402bf4c81c,sha256,high,Lab52,2026-03-13,DRILLAPP: new backdoor targeting Ukrainian entities with possible links to Laundry Bear,https://lab52.io/blog/drillapp-new-backdoor-targeting-ukrainian-entities-with-possible-links-to-laundry-bear/,1,1,,,,,
a545908c931ec47884b5ccfb1f112435f5d0cdac140e664673672c9df9016672,sha256,high,Lab52,2026-03-13,DRILLAPP: new backdoor targeting Ukrainian entities with possible links to Laundry Bear,https://lab52.io/blog/drillapp-new-backdoor-targeting-ukrainian-entities-with-possible-links-to-laundry-bear/,1,1,,,,,
ac60eefc2607216f8126c0b22b6243f3862ef2bb265c585deee0d00a20a436b3,sha256,high,Lab52,2026-03-13,DRILLAPP: new backdoor targeting Ukrainian entities with possible links to Laundry Bear,https://lab52.io/blog/drillapp-new-backdoor-targeting-ukrainian-entities-with-possible-links-to-laundry-bear/,1,1,,,,,
b891fa118db5190f07b18be46eb9bc10677f9afab1406a7d52ce587522ab3d28,sha256,high,Lab52,2026-03-13,DRILLAPP: new backdoor targeting Ukrainian entities with possible links to Laundry Bear,https://lab52.io/blog/drillapp-new-backdoor-targeting-ukrainian-entities-with-possible-links-to-laundry-bear/,1,1,,,,,
bad7c6f6ca25363a02eaceb3ed1e378218dc4a246a63d723cfcc5feee3af5056,sha256,high,Lab52,2026-03-13,DRILLAPP: new backdoor targeting Ukrainian entities with possible links to Laundry Bear,https://lab52.io/blog/drillapp-new-backdoor-targeting-ukrainian-entities-with-possible-links-to-laundry-bear/,1,1,,,,,
c6905bae088982a2b234451b45db742098f2e2ab4fd6ca62c8f4e801160552aa,sha256,high,Lab52,2026-03-13,DRILLAPP: new backdoor targeting Ukrainian entities with possible links to Laundry Bear,https://lab52.io/blog/drillapp-new-backdoor-targeting-ukrainian-entities-with-possible-links-to-laundry-bear/,1,1,,,,,
ccb7d999ee4d979e175b8c87e09ccda0cbc93b6140471283e3a1f1f9da33759d,sha256,high,Lab52,2026-03-13,DRILLAPP: new backdoor targeting Ukrainian entities with possible links to Laundry Bear,https://lab52.io/blog/drillapp-new-backdoor-targeting-ukrainian-entities-with-possible-links-to-laundry-bear/,1,1,,,,,
e20831cecd763d0dc91fb39f3bd61d17002608c5a40a6cf0bd16111f4e50d341,sha256,high,Lab52,2026-03-13,DRILLAPP: new backdoor targeting Ukrainian entities with possible links to Laundry Bear,https://lab52.io/blog/drillapp-new-backdoor-targeting-ukrainian-entities-with-possible-links-to-laundry-bear/,1,1,,,,,
eb9c1649e01db6a9a94d5d50373e54865d672b14ad6f221c98047c562d3cc0f3,sha256,high,Lab52,2026-03-13,DRILLAPP: new backdoor targeting Ukrainian entities with possible links to Laundry Bear,https://lab52.io/blog/drillapp-new-backdoor-targeting-ukrainian-entities-with-possible-links-to-laundry-bear/,1,1,,,,,
ee90b01b16099e0bb23d4653607a3a559590fc8d0c43120b8456fb1860d2e630,sha256,high,Lab52,2026-03-13,DRILLAPP: new backdoor targeting Ukrainian entities with possible links to Laundry Bear,https://lab52.io/blog/drillapp-new-backdoor-targeting-ukrainian-entities-with-possible-links-to-laundry-bear/,1,1,,,,,
fb16933b09a4fcca5beff93da05566e924017fb534a2f45caf57b57a633f43a6,sha256,high,Lab52,2026-03-13,DRILLAPP: new backdoor targeting Ukrainian entities with possible links to Laundry Bear,https://lab52.io/blog/drillapp-new-backdoor-targeting-ukrainian-entities-with-possible-links-to-laundry-bear/,1,1,,,,,
929c6399c4fde4fe236bd6712b2c53f750d9ad3a,sha1,high,StepSecurity,2026-03-11,kubernetes-el Compromised: How a Pwn Request Exploited a Popular Emacs Package,https://www.stepsecurity.io/blog/kubernetes-el-compromised-how-a-pwn-request-exploited-a-popular-emacs-package,1,1,,,,,
99B454262DC26B081600E844371982A49D334E5E,sha1,crit,ESET WeLiveSecurity,2026-03-10,Sednit reloaded: Back in the trenches,https://www.welivesecurity.com/en/eset-research/sednit-reloaded-back-trenches/,1,1,,,,,
D0DB619A7A160949528D46D20FC0151BF9775C32,sha1,crit,ESET WeLiveSecurity,2026-03-10,Sednit reloaded: Back in the trenches,https://www.welivesecurity.com/en/eset-research/sednit-reloaded-back-trenches/,1,1,,,,,
CVE-2026-27148,cve,crit,Aikido,2026-03-03,Persistent XSS/RCE using WebSockets in Storybook’s dev server,https://www.aikido.dev/blog/storybooks-websockets-attack,1,1,,,,,
decoorat.net,domain,crit,Lab52,2026-02-26,PlugX Meeting Invitation via MSBuild and GDATA,https://lab52.io/blog/plugx-meeting-invitation-via-msbuild-and-gdata/,1,1,,,,,
decoraat.net,domain,crit,Lab52,2026-02-26,PlugX Meeting Invitation via MSBuild and GDATA,https://lab52.io/blog/plugx-meeting-invitation-via-msbuild-and-gdata/,1,1,,,,,
gesecole.net,domain,crit,Lab52,2026-02-26,PlugX Meeting Invitation via MSBuild and GDATA,https://lab52.io/blog/plugx-meeting-invitation-via-msbuild-and-gdata/,1,1,,,,,
onedow.gesecole.net,domain,crit,Lab52,2026-02-26,PlugX Meeting Invitation via MSBuild and GDATA,https://lab52.io/blog/plugx-meeting-invitation-via-msbuild-and-gdata/,1,1,,,,,
onedown.gesecole.net,domain,crit,Lab52,2026-02-26,PlugX Meeting Invitation via MSBuild and GDATA,https://lab52.io/blog/plugx-meeting-invitation-via-msbuild-and-gdata/,1,1,,,,,
381247c1d4c68a406237d7d3aa030930,md5,crit,Lab52,2026-02-26,PlugX Meeting Invitation via MSBuild and GDATA,https://lab52.io/blog/plugx-meeting-invitation-via-msbuild-and-gdata/,1,1,,,,,
769687f93869a70511aac1ef7c752455,md5,crit,Lab52,2026-02-26,PlugX Meeting Invitation via MSBuild and GDATA,https://lab52.io/blog/plugx-meeting-invitation-via-msbuild-and-gdata/,1,1,,,,,
7a75e713db41c28378e823322fdea0fd,md5,crit,Lab52,2026-02-26,PlugX Meeting Invitation via MSBuild and GDATA,https://lab52.io/blog/plugx-meeting-invitation-via-msbuild-and-gdata/,1,1,,,,,
9f331a11a054f33664fe86543fc34cf0,md5,crit,Lab52,2026-02-26,PlugX Meeting Invitation via MSBuild and GDATA,https://lab52.io/blog/plugx-meeting-invitation-via-msbuild-and-gdata/,1,1,,,,,
e7cb954f4bbdbadbd2c0206577621683,md5,crit,Lab52,2026-02-26,PlugX Meeting Invitation via MSBuild and GDATA,https://lab52.io/blog/plugx-meeting-invitation-via-msbuild-and-gdata/,1,1,,,,,
1151100a0aa1ed88f7897709444fd3b3b1044c10,sha1,crit,Lab52,2026-02-26,PlugX Meeting Invitation via MSBuild and GDATA,https://lab52.io/blog/plugx-meeting-invitation-via-msbuild-and-gdata/,1,1,,,,,
2336c9a20ecd53ec1be468282bae94c8160eb93a,sha1,crit,Lab52,2026-02-26,PlugX Meeting Invitation via MSBuild and GDATA,https://lab52.io/blog/plugx-meeting-invitation-via-msbuild-and-gdata/,1,1,,,,,
ad833604d230b241e180950980ea462b3812f82a,sha1,crit,Lab52,2026-02-26,PlugX Meeting Invitation via MSBuild and GDATA,https://lab52.io/blog/plugx-meeting-invitation-via-msbuild-and-gdata/,1,1,,,,,
d1a86ed06b18efef5ce724d2129cf1583b779b44,sha1,crit,Lab52,2026-02-26,PlugX Meeting Invitation via MSBuild and GDATA,https://lab52.io/blog/plugx-meeting-invitation-via-msbuild-and-gdata/,1,1,,,,,
f06da8e29c3f0fafabfc3a524ae8b21730b57ed3,sha1,crit,Lab52,2026-02-26,PlugX Meeting Invitation via MSBuild and GDATA,https://lab52.io/blog/plugx-meeting-invitation-via-msbuild-and-gdata/,1,1,,,,,
29cd44aa2a51a200d82cca578d97dc13241bc906ea6a33b132c6ca567dc8f3ad,sha256,crit,Lab52,2026-02-26,PlugX Meeting Invitation via MSBuild and GDATA,https://lab52.io/blog/plugx-meeting-invitation-via-msbuild-and-gdata/,1,1,,,,,
46314092c8d00ab93cbbdc824b9fc39dec9303169163b9625bae3b1717d70ebc,sha256,crit,Lab52,2026-02-26,PlugX Meeting Invitation via MSBuild and GDATA,https://lab52.io/blog/plugx-meeting-invitation-via-msbuild-and-gdata/,1,1,,,,,
5f9af68db10b029453264cfc9b8eee4265549a2855bb79668ccfc571fb11f5fc,sha256,crit,Lab52,2026-02-26,PlugX Meeting Invitation via MSBuild and GDATA,https://lab52.io/blog/plugx-meeting-invitation-via-msbuild-and-gdata/,1,1,,,,,
6df8649bf4e233ee86a896ee8e5a3b3179c168ef927ac9283b945186f8629ee7,sha256,crit,Lab52,2026-02-26,PlugX Meeting Invitation via MSBuild and GDATA,https://lab52.io/blog/plugx-meeting-invitation-via-msbuild-and-gdata/,1,1,,,,,
8421e7995778faf1f2a902fb2c51d85ae39481f443b7b3186068d5c33c472d99,sha256,crit,Lab52,2026-02-26,PlugX Meeting Invitation via MSBuild and GDATA,https://lab52.io/blog/plugx-meeting-invitation-via-msbuild-and-gdata/,1,1,,,,,
d293ded5a63679b81556d2c622c78be6253f500b6751d4eeb271e6500a23b21e,sha256,crit,Lab52,2026-02-26,PlugX Meeting Invitation via MSBuild and GDATA,https://lab52.io/blog/plugx-meeting-invitation-via-msbuild-and-gdata/,1,1,,,,,
de8ddc2451fb1305d76ab20661725d11c77625aeeaa1447faf3fbf56706c87f1,sha256,crit,Lab52,2026-02-26,PlugX Meeting Invitation via MSBuild and GDATA,https://lab52.io/blog/plugx-meeting-invitation-via-msbuild-and-gdata/,1,1,,,,,
e7ed0cd4115f3ff35c38d36cc50c6a13eba2d845554439a36108789cd1e05b17,sha256,crit,Lab52,2026-02-26,PlugX Meeting Invitation via MSBuild and GDATA,https://lab52.io/blog/plugx-meeting-invitation-via-msbuild-and-gdata/,1,1,,,,,
CVE-2026-25545,cve,high,Aikido,2026-02-23,Astro Full-Read SSRF via Host Header Injection,https://www.aikido.dev/blog/astro-full-read-ssrf-via-host-header-injection,1,1,,,,,
CVE-2026-27118,cve,crit,Aikido,2026-02-19,SvelteSpill: A Cache Deception Bug in SvelteKit + Vercel,https://www.aikido.dev/blog/sveltespill-cache-deception-sveltekit-vercel,1,1,,,,,
attacker.oastify.com,domain,high,Snyk,2026-02-19,How “Clinejection” Turned an AI Bot into a Supply Chain Attack,https://snyk.io/blog/cline-supply-chain-attack-prompt-injection-github-actions/,1,1,,,,,
gali.web.test.myapptest.top,domain,high,Aikido,2026-02-16,npm backdoor lets hackers hijack gambling outcomes,https://www.aikido.dev/blog/npm-backdoor-lets-hackers-hijack-gambling-outcomes,1,1,,,,,
gameland.21game.live,domain,high,Aikido,2026-02-16,npm backdoor lets hackers hijack gambling outcomes,https://www.aikido.dev/blog/npm-backdoor-lets-hackers-hijack-gambling-outcomes,1,1,,,,,
gameland.myapptest.top,domain,high,Aikido,2026-02-16,npm backdoor lets hackers hijack gambling outcomes,https://www.aikido.dev/blog/npm-backdoor-lets-hackers-hijack-gambling-outcomes,1,1,,,,,
gameland.nbzysp1.com,domain,high,Aikido,2026-02-16,npm backdoor lets hackers hijack gambling outcomes,https://www.aikido.dev/blog/npm-backdoor-lets-hackers-hijack-gambling-outcomes,1,1,,,,,
payment.snip-site.cc,domain,high,Aikido,2026-02-16,npm backdoor lets hackers hijack gambling outcomes,https://www.aikido.dev/blog/npm-backdoor-lets-hackers-hijack-gambling-outcomes,1,1,,,,,
payment.y1pay.vip,domain,high,Aikido,2026-02-16,npm backdoor lets hackers hijack gambling outcomes,https://www.aikido.dev/blog/npm-backdoor-lets-hackers-hijack-gambling-outcomes,1,1,,,,,
CVE-2024-3094,cve,crit,StepSecurity; Snyk,2026-02-15,2024 in Review: The Evolution of CI/CD Security & What's Next; The XZ backdoor CVE-2024-3094,https://www.stepsecurity.io/blog/2024-in-review-the-evolution-of-ci-cd-security-whats-next; https://snyk.io/blog/the-xz-backdoor-cve-2024-3094/,2,2,,,,,
319feb5a9cddd81955d915b5632b4a5f8f9080281fb46e2f6d69d53f693c23ae,sha256,crit,StepSecurity; Snyk,2026-02-15,2024 in Review: The Evolution of CI/CD Security & What's Next; The XZ backdoor CVE-2024-3094,https://www.stepsecurity.io/blog/2024-in-review-the-evolution-of-ci-cd-security-whats-next; https://snyk.io/blog/the-xz-backdoor-cve-2024-3094/,2,2,,,,,
5448850cdc3a7ae41ff53b433c2adbd0ff492515012412ee63a40d2685db3049,sha256,crit,StepSecurity; Snyk,2026-02-15,2024 in Review: The Evolution of CI/CD Security & What's Next; The XZ backdoor CVE-2024-3094,https://www.stepsecurity.io/blog/2024-in-review-the-evolution-of-ci-cd-security-whats-next; https://snyk.io/blog/the-xz-backdoor-cve-2024-3094/,2,2,,,,,
605861f833fc181c7cdcabd5577ddb8989bea332648a8f498b4eef89b8f85ad4,sha256,crit,StepSecurity; Snyk,2026-02-15,2024 in Review: The Evolution of CI/CD Security & What's Next; The XZ backdoor CVE-2024-3094,https://www.stepsecurity.io/blog/2024-in-review-the-evolution-of-ci-cd-security-whats-next; https://snyk.io/blog/the-xz-backdoor-cve-2024-3094/,2,2,,,,,
8fa641c454c3e0f76de73b7cc3446096b9c8b9d33d406d38b8ac76090b0344fd,sha256,crit,StepSecurity; Snyk,2026-02-15,2024 in Review: The Evolution of CI/CD Security & What's Next; The XZ backdoor CVE-2024-3094,https://www.stepsecurity.io/blog/2024-in-review-the-evolution-of-ci-cd-security-whats-next; https://snyk.io/blog/the-xz-backdoor-cve-2024-3094/,2,2,,,,,
b418bfd34aa246b2e7b5cb5d263a640e5d080810f767370c4d2c24662a274963,sha256,crit,StepSecurity; Snyk,2026-02-15,2024 in Review: The Evolution of CI/CD Security & What's Next; The XZ backdoor CVE-2024-3094,https://www.stepsecurity.io/blog/2024-in-review-the-evolution-of-ci-cd-security-whats-next; https://snyk.io/blog/the-xz-backdoor-cve-2024-3094/,2,2,,,,,
cbeef92e67bf41ca9c015557d81f39adaba67ca9fb3574139754999030b83537,sha256,crit,StepSecurity; Snyk,2026-02-15,2024 in Review: The Evolution of CI/CD Security & What's Next; The XZ backdoor CVE-2024-3094,https://www.stepsecurity.io/blog/2024-in-review-the-evolution-of-ci-cd-security-whats-next; https://snyk.io/blog/the-xz-backdoor-cve-2024-3094/,2,2,,,,,
github.com/aztr0nutz/NET_NINJA.v1.2,domain,crit,Snyk,2026-02-10,How a Malicious Google Skill on ClawHub Tricks Users Into Installing Malware,https://snyk.io/blog/clawhub-malicious-google-skill-openclaw-malware/,1,1,,,,,
github.com/denboss99/openclaw-core,domain,crit,Snyk,2026-02-10,How a Malicious Google Skill on ClawHub Tricks Users Into Installing Malware,https://snyk.io/blog/clawhub-malicious-google-skill-openclaw-malware/,1,1,,,,,
rentry.co/openclaw-core,domain,crit,Snyk,2026-02-10,How a Malicious Google Skill on ClawHub Tricks Users Into Installing Malware,https://snyk.io/blog/clawhub-malicious-google-skill-openclaw-malware/,1,1,,,,,
setup-service.com,domain,crit,Snyk,2026-02-10,How a Malicious Google Skill on ClawHub Tricks Users Into Installing Malware,https://snyk.io/blog/clawhub-malicious-google-skill-openclaw-malware/,1,1,,,,,
progamevl.ru,domain,crit,ESET WeLiveSecurity,2026-01-30,DynoWiper update: Technical analysis and attribution,https://www.welivesecurity.com/en/eset-research/dynowiper-update-technical-analysis-attribution/,1,1,,,,,
31.172.71.5,ipv4,crit,ESET WeLiveSecurity,2026-01-30,DynoWiper update: Technical analysis and attribution,https://www.welivesecurity.com/en/eset-research/dynowiper-update-technical-analysis-attribution/,1,1,,,,,
4ec3c90846af6b79ee1a5188eefa3fd21f6d4cf6,sha1,high,ESET WeLiveSecurity,2026-01-23,ESET Research: Sandworm behind cyberattack on Poland’s power grid in late 2025,https://www.welivesecurity.com/en/eset-research/eset-research-sandworm-cyberattack-poland-power-grid-late-2025/,1,1,,,,,
CVE-2025-50165,cve,high,ESET WeLiveSecurity,2025-12-22,Revisiting CVE-2025-50165: A critical flaw in Windows Imaging Component,https://www.welivesecurity.com/en/eset-research/revisiting-cve-2025-50165-critical-flaw-windows-imaging-component/,1,1,,,,,
CVE-2025-54313,cve,crit,StepSecurity; Snyk,2025-12-15,Supply Chain Security Alert: eslint-config-prettier Package Shows Signs of Compromise; Maintainers of ESLint Prettier Plugin Attacked via npm Supply Chain Malware,https://www.stepsecurity.io/blog/supply-chain-security-alert-eslint-config-prettier-package-shows-signs-of-compromise; https://snyk.io/blog/maintainers-of-eslint-prettier-plugin-attacked-via-npm-supply-chain-malware/,2,2,,,,,
npnjs.com,domain,crit,StepSecurity; Snyk,2025-12-15,Supply Chain Security Alert: eslint-config-prettier Package Shows Signs of Compromise; Maintainers of ESLint Prettier Plugin Attacked via npm Supply Chain Malware,https://www.stepsecurity.io/blog/supply-chain-security-alert-eslint-config-prettier-package-shows-signs-of-compromise; https://snyk.io/blog/maintainers-of-eslint-prettier-plugin-attacked-via-npm-supply-chain-malware/,2,2,,,,,
CVE-2025-66478,cve,high,StepSecurity; Snyk,2025-12-15,Critical Remote Code Execution Vulnerabilities Discovered in React Server Components and Next.js; Security Advisory: Critical RCE Vulnerabilities in React Server Components (CVE-2025-55182),https://www.stepsecurity.io/blog/critical-remote-code-execution-vulnerabilities-discovered-in-react-server-components-and-next-js; https://snyk.io/blog/security-advisory-critical-rce-vulnerabilities-react-server-components/,2,2,,,,,
bun.sh,domain,high,StepSecurity,2025-12-15,How Harden Runner Detected the Sha1-Hulud Supply Chain Attack in CNCF's Backstage Repository,https://www.stepsecurity.io/blog/how-harden-runner-detected-the-sha1-hulud-supply-chain-attack-in-cncfs-backstage-repository,1,1,,,,,
keychecker.trufflesecurity.com,domain,high,StepSecurity,2025-12-15,How Harden Runner Detected the Sha1-Hulud Supply Chain Attack in CNCF's Backstage Repository,https://www.stepsecurity.io/blog/how-harden-runner-detected-the-sha1-hulud-supply-chain-attack-in-cncfs-backstage-repository,1,1,,,,,
oss.trufflehog.org,domain,high,StepSecurity,2025-12-15,How Harden Runner Detected the Sha1-Hulud Supply Chain Attack in CNCF's Backstage Repository,https://www.stepsecurity.io/blog/how-harden-runner-detected-the-sha1-hulud-supply-chain-attack-in-cncfs-backstage-repository,1,1,,,,,
3d7570d14d34b0ba137d502f042b27b0f37a59fa,sha1,high,StepSecurity; Snyk,2025-12-15,"How Harden Runner Detected the Sha1-Hulud Supply Chain Attack in CNCF's Backstage Repository; SHA1-Hulud, npm supply chain incident",https://www.stepsecurity.io/blog/how-harden-runner-detected-the-sha1-hulud-supply-chain-attack-in-cncfs-backstage-repository; https://snyk.io/blog/sha1-hulud-npm-supply-chain-incident/,2,2,,,,,
d1829b4708126dcc7bea7437c04d1f10eacd4a16,sha1,high,StepSecurity; Snyk,2025-12-15,"How Harden Runner Detected the Sha1-Hulud Supply Chain Attack in CNCF's Backstage Repository; SHA1-Hulud, npm supply chain incident",https://www.stepsecurity.io/blog/how-harden-runner-detected-the-sha1-hulud-supply-chain-attack-in-cncfs-backstage-repository; https://snyk.io/blog/sha1-hulud-npm-supply-chain-incident/,2,2,,,,,
d60ec97eea19fffb4809bc35b91033b52490ca11,sha1,high,StepSecurity; Snyk,2025-12-15,"How Harden Runner Detected the Sha1-Hulud Supply Chain Attack in CNCF's Backstage Repository; SHA1-Hulud, npm supply chain incident",https://www.stepsecurity.io/blog/how-harden-runner-detected-the-sha1-hulud-supply-chain-attack-in-cncfs-backstage-repository; https://snyk.io/blog/sha1-hulud-npm-supply-chain-incident/,2,2,,,,,
anywherehost.site,domain,high,Snyk,2025-12-03,Security Advisory: Critical RCE Vulnerabilities in React Server Components (CVE-2025-55182),https://snyk.io/blog/security-advisory-critical-rce-vulnerabilities-react-server-components/,1,1,,,,,
donaldjtrmp.anondns.net,domain,high,Snyk,2025-12-03,Security Advisory: Critical RCE Vulnerabilities in React Server Components (CVE-2025-55182),https://snyk.io/blog/security-advisory-critical-rce-vulnerabilities-react-server-components/,1,1,,,,,
ghostbin.axel.org,domain,high,Snyk,2025-12-03,Security Advisory: Critical RCE Vulnerabilities in React Server Components (CVE-2025-55182),https://snyk.io/blog/security-advisory-critical-rce-vulnerabilities-react-server-components/,1,1,,,,,
help.093214.xyz,domain,high,Snyk,2025-12-03,Security Advisory: Critical RCE Vulnerabilities in React Server Components (CVE-2025-55182),https://snyk.io/blog/security-advisory-critical-rce-vulnerabilities-react-server-components/,1,1,,,,,
keep.camdvr.org,domain,high,Snyk,2025-12-03,Security Advisory: Critical RCE Vulnerabilities in React Server Components (CVE-2025-55182),https://snyk.io/blog/security-advisory-critical-rce-vulnerabilities-react-server-components/,1,1,,,,,
krebsec.anondns.net,domain,high,Snyk,2025-12-03,Security Advisory: Critical RCE Vulnerabilities in React Server Components (CVE-2025-55182),https://snyk.io/blog/security-advisory-critical-rce-vulnerabilities-react-server-components/,1,1,,,,,
labubu.anondns.net,domain,high,Snyk,2025-12-03,Security Advisory: Critical RCE Vulnerabilities in React Server Components (CVE-2025-55182),https://snyk.io/blog/security-advisory-critical-rce-vulnerabilities-react-server-components/,1,1,,,,,
overcome-pmc-conferencing-books.trycloudflare.com,domain,high,Snyk,2025-12-03,Security Advisory: Critical RCE Vulnerabilities in React Server Components (CVE-2025-55182),https://snyk.io/blog/security-advisory-critical-rce-vulnerabilities-react-server-components/,1,1,,,,,
reactcdn.windowserrorapis.com,domain,high,Snyk,2025-12-03,Security Advisory: Critical RCE Vulnerabilities in React Server Components (CVE-2025-55182),https://snyk.io/blog/security-advisory-critical-rce-vulnerabilities-react-server-components/,1,1,,,,,
res.qiqigece.top,domain,high,Snyk,2025-12-03,Security Advisory: Critical RCE Vulnerabilities in React Server Components (CVE-2025-55182),https://snyk.io/blog/security-advisory-critical-rce-vulnerabilities-react-server-components/,1,1,,,,,
superminecraft.net.br,domain,high,Snyk,2025-12-03,Security Advisory: Critical RCE Vulnerabilities in React Server Components (CVE-2025-55182),https://snyk.io/blog/security-advisory-critical-rce-vulnerabilities-react-server-components/,1,1,,,,,
vip.kof97.lol,domain,high,Snyk,2025-12-03,Security Advisory: Critical RCE Vulnerabilities in React Server Components (CVE-2025-55182),https://snyk.io/blog/security-advisory-critical-rce-vulnerabilities-react-server-components/,1,1,,,,,
vps-zap812595-1.zap-srv.com,domain,high,Snyk,2025-12-03,Security Advisory: Critical RCE Vulnerabilities in React Server Components (CVE-2025-55182),https://snyk.io/blog/security-advisory-critical-rce-vulnerabilities-react-server-components/,1,1,,,,,
xpertclient.net,domain,high,Snyk,2025-12-03,Security Advisory: Critical RCE Vulnerabilities in React Server Components (CVE-2025-55182),https://snyk.io/blog/security-advisory-critical-rce-vulnerabilities-react-server-components/,1,1,,,,,
115.42.60.223,ipv4,high,Snyk,2025-12-03,Security Advisory: Critical RCE Vulnerabilities in React Server Components (CVE-2025-55182),https://snyk.io/blog/security-advisory-critical-rce-vulnerabilities-react-server-components/,1,1,,,,,
140.99.223.178,ipv4,high,Snyk,2025-12-03,Security Advisory: Critical RCE Vulnerabilities in React Server Components (CVE-2025-55182),https://snyk.io/blog/security-advisory-critical-rce-vulnerabilities-react-server-components/,1,1,,,,,
146.88.129.138,ipv4,high,Snyk,2025-12-03,Security Advisory: Critical RCE Vulnerabilities in React Server Components (CVE-2025-55182),https://snyk.io/blog/security-advisory-critical-rce-vulnerabilities-react-server-components/,1,1,,,,,
156.234.209.103,ipv4,high,Snyk,2025-12-03,Security Advisory: Critical RCE Vulnerabilities in React Server Components (CVE-2025-55182),https://snyk.io/blog/security-advisory-critical-rce-vulnerabilities-react-server-components/,1,1,,,,,
162.215.170.26,ipv4,high,Snyk,2025-12-03,Security Advisory: Critical RCE Vulnerabilities in React Server Components (CVE-2025-55182),https://snyk.io/blog/security-advisory-critical-rce-vulnerabilities-react-server-components/,1,1,,,,,
192.238.202.17,ipv4,high,Snyk,2025-12-03,Security Advisory: Critical RCE Vulnerabilities in React Server Components (CVE-2025-55182),https://snyk.io/blog/security-advisory-critical-rce-vulnerabilities-react-server-components/,1,1,,,,,
193.24.123.68,ipv4,high,Snyk,2025-12-03,Security Advisory: Critical RCE Vulnerabilities in React Server Components (CVE-2025-55182),https://snyk.io/blog/security-advisory-critical-rce-vulnerabilities-react-server-components/,1,1,,,,,
193.34.213.150,ipv4,high,Snyk,2025-12-03,Security Advisory: Critical RCE Vulnerabilities in React Server Components (CVE-2025-55182),https://snyk.io/blog/security-advisory-critical-rce-vulnerabilities-react-server-components/,1,1,,,,,
194.69.203.32,ipv4,high,Snyk,2025-12-03,Security Advisory: Critical RCE Vulnerabilities in React Server Components (CVE-2025-55182),https://snyk.io/blog/security-advisory-critical-rce-vulnerabilities-react-server-components/,1,1,,,,,
196.251.100.191,ipv4,high,Snyk,2025-12-03,Security Advisory: Critical RCE Vulnerabilities in React Server Components (CVE-2025-55182),https://snyk.io/blog/security-advisory-critical-rce-vulnerabilities-react-server-components/,1,1,,,,,
216.158.232.43,ipv4,high,Snyk,2025-12-03,Security Advisory: Critical RCE Vulnerabilities in React Server Components (CVE-2025-55182),https://snyk.io/blog/security-advisory-critical-rce-vulnerabilities-react-server-components/,1,1,,,,,
31.56.27.76,ipv4,high,Snyk,2025-12-03,Security Advisory: Critical RCE Vulnerabilities in React Server Components (CVE-2025-55182),https://snyk.io/blog/security-advisory-critical-rce-vulnerabilities-react-server-components/,1,1,,,,,
31.57.46.28,ipv4,high,Snyk,2025-12-03,Security Advisory: Critical RCE Vulnerabilities in React Server Components (CVE-2025-55182),https://snyk.io/blog/security-advisory-critical-rce-vulnerabilities-react-server-components/,1,1,,,,,
38.162.112.141,ipv4,high,Snyk,2025-12-03,Security Advisory: Critical RCE Vulnerabilities in React Server Components (CVE-2025-55182),https://snyk.io/blog/security-advisory-critical-rce-vulnerabilities-react-server-components/,1,1,,,,,
45.32.158.54,ipv4,high,Snyk,2025-12-03,Security Advisory: Critical RCE Vulnerabilities in React Server Components (CVE-2025-55182),https://snyk.io/blog/security-advisory-critical-rce-vulnerabilities-react-server-components/,1,1,,,,,
46.36.37.85,ipv4,high,Snyk,2025-12-03,Security Advisory: Critical RCE Vulnerabilities in React Server Components (CVE-2025-55182),https://snyk.io/blog/security-advisory-critical-rce-vulnerabilities-react-server-components/,1,1,,,,,
47.84.57.207,ipv4,high,Snyk,2025-12-03,Security Advisory: Critical RCE Vulnerabilities in React Server Components (CVE-2025-55182),https://snyk.io/blog/security-advisory-critical-rce-vulnerabilities-react-server-components/,1,1,,,,,
47.84.79.46,ipv4,high,Snyk,2025-12-03,Security Advisory: Critical RCE Vulnerabilities in React Server Components (CVE-2025-55182),https://snyk.io/blog/security-advisory-critical-rce-vulnerabilities-react-server-components/,1,1,,,,,
72.62.67.33,ipv4,high,Snyk,2025-12-03,Security Advisory: Critical RCE Vulnerabilities in React Server Components (CVE-2025-55182),https://snyk.io/blog/security-advisory-critical-rce-vulnerabilities-react-server-components/,1,1,,,,,
92.246.87.48,ipv4,high,Snyk,2025-12-03,Security Advisory: Critical RCE Vulnerabilities in React Server Components (CVE-2025-55182),https://snyk.io/blog/security-advisory-critical-rce-vulnerabilities-react-server-components/,1,1,,,,,
95.169.180.135,ipv4,high,Snyk,2025-12-03,Security Advisory: Critical RCE Vulnerabilities in React Server Components (CVE-2025-55182),https://snyk.io/blog/security-advisory-critical-rce-vulnerabilities-react-server-components/,1,1,,,,,
1663d98c259001f1b03f82d0c5bee7cfd3c7623ccb83759c994f9ab845939665,sha256,high,Snyk,2025-12-03,Security Advisory: Critical RCE Vulnerabilities in React Server Components (CVE-2025-55182),https://snyk.io/blog/security-advisory-critical-rce-vulnerabilities-react-server-components/,1,1,,,,,
18c68a982f91f665effe769f663c51cb0567ea2bfc7fab6a1a40d4fe50fc382b,sha256,high,Snyk,2025-12-03,Security Advisory: Critical RCE Vulnerabilities in React Server Components (CVE-2025-55182),https://snyk.io/blog/security-advisory-critical-rce-vulnerabilities-react-server-components/,1,1,,,,,
1a3e7b4ee2b2858dbac2d73dd1c52b1ea1d69c6ebb24cc434d1e15e43325b74e,sha256,high,Snyk,2025-12-03,Security Advisory: Critical RCE Vulnerabilities in React Server Components (CVE-2025-55182),https://snyk.io/blog/security-advisory-critical-rce-vulnerabilities-react-server-components/,1,1,,,,,
1cdd9b0434eb5b06173c7516f99a832dc4614ac10dda171c8eed3272a5e63d20,sha256,high,Snyk,2025-12-03,Security Advisory: Critical RCE Vulnerabilities in React Server Components (CVE-2025-55182),https://snyk.io/blog/security-advisory-critical-rce-vulnerabilities-react-server-components/,1,1,,,,,
1e31dc074a4ea7f400cb969ea80e8855b5e7486660aab415da17591bc284ac5b,sha256,high,Snyk,2025-12-03,Security Advisory: Critical RCE Vulnerabilities in React Server Components (CVE-2025-55182),https://snyk.io/blog/security-advisory-critical-rce-vulnerabilities-react-server-components/,1,1,,,,,
1f3f0695c7ec63723b2b8e9d50b1838df304821fcb22c7902db1f8248a812035,sha256,high,Snyk,2025-12-03,Security Advisory: Critical RCE Vulnerabilities in React Server Components (CVE-2025-55182),https://snyk.io/blog/security-advisory-critical-rce-vulnerabilities-react-server-components/,1,1,,,,,
2b0dc27f035ba1417990a21dafb361e083e4ed94a75a1c49dc45690ecf463de4,sha256,high,Snyk,2025-12-03,Security Advisory: Critical RCE Vulnerabilities in React Server Components (CVE-2025-55182),https://snyk.io/blog/security-advisory-critical-rce-vulnerabilities-react-server-components/,1,1,,,,,
2ca913556efd6c45109fd8358edb18d22a10fb6a36c1ab7b2df7594cd5b0adbc,sha256,high,Snyk,2025-12-03,Security Advisory: Critical RCE Vulnerabilities in React Server Components (CVE-2025-55182),https://snyk.io/blog/security-advisory-critical-rce-vulnerabilities-react-server-components/,1,1,,,,,
33641bfbbdd5a9cd2320c61f65fe446a2226d8a48e3bd3c29e8f916f0592575f,sha256,high,Snyk,2025-12-03,Security Advisory: Critical RCE Vulnerabilities in React Server Components (CVE-2025-55182),https://snyk.io/blog/security-advisory-critical-rce-vulnerabilities-react-server-components/,1,1,,,,,
4745703f395282a0687def2c7dcf82ed1683f3128bef1686bd74c966273ce1c5,sha256,high,Snyk,2025-12-03,Security Advisory: Critical RCE Vulnerabilities in React Server Components (CVE-2025-55182),https://snyk.io/blog/security-advisory-critical-rce-vulnerabilities-react-server-components/,1,1,,,,,
4a759cbc219bcb3a1f8380a959307b39873fb36a9afd0d57ba0736ad7a02763b,sha256,high,Snyk,2025-12-03,Security Advisory: Critical RCE Vulnerabilities in React Server Components (CVE-2025-55182),https://snyk.io/blog/security-advisory-critical-rce-vulnerabilities-react-server-components/,1,1,,,,,
4ff096fbea443778fec6f960bf2b9c84da121e6d63e189aebaaa6397d9aac948,sha256,high,Snyk,2025-12-03,Security Advisory: Critical RCE Vulnerabilities in React Server Components (CVE-2025-55182),https://snyk.io/blog/security-advisory-critical-rce-vulnerabilities-react-server-components/,1,1,,,,,
55ae00bc8482afd085fd128965b108cca4adb5a3a8a0ee2957d76f33edd5a864,sha256,high,Snyk,2025-12-03,Security Advisory: Critical RCE Vulnerabilities in React Server Components (CVE-2025-55182),https://snyk.io/blog/security-advisory-critical-rce-vulnerabilities-react-server-components/,1,1,,,,,
62e9a01307bcf85cdaeecafd6efb5be72a622c43a10f06d6d6d3b566b072228d,sha256,high,Snyk,2025-12-03,Security Advisory: Critical RCE Vulnerabilities in React Server Components (CVE-2025-55182),https://snyk.io/blog/security-advisory-critical-rce-vulnerabilities-react-server-components/,1,1,,,,,
7d25a97be42b357adcc6d7f56ab01111378a3190134aa788b1f04336eb924b53,sha256,high,Snyk,2025-12-03,Security Advisory: Critical RCE Vulnerabilities in React Server Components (CVE-2025-55182),https://snyk.io/blog/security-advisory-critical-rce-vulnerabilities-react-server-components/,1,1,,,,,
7f05bad031d22c2bb4352bf0b6b9ee2ca064a4c0e11a317e6fedc694de37737a,sha256,high,Snyk,2025-12-03,Security Advisory: Critical RCE Vulnerabilities in React Server Components (CVE-2025-55182),https://snyk.io/blog/security-advisory-critical-rce-vulnerabilities-react-server-components/,1,1,,,,,
9c931f7f7d511108263b0a75f7b9fcbbf9fd67ebcc7cd2e5dcd1266b75053624,sha256,high,Snyk,2025-12-03,Security Advisory: Critical RCE Vulnerabilities in React Server Components (CVE-2025-55182),https://snyk.io/blog/security-advisory-critical-rce-vulnerabilities-react-server-components/,1,1,,,,,
a455731133c00fdd2a141bdfba4def34ae58195126f762cdf951056b0ef161d4,sha256,high,Snyk,2025-12-03,Security Advisory: Critical RCE Vulnerabilities in React Server Components (CVE-2025-55182),https://snyk.io/blog/security-advisory-critical-rce-vulnerabilities-react-server-components/,1,1,,,,,
ac2182dfbf56d58b4d63cde3ad6e7a52fed54e52959e4c82d6fc999f20f8d693,sha256,high,Snyk,2025-12-03,Security Advisory: Critical RCE Vulnerabilities in React Server Components (CVE-2025-55182),https://snyk.io/blog/security-advisory-critical-rce-vulnerabilities-react-server-components/,1,1,,,,,
ac7027f30514d0c00d9e8b379b5ad8150c9827c827dc7ee54d906fc2585b6bf6,sha256,high,Snyk,2025-12-03,Security Advisory: Critical RCE Vulnerabilities in React Server Components (CVE-2025-55182),https://snyk.io/blog/security-advisory-critical-rce-vulnerabilities-react-server-components/,1,1,,,,,
b38ec4c803a2d84277d9c598bfa5434fb8561ddad0ec38da6f9b8ece8104d787,sha256,high,Snyk,2025-12-03,Security Advisory: Critical RCE Vulnerabilities in React Server Components (CVE-2025-55182),https://snyk.io/blog/security-advisory-critical-rce-vulnerabilities-react-server-components/,1,1,,,,,
bc31561c44a36e1305692d0af673bc5406f4a5bb2c3f2ffdb613c09b4e80fa9f,sha256,high,Snyk,2025-12-03,Security Advisory: Critical RCE Vulnerabilities in React Server Components (CVE-2025-55182),https://snyk.io/blog/security-advisory-critical-rce-vulnerabilities-react-server-components/,1,1,,,,,
bf602b11d99e815e26c88a3a47eb63997d43db8b8c60db06d6fbddf386fd8c4a,sha256,high,Snyk,2025-12-03,Security Advisory: Critical RCE Vulnerabilities in React Server Components (CVE-2025-55182),https://snyk.io/blog/security-advisory-critical-rce-vulnerabilities-react-server-components/,1,1,,,,,
c2867570f3bbb71102373a94c7153239599478af84b9c81f2a0368de36f14a7c,sha256,high,Snyk,2025-12-03,Security Advisory: Critical RCE Vulnerabilities in React Server Components (CVE-2025-55182),https://snyk.io/blog/security-advisory-critical-rce-vulnerabilities-react-server-components/,1,1,,,,,
d704541cde64a3eef5c4f80d0d7f96dc96bae8083804c930111024b274557b16,sha256,high,Snyk,2025-12-03,Security Advisory: Critical RCE Vulnerabilities in React Server Components (CVE-2025-55182),https://snyk.io/blog/security-advisory-critical-rce-vulnerabilities-react-server-components/,1,1,,,,,
d9313f949af339ed9fafb12374600e66b870961eeb9b2b0d4a3172fd1aa34ed0,sha256,high,Snyk,2025-12-03,Security Advisory: Critical RCE Vulnerabilities in React Server Components (CVE-2025-55182),https://snyk.io/blog/security-advisory-critical-rce-vulnerabilities-react-server-components/,1,1,,,,,
e2d7c8491436411474cef5d3b51116ddecfee68bab1e15081752a54772559879,sha256,high,Snyk,2025-12-03,Security Advisory: Critical RCE Vulnerabilities in React Server Components (CVE-2025-55182),https://snyk.io/blog/security-advisory-critical-rce-vulnerabilities-react-server-components/,1,1,,,,,
ebdb85704b2e7ced3673b12c6f3687bc0177a7b1b3caef110213cc93a75da837,sha256,high,Snyk,2025-12-03,Security Advisory: Critical RCE Vulnerabilities in React Server Components (CVE-2025-55182),https://snyk.io/blog/security-advisory-critical-rce-vulnerabilities-react-server-components/,1,1,,,,,
f88ce150345787dd1bcfbc301350033404e32273c9a140f22da80810e3a3f6ea,sha256,high,Snyk,2025-12-03,Security Advisory: Critical RCE Vulnerabilities in React Server Components (CVE-2025-55182),https://snyk.io/blog/security-advisory-critical-rce-vulnerabilities-react-server-components/,1,1,,,,,
fc9e53675e315edeea2292069c3fbc91337c972c936ca0f535da01760814b125,sha256,high,Snyk,2025-12-03,Security Advisory: Critical RCE Vulnerabilities in React Server Components (CVE-2025-55182),https://snyk.io/blog/security-advisory-critical-rce-vulnerabilities-react-server-components/,1,1,,,,,
ds20221202.dsc.wcsset.com,domain,crit,ESET WeLiveSecurity,2025-11-19,PlushDaemon compromises network devices for adversary-in-the-middle attacks,https://www.welivesecurity.com/en/eset-research/plushdaemon-compromises-network-devices-for-adversary-in-the-middle-attacks/,1,1,,,,,
test.dsc.wcsset.com,domain,crit,ESET WeLiveSecurity,2025-11-19,PlushDaemon compromises network devices for adversary-in-the-middle attacks,https://www.welivesecurity.com/en/eset-research/plushdaemon-compromises-network-devices-for-adversary-in-the-middle-attacks/,1,1,,,,,
119.136.153.0,ipv4,crit,ESET WeLiveSecurity,2025-11-19,PlushDaemon compromises network devices for adversary-in-the-middle attacks,https://www.welivesecurity.com/en/eset-research/plushdaemon-compromises-network-devices-for-adversary-in-the-middle-attacks/,1,1,,,,,
47.242.198.250,ipv4,crit,ESET WeLiveSecurity,2025-11-19,PlushDaemon compromises network devices for adversary-in-the-middle attacks,https://www.welivesecurity.com/en/eset-research/plushdaemon-compromises-network-devices-for-adversary-in-the-middle-attacks/,1,1,,,,,
esetremover.com,domain,crit,ESET WeLiveSecurity,2025-11-07,"The who, where, and how of APT attacks in Q2 2025–Q3 2025",https://www.welivesecurity.com/en/videos/who-where-how-apt-attacks-q2-2025-q3-2025/,1,1,,,,,
esetscanner.com,domain,crit,ESET WeLiveSecurity,2025-11-07,"The who, where, and how of APT attacks in Q2 2025–Q3 2025",https://www.welivesecurity.com/en/videos/who-where-how-apt-attacks-q2-2025-q3-2025/,1,1,,,,,
esetsmart.com,domain,crit,ESET WeLiveSecurity,2025-11-07,"The who, where, and how of APT attacks in Q2 2025–Q3 2025",https://www.welivesecurity.com/en/videos/who-where-how-apt-attacks-q2-2025-q3-2025/,1,1,,,,,
bf50442dedeb6a715de82177eb7e24daed3f3e45d6dcd186bb360675d07ac047,sha256,crit,ESET WeLiveSecurity,2025-11-07,"The who, where, and how of APT attacks in Q2 2025–Q3 2025",https://www.welivesecurity.com/en/videos/who-where-how-apt-attacks-q2-2025-q3-2025/,1,1,,,,,
e77afc29d52cbf4bedb8bc92017fb3ddd051d8acc9b106b627e10b8285ab7389,sha256,crit,ESET WeLiveSecurity,2025-11-07,"The who, where, and how of APT attacks in Q2 2025–Q3 2025",https://www.welivesecurity.com/en/videos/who-where-how-apt-attacks-q2-2025-q3-2025/,1,1,,,,,
cfn.fejyhy.com,domain,crit,Snyk,2025-10-09,Phishing Campaign Leveraging the NPM Ecosystem,https://snyk.io/blog/phishing-campaign-leveraging-the-npm-ecosystem/,1,1,,,,,
cfn.fenamu.com,domain,crit,Snyk,2025-10-09,Phishing Campaign Leveraging the NPM Ecosystem,https://snyk.io/blog/phishing-campaign-leveraging-the-npm-ecosystem/,1,1,,,,,
cfn.jackpotmastersdanske.com,domain,crit,Snyk,2025-10-09,Phishing Campaign Leveraging the NPM Ecosystem,https://snyk.io/blog/phishing-campaign-leveraging-the-npm-ecosystem/,1,1,,,,,
cfn.notwinningbutpartici.com,domain,crit,Snyk,2025-10-09,Phishing Campaign Leveraging the NPM Ecosystem,https://snyk.io/blog/phishing-campaign-leveraging-the-npm-ecosystem/,1,1,,,,,
elkendinsc.com,domain,crit,Snyk,2025-10-09,Phishing Campaign Leveraging the NPM Ecosystem,https://snyk.io/blog/phishing-campaign-leveraging-the-npm-ecosystem/,1,1,,,,,
musicboxcr.com,domain,crit,Snyk,2025-10-09,Phishing Campaign Leveraging the NPM Ecosystem,https://snyk.io/blog/phishing-campaign-leveraging-the-npm-ecosystem/,1,1,,,,,
villasmbuva.co.mz,domain,crit,Snyk,2025-10-09,Phishing Campaign Leveraging the NPM Ecosystem,https://snyk.io/blog/phishing-campaign-leveraging-the-npm-ecosystem/,1,1,,,,,
CVE-2025-10894,cve,crit,StepSecurity,2025-09-23,s1ngularity: Popular Nx Build System Package Compromised with Data-Stealing Malware,https://www.stepsecurity.io/blog/supply-chain-security-alert-popular-nx-build-system-package-compromised-with-data-stealing-malware,1,1,,,,,
3905475cfd0e0ea670e20c6a9eaeb768169dc33d,sha1,crit,StepSecurity,2025-09-23,s1ngularity: Popular Nx Build System Package Compromised with Data-Stealing Malware,https://www.stepsecurity.io/blog/supply-chain-security-alert-popular-nx-build-system-package-compromised-with-data-stealing-malware,1,1,,,,,
npmjs.help,domain,high,Snyk,2025-09-08,npm Supply Chain Attack via Open Source maintainer compromise,https://snyk.io/blog/npm-supply-chain-attack-via-open-source-maintainer-compromise/,1,1,,,,,
websocket-api2.publicvm.com,domain,high,Snyk,2025-09-08,npm Supply Chain Attack via Open Source maintainer compromise,https://snyk.io/blog/npm-supply-chain-attack-via-open-source-maintainer-compromise/,1,1,,,,,
c68e42f416f482d43653f36cd14384270b54b68d6496a8e34ce887687de5b441,sha256,crit,Snyk,2025-07-22,Maintainers of ESLint Prettier Plugin Attacked via npm Supply Chain Malware,https://snyk.io/blog/maintainers-of-eslint-prettier-plugin-attacked-via-npm-supply-chain-malware/,1,1,,,,,
angelic.su,domain,high,Snyk,2025-07-21,Cursor IDE Malware Extension Compromise in $500k Crypto Heist,https://snyk.io/blog/cursor-ide-malware-extension-compromise-in-usd500k-crypto-heist/,1,1,,,,,
begalinokotobananinotrippitroppacrocofanclub.su,domain,high,Snyk,2025-07-21,Cursor IDE Malware Extension Compromise in $500k Crypto Heist,https://snyk.io/blog/cursor-ide-malware-extension-compromise-in-usd500k-crypto-heist/,1,1,,,,,
lmfao.su,domain,high,Snyk,2025-07-21,Cursor IDE Malware Extension Compromise in $500k Crypto Heist,https://snyk.io/blog/cursor-ide-malware-extension-compromise-in-usd500k-crypto-heist/,1,1,,,,,
m-vn.ws,domain,high,Snyk,2025-07-21,Cursor IDE Malware Extension Compromise in $500k Crypto Heist,https://snyk.io/blog/cursor-ide-malware-extension-compromise-in-usd500k-crypto-heist/,1,1,,,,,
myaunet.su,domain,high,Snyk,2025-07-21,Cursor IDE Malware Extension Compromise in $500k Crypto Heist,https://snyk.io/blog/cursor-ide-malware-extension-compromise-in-usd500k-crypto-heist/,1,1,,,,,
relay.lmfao.su,domain,high,Snyk,2025-07-21,Cursor IDE Malware Extension Compromise in $500k Crypto Heist,https://snyk.io/blog/cursor-ide-malware-extension-compromise-in-usd500k-crypto-heist/,1,1,,,,,
solidity.bot,domain,high,Snyk,2025-07-21,Cursor IDE Malware Extension Compromise in $500k Crypto Heist,https://snyk.io/blog/cursor-ide-malware-extension-compromise-in-usd500k-crypto-heist/,1,1,,,,,
staketree.net,domain,high,Snyk,2025-07-21,Cursor IDE Malware Extension Compromise in $500k Crypto Heist,https://snyk.io/blog/cursor-ide-malware-extension-compromise-in-usd500k-crypto-heist/,1,1,,,,,
144.172.112.84,ipv4,high,Snyk,2025-07-21,Cursor IDE Malware Extension Compromise in $500k Crypto Heist,https://snyk.io/blog/cursor-ide-malware-extension-compromise-in-usd500k-crypto-heist/,1,1,,,,,
209fb5bb2440ffe1a631dfe3b574229105a33c5153eded023cc77d8e8f81d1de,sha256,high,Snyk,2025-07-21,Cursor IDE Malware Extension Compromise in $500k Crypto Heist,https://snyk.io/blog/cursor-ide-malware-extension-compromise-in-usd500k-crypto-heist/,1,1,,,,,
2c471e265409763024cdc33579c84d88d5aaf9aea1911266b875d3b7604a0eeb,sha256,high,Snyk,2025-07-21,Cursor IDE Malware Extension Compromise in $500k Crypto Heist,https://snyk.io/blog/cursor-ide-malware-extension-compromise-in-usd500k-crypto-heist/,1,1,,,,,
404dd413f10ccfeea23bfb00b0e403532fa8651bfb456d84b6a16953355a800a,sha256,high,Snyk,2025-07-21,Cursor IDE Malware Extension Compromise in $500k Crypto Heist,https://snyk.io/blog/cursor-ide-malware-extension-compromise-in-usd500k-crypto-heist/,1,1,,,,,
70309bf3d2aed946bba51fc3eedb2daa3e8044b60151f0b5c1550831fbc6df17,sha256,high,Snyk,2025-07-21,Cursor IDE Malware Extension Compromise in $500k Crypto Heist,https://snyk.io/blog/cursor-ide-malware-extension-compromise-in-usd500k-crypto-heist/,1,1,,,,,
84d4a4c6d7e55e201b20327ca2068992180d9ec08a6827faa4ff3534b96c3d6f,sha256,high,Snyk,2025-07-21,Cursor IDE Malware Extension Compromise in $500k Crypto Heist,https://snyk.io/blog/cursor-ide-malware-extension-compromise-in-usd500k-crypto-heist/,1,1,,,,,
a1eadd41327bd8736e275627d3953944fe7089c032d72a3e429ff18ad0958ada,sha256,high,Snyk,2025-07-21,Cursor IDE Malware Extension Compromise in $500k Crypto Heist,https://snyk.io/blog/cursor-ide-malware-extension-compromise-in-usd500k-crypto-heist/,1,1,,,,,
c3684164933c3f54d5b0b242a8a906a85d633de479079a820bb804c0f73c0f58,sha256,high,Snyk,2025-07-21,Cursor IDE Malware Extension Compromise in $500k Crypto Heist,https://snyk.io/blog/cursor-ide-malware-extension-compromise-in-usd500k-crypto-heist/,1,1,,,,,
c5c0228a1e0ba2bb748219325f66acf17078a26165b45728d8e98150377aa068,sha256,high,Snyk,2025-07-21,Cursor IDE Malware Extension Compromise in $500k Crypto Heist,https://snyk.io/blog/cursor-ide-malware-extension-compromise-in-usd500k-crypto-heist/,1,1,,,,,
ce72b79e324371134db762fe70b8b1789af899d7217461bc3658a6bd84743eb6,sha256,high,Snyk,2025-07-21,Cursor IDE Malware Extension Compromise in $500k Crypto Heist,https://snyk.io/blog/cursor-ide-malware-extension-compromise-in-usd500k-crypto-heist/,1,1,,,,,
e0ca66c1a9a68b319b24a7c6b8fdca219dffd802dd4de2d59f602c4d90f40d6c,sha256,high,Snyk,2025-07-21,Cursor IDE Malware Extension Compromise in $500k Crypto Heist,https://snyk.io/blog/cursor-ide-malware-extension-compromise-in-usd500k-crypto-heist/,1,1,,,,,
e19d5d8f941b9a98fbb3b65e1e6077fa00d97529e351e455297b0204ec07e9ed,sha256,high,Snyk,2025-07-21,Cursor IDE Malware Extension Compromise in $500k Crypto Heist,https://snyk.io/blog/cursor-ide-malware-extension-compromise-in-usd500k-crypto-heist/,1,1,,,,,
eb5b35057dedb235940b2c41da9e3ae0553969f1c89a16e3f66ba6f6005c6fa8,sha256,high,Snyk,2025-07-21,Cursor IDE Malware Extension Compromise in $500k Crypto Heist,https://snyk.io/blog/cursor-ide-malware-extension-compromise-in-usd500k-crypto-heist/,1,1,,,,,
f4721f32b8d6eb856364327c21ea3c703f1787cfb4c043f87435a8876d903b2c,sha256,high,Snyk,2025-07-21,Cursor IDE Malware Extension Compromise in $500k Crypto Heist,https://snyk.io/blog/cursor-ide-malware-extension-compromise-in-usd500k-crypto-heist/,1,1,,,,,
CVE-2025-22869,cve,high,Snyk,2025-03-12,Snyk Helps Secure the Golang Bento Project,https://snyk.io/blog/snyk-helps-secure-the-golang-bento-project/,1,1,,,,,
CVE-2022-24439,cve,crit,Snyk,2025-02-20,Snyk’s Fetch the Flag CTF is More Than Just a CTF,https://snyk.io/blog/snyks-fetch-the-flag-ctf/,1,1,,,,,
CVE-2022-33891,cve,crit,Snyk,2025-02-20,Snyk’s Fetch the Flag CTF is More Than Just a CTF,https://snyk.io/blog/snyks-fetch-the-flag-ctf/,1,1,,,,,
CVE-2023-40267,cve,crit,Snyk,2025-02-20,Snyk’s Fetch the Flag CTF is More Than Just a CTF,https://snyk.io/blog/snyks-fetch-the-flag-ctf/,1,1,,,,,
GO-2025-3451,cve,crit,Snyk,2025-02-12,Do not pass GO - Malicious Package Alert,https://snyk.io/blog/go-malicious-package-alert/,1,1,,,,,
github.com/boltdb-go/bolt,domain,crit,Snyk,2025-02-12,Do not pass GO - Malicious Package Alert,https://snyk.io/blog/go-malicious-package-alert/,1,1,,,,,
49.12.198.231,ipv4,crit,Snyk,2025-02-12,Do not pass GO - Malicious Package Alert,https://snyk.io/blog/go-malicious-package-alert/,1,1,,,,,
connect.consrensys.com,domain,high,Snyk,2024-12-11,Ultralytics AI Pwn Request Supply Chain Attack,https://snyk.io/blog/ultralytics-ai-pwn-request-supply-chain-attack/,1,1,,,,,
webhook.site/1e6c12e8-aaeb-4349-98ad-a7196e632c5a,domain,high,Snyk,2024-12-11,Ultralytics AI Pwn Request Supply Chain Attack,https://snyk.io/blog/ultralytics-ai-pwn-request-supply-chain-attack/,1,1,,,,,
webhook.site/ecd706a0-f207-4df2-b639-d326ef3c2fe1,domain,high,Snyk,2024-12-11,Ultralytics AI Pwn Request Supply Chain Attack,https://snyk.io/blog/ultralytics-ai-pwn-request-supply-chain-attack/,1,1,,,,,
059beed5bcdfea16c05b4d45560c97abfd4af3de,sha1,high,Snyk,2024-12-11,Ultralytics AI Pwn Request Supply Chain Attack,https://snyk.io/blog/ultralytics-ai-pwn-request-supply-chain-attack/,1,1,,,,,
62b6532384bdd9b96af5ac684d87f52efb48f7de,sha1,high,Snyk,2024-12-11,Ultralytics AI Pwn Request Supply Chain Attack,https://snyk.io/blog/ultralytics-ai-pwn-request-supply-chain-attack/,1,1,,,,,
7c6136cf4e857582c2f086673359be94e7e4b702,sha1,high,Snyk,2024-12-11,Ultralytics AI Pwn Request Supply Chain Attack,https://snyk.io/blog/ultralytics-ai-pwn-request-supply-chain-attack/,1,1,,,,,
96f496ac5c64f3c884676dd99d6edbe7fa596255,sha1,high,Snyk,2024-12-11,Ultralytics AI Pwn Request Supply Chain Attack,https://snyk.io/blog/ultralytics-ai-pwn-request-supply-chain-attack/,1,1,,,,,
a1f1e3ede7c7e6ae650a294630214ce7fa596255,sha1,high,Snyk,2024-12-11,Ultralytics AI Pwn Request Supply Chain Attack,https://snyk.io/blog/ultralytics-ai-pwn-request-supply-chain-attack/,1,1,,,,,
bea3060707e6f3fec47aa2af64ea2e774b56e9f5,sha1,high,Snyk,2024-12-11,Ultralytics AI Pwn Request Supply Chain Attack,https://snyk.io/blog/ultralytics-ai-pwn-request-supply-chain-attack/,1,1,,,,,
dd0577b10e73792f2b2315af63b872fe4123ec9c,sha1,high,Snyk,2024-12-11,Ultralytics AI Pwn Request Supply Chain Attack,https://snyk.io/blog/ultralytics-ai-pwn-request-supply-chain-attack/,1,1,,,,,
ee304a92a9e68e7923d7a37a370c7556ac596250,sha1,high,Snyk,2024-12-11,Ultralytics AI Pwn Request Supply Chain Attack,https://snyk.io/blog/ultralytics-ai-pwn-request-supply-chain-attack/,1,1,,,,,
15bcffd83cda47082acb081eaf7270a38c497b3a2bc6e917582bda8a5b0f7bab,sha256,high,Snyk,2024-12-11,Ultralytics AI Pwn Request Supply Chain Attack,https://snyk.io/blog/ultralytics-ai-pwn-request-supply-chain-attack/,1,1,,,,,
4347625838a5cb0e9d29f3ec76ed8365b31b281103b716952bf64d37cf309785,sha256,high,Snyk,2024-12-11,Ultralytics AI Pwn Request Supply Chain Attack,https://snyk.io/blog/ultralytics-ai-pwn-request-supply-chain-attack/,1,1,,,,,
6a9d121f538cad60cabd9369a951ec4405a081c664311a90537f0a7a61b0f3e5,sha256,high,Snyk,2024-12-11,Ultralytics AI Pwn Request Supply Chain Attack,https://snyk.io/blog/ultralytics-ai-pwn-request-supply-chain-attack/,1,1,,,,,
b0e1ae6d73d656b203514f498b59cbcf29f067edf6fbd3803a3de7d21960848d,sha256,high,Snyk,2024-12-11,Ultralytics AI Pwn Request Supply Chain Attack,https://snyk.io/blog/ultralytics-ai-pwn-request-supply-chain-attack/,1,1,,,,,
b6ea1681855ec2f73c643ea2acfcf7ae084a9648f888d4bd1e3e119ec15c3495,sha256,high,Snyk,2024-12-11,Ultralytics AI Pwn Request Supply Chain Attack,https://snyk.io/blog/ultralytics-ai-pwn-request-supply-chain-attack/,1,1,,,,,
c9c3401536fd9a0b6012aec9169d2c1fc1368b7073503384cfc0b38c47b1d7e1,sha256,high,Snyk,2024-12-11,Ultralytics AI Pwn Request Supply Chain Attack,https://snyk.io/blog/ultralytics-ai-pwn-request-supply-chain-attack/,1,1,,,,,
e9d538203ac43e9df11b68803470c116b7bb02881cd06175b0edfc4438d4d1a2,sha256,high,Snyk,2024-12-11,Ultralytics AI Pwn Request Supply Chain Attack,https://snyk.io/blog/ultralytics-ai-pwn-request-supply-chain-attack/,1,1,,,,,
ec12cd32729e8abea5258478731e70ccc5a7c6c4847dde78488b8dd0b91b8555,sha256,high,Snyk,2024-12-11,Ultralytics AI Pwn Request Supply Chain Attack,https://snyk.io/blog/ultralytics-ai-pwn-request-supply-chain-attack/,1,1,,,,,
f08d47cb3e1e848b5607ac44baedf1754b201b6b90dfc527d6cefab1dd2d2c23,sha256,high,Snyk,2024-12-11,Ultralytics AI Pwn Request Supply Chain Attack,https://snyk.io/blog/ultralytics-ai-pwn-request-supply-chain-attack/,1,1,,,,,
CVE-2024-47076,cve,high,Snyk,2024-09-27,Zero-day RCE vulnerability found in CUPS - Common UNIX Printing System,https://snyk.io/blog/zero-day-rce-in-cups-vulnerability-sept-2024/,1,1,,,,,
CVE-2024-47175,cve,high,Snyk,2024-09-27,Zero-day RCE vulnerability found in CUPS - Common UNIX Printing System,https://snyk.io/blog/zero-day-rce-in-cups-vulnerability-sept-2024/,1,1,,,,,
CVE-2024-47176,cve,high,Snyk,2024-09-27,Zero-day RCE vulnerability found in CUPS - Common UNIX Printing System,https://snyk.io/blog/zero-day-rce-in-cups-vulnerability-sept-2024/,1,1,,,,,
CVE-2024-47177,cve,high,Snyk,2024-09-27,Zero-day RCE vulnerability found in CUPS - Common UNIX Printing System,https://snyk.io/blog/zero-day-rce-in-cups-vulnerability-sept-2024/,1,1,,,,,
CVE-2023-0568,cve,high,Snyk,2024-09-04,What you should know about PHP code security,https://snyk.io/blog/php-code-security/,1,1,,,,,
CVE-2023-0662,cve,high,Snyk,2024-09-04,What you should know about PHP code security,https://snyk.io/blog/php-code-security/,1,1,,,,,
CVE-2023-3823,cve,high,Snyk,2024-09-04,What you should know about PHP code security,https://snyk.io/blog/php-code-security/,1,1,,,,,
CVE-2021-44228,cve,crit,Snyk,2024-08-29,The persistent threat: Why major vulnerabilities like Log4Shell and Spring4Shell remain significant; Snyk in 30: Open source security for Atlassian Bitbucket Cloud; Using Snyk reporting for data-driven security; How Atlassian used Snyk to solve Log4Shell; Controlling your server with a reverse shell attack; Improving developer experience with security tools at Pinterest; How LiveRamp used Snyk to remediate Log4Shell; Build a software bill of materials (SBOM) for open source supply chain security; Simplifying container security with Snyk’s security expertise; Teaming up with Sysdig to deliver developer and runtime Kubernetes security; Log4Shell remediation with Snyk by the numbers; Stranger Danger: Live hack of how a Log4Shell exploit works; The Secure Developer: 2021 in review; FTC highlights the importance of securing Log4j and software supply chain; It takes a community: Responding to open source criticism post-Log4Shell; Snyk makes it easier to fix Log4Shell with extended free scans; Log4j 2.16 High Severity Vulnerability (CVE-2021-45105) Discovered; Find Log4Shell vulnerabilities in your unmanaged and shaded jars with the Snyk CLI; Log4j 2.15 vulnerability CVE-2021-45046 upgraded to a critical severity arbitrary code execution; Security in context: When is a CVE not a CVE?; Log4Shell in a nutshell (for non-developers & non-Java developers); The Log4j vulnerability and its impact on software supply chain security; Find and fix the Log4Shell exploit fast with Snyk; Log4j vulnerability explained: Prevent Log4Shell RCE by updating to version 2.17.1,https://snyk.io/blog/log4shell-spring4shell-threat/; https://snyk.io/blog/snyk-open-source-security-atlassian-bitbucket/; https://snyk.io/blog/using-snyk-reporting-for-data-driven-security/; https://snyk.io/blog/how-atlassian-used-snyk-to-solve-log4shell/; https://snyk.io/blog/reverse-shell-attack/; https://snyk.io/blog/improving-developer-experience-with-security-tools-at-pinterest/; https://snyk.io/blog/liveramp-used-snyk-to-remediate-log4shell/; https://snyk.io/blog/building-sbom-open-source-supply-chain-security/; https://snyk.io/blog/simplifying-container-security-snyk-expertise/; https://snyk.io/blog/snyk-teaming-up-with-sysdig/; https://snyk.io/blog/log4shell-remediation-with-snyk-by-the-numbers/; https://snyk.io/blog/stranger-danger-live-hack-log4shell-exploit/; https://snyk.io/blog/the-secure-developer-2021-in-review/; https://snyk.io/blog/ftc-warning-securing-log4j-software-supply-chain/; https://snyk.io/blog/responding-to-open-source-criticism-post-log4shell/; https://snyk.io/blog/snyk-fix-log4shell-extended-free-scans/; https://snyk.io/blog/log4j-2-16-vulnerability-cve-2021-45105-discovered/; https://snyk.io/blog/new-snyk-cli-command-finds-log4shell-in-unmanaged-undeclared-java-code/; https://snyk.io/blog/log4j-2-15-vulnerability-cve-2021-45046-critical-ace/; https://snyk.io/blog/when-is-a-cve-not-a-cve/; https://snyk.io/blog/log4shell-in-a-nutshell/; https://snyk.io/blog/log4j-vulnerability-software-supply-chain-security-log4shell/; https://snyk.io/blog/find-fix-log4shell-quickly-snyk/; https://snyk.io/blog/log4j-rce-log4shell-vulnerability-cve-2021-44228/,1,24,,,,,
CVE-2022-22965,cve,crit,Snyk,2024-08-29,"The persistent threat: Why major vulnerabilities like Log4Shell and Spring4Shell remain significant; Controlling your server with a reverse shell attack; Spring4Shell extends to Glassfish and Payara: same vulnerability, new exploit; Spring4Shell: The zero-day RCE in the Spring Framework explained; Spring4Shell: What we know about the Java RCE vulnerability",https://snyk.io/blog/log4shell-spring4shell-threat/; https://snyk.io/blog/reverse-shell-attack/; https://snyk.io/blog/spring4shell-rce-vulnerability-glassfish-payara/; https://snyk.io/blog/spring4shell-zero-day-rce-spring-framework-explained/; https://snyk.io/blog/is-there-such-a-thing-as-spring4shell/,1,5,,,,,
CVE-2024-24762,cve,crit,Snyk,2024-07-31,A denial of service Regex breaks FastAPI security,https://snyk.io/blog/dos-regex-breaks-fastapi-security/,1,1,,,,,
CVE-2024-38526,cve,crit,Snyk,2024-06-26,Polyfill supply chain attack embeds malware in JavaScript CDN assets,https://snyk.io/blog/polyfill-supply-chain-attack-js-cdn-assets/,1,1,,,,,
5f52353c.u.fn03.vip,domain,crit,Snyk,2024-06-26,Polyfill supply chain attack embeds malware in JavaScript CDN assets,https://snyk.io/blog/polyfill-supply-chain-attack-js-cdn-assets/,1,1,,,,,
bootcdn.net,domain,crit,Snyk,2024-06-26,Polyfill supply chain attack embeds malware in JavaScript CDN assets,https://snyk.io/blog/polyfill-supply-chain-attack-js-cdn-assets/,1,1,,,,,
bootcss.com,domain,crit,Snyk,2024-06-26,Polyfill supply chain attack embeds malware in JavaScript CDN assets,https://snyk.io/blog/polyfill-supply-chain-attack-js-cdn-assets/,1,1,,,,,
cdn.polyfill.io,domain,crit,Snyk,2024-06-26,Polyfill supply chain attack embeds malware in JavaScript CDN assets,https://snyk.io/blog/polyfill-supply-chain-attack-js-cdn-assets/,1,1,,,,,
cdn.polyfill.io.bsclink.cn,domain,crit,Snyk,2024-06-26,Polyfill supply chain attack embeds malware in JavaScript CDN assets,https://snyk.io/blog/polyfill-supply-chain-attack-js-cdn-assets/,1,1,,,,,
googie-anaiytics.com,domain,crit,Snyk,2024-06-26,Polyfill supply chain attack embeds malware in JavaScript CDN assets,https://snyk.io/blog/polyfill-supply-chain-attack-js-cdn-assets/,1,1,,,,,
kuurza.com,domain,crit,Snyk,2024-06-26,Polyfill supply chain attack embeds malware in JavaScript CDN assets,https://snyk.io/blog/polyfill-supply-chain-attack-js-cdn-assets/,1,1,,,,,
newcrbpc.com,domain,crit,Snyk,2024-06-26,Polyfill supply chain attack embeds malware in JavaScript CDN assets,https://snyk.io/blog/polyfill-supply-chain-attack-js-cdn-assets/,1,1,,,,,
polyfill.com,domain,crit,Snyk,2024-06-26,Polyfill supply chain attack embeds malware in JavaScript CDN assets,https://snyk.io/blog/polyfill-supply-chain-attack-js-cdn-assets/,1,1,,,,,
polyfill.io,domain,crit,Snyk,2024-06-26,Polyfill supply chain attack embeds malware in JavaScript CDN assets,https://snyk.io/blog/polyfill-supply-chain-attack-js-cdn-assets/,1,1,,,,,
polyfill.io.bsclink.cn,domain,crit,Snyk,2024-06-26,Polyfill supply chain attack embeds malware in JavaScript CDN assets,https://snyk.io/blog/polyfill-supply-chain-attack-js-cdn-assets/,1,1,,,,,
polyfill.site,domain,crit,Snyk,2024-06-26,Polyfill supply chain attack embeds malware in JavaScript CDN assets,https://snyk.io/blog/polyfill-supply-chain-attack-js-cdn-assets/,1,1,,,,,
polyfillcache.com,domain,crit,Snyk,2024-06-26,Polyfill supply chain attack embeds malware in JavaScript CDN assets,https://snyk.io/blog/polyfill-supply-chain-attack-js-cdn-assets/,1,1,,,,,
staticfile.net,domain,crit,Snyk,2024-06-26,Polyfill supply chain attack embeds malware in JavaScript CDN assets,https://snyk.io/blog/polyfill-supply-chain-attack-js-cdn-assets/,1,1,,,,,
staticfile.org,domain,crit,Snyk,2024-06-26,Polyfill supply chain attack embeds malware in JavaScript CDN assets,https://snyk.io/blog/polyfill-supply-chain-attack-js-cdn-assets/,1,1,,,,,
union.macoms.la,domain,crit,Snyk,2024-06-26,Polyfill supply chain attack embeds malware in JavaScript CDN assets,https://snyk.io/blog/polyfill-supply-chain-attack-js-cdn-assets/,1,1,,,,,
unionadjs.com,domain,crit,Snyk,2024-06-26,Polyfill supply chain attack embeds malware in JavaScript CDN assets,https://snyk.io/blog/polyfill-supply-chain-attack-js-cdn-assets/,1,1,,,,,
w9.vty70.net,domain,crit,Snyk,2024-06-26,Polyfill supply chain attack embeds malware in JavaScript CDN assets,https://snyk.io/blog/polyfill-supply-chain-attack-js-cdn-assets/,1,1,,,,,
wildcard.polyfill.io.bsclink.cn,domain,crit,Snyk,2024-06-26,Polyfill supply chain attack embeds malware in JavaScript CDN assets,https://snyk.io/blog/polyfill-supply-chain-attack-js-cdn-assets/,1,1,,,,,
xhsbpza.com,domain,crit,Snyk,2024-06-26,Polyfill supply chain attack embeds malware in JavaScript CDN assets,https://snyk.io/blog/polyfill-supply-chain-attack-js-cdn-assets/,1,1,,,,,
CVE-2023-45288,cve,high,Snyk,2024-04-08,Exploiting HTTP/2 CONTINUATION frames for DoS attacks,https://snyk.io/blog/exploiting-http-2-continuation-frames-dos-attacks/,1,1,,,,,
CVE-2024-24549,cve,high,Snyk,2024-04-08,Exploiting HTTP/2 CONTINUATION frames for DoS attacks,https://snyk.io/blog/exploiting-http-2-continuation-frames-dos-attacks/,1,1,,,,,
CVE-2024-2653,cve,high,Snyk,2024-04-08,Exploiting HTTP/2 CONTINUATION frames for DoS attacks,https://snyk.io/blog/exploiting-http-2-continuation-frames-dos-attacks/,1,1,,,,,
CVE-2024-27316,cve,high,Snyk,2024-04-08,Exploiting HTTP/2 CONTINUATION frames for DoS attacks,https://snyk.io/blog/exploiting-http-2-continuation-frames-dos-attacks/,1,1,,,,,
CVE-2024-2758,cve,high,Snyk,2024-04-08,Exploiting HTTP/2 CONTINUATION frames for DoS attacks,https://snyk.io/blog/exploiting-http-2-continuation-frames-dos-attacks/,1,1,,,,,
CVE-2024-27919,cve,high,Snyk,2024-04-08,Exploiting HTTP/2 CONTINUATION frames for DoS attacks,https://snyk.io/blog/exploiting-http-2-continuation-frames-dos-attacks/,1,1,,,,,
CVE-2024-27983,cve,high,Snyk,2024-04-08,Exploiting HTTP/2 CONTINUATION frames for DoS attacks,https://snyk.io/blog/exploiting-http-2-continuation-frames-dos-attacks/,1,1,,,,,
CVE-2024-28182,cve,high,Snyk,2024-04-08,Exploiting HTTP/2 CONTINUATION frames for DoS attacks,https://snyk.io/blog/exploiting-http-2-continuation-frames-dos-attacks/,1,1,,,,,
CVE-2024-30255,cve,high,Snyk,2024-04-08,Exploiting HTTP/2 CONTINUATION frames for DoS attacks,https://snyk.io/blog/exploiting-http-2-continuation-frames-dos-attacks/,1,1,,,,,
CVE-2024-31309,cve,high,Snyk,2024-04-08,Exploiting HTTP/2 CONTINUATION frames for DoS attacks,https://snyk.io/blog/exploiting-http-2-continuation-frames-dos-attacks/,1,1,,,,,
CVE-2024-1597,cve,high,Snyk,2024-03-13,Snyk users don't have to worry about NVD delays,https://snyk.io/blog/snyk-users-dont-have-to-worry-about-nvd-delays/,1,1,,,,,
CVE-2024-22243,cve,high,Snyk,2024-03-13,Snyk users don't have to worry about NVD delays,https://snyk.io/blog/snyk-users-dont-have-to-worry-about-nvd-delays/,1,1,,,,,
CVE-2024-22195,cve,high,Snyk,2024-01-18,Understanding and mitigating the Jinja2 XSS vulnerability (CVE-2024-22195),https://snyk.io/blog/jinja2-xss-vulnerability/,1,1,,,,,
CVE-2023-50164,cve,crit,Snyk,2024-01-02,Krampus delivers an end-of-year Struts vulnerability,https://snyk.io/blog/struts-path-traversal-vulnerability/,1,1,,,,,
CVE-2021-21708,cve,crit,Snyk,2023-12-19,"Vulnerability disclosure: Which comes first, the security bug in PHP or the CVE?",https://snyk.io/blog/vulnerability-disclosure-php-use-after-free/,1,1,,,,,
CVE-2022-28368,cve,crit,Snyk,2023-12-19,"Vulnerability disclosure: Which comes first, the security bug in PHP or the CVE?; dompdf security alert: RCE vulnerability found in popular PHP PDF library",https://snyk.io/blog/vulnerability-disclosure-php-use-after-free/; https://snyk.io/blog/security-alert-php-pdf-library-dompdf-rce/,1,2,,,,,
CVE-2023-5654,cve,crit,Snyk,2023-11-27,Exploring WebExtension security vulnerabilities in React Developer Tools and Vue.js devtools,https://snyk.io/blog/webextension-security-vulnerabilities-react-developer-tools-vue-js/,1,1,,,,,
CVE-2023-5718,cve,crit,Snyk,2023-11-27,Exploring WebExtension security vulnerabilities in React Developer Tools and Vue.js devtools,https://snyk.io/blog/webextension-security-vulnerabilities-react-developer-tools-vue-js/,1,1,,,,,
us-east-2.compute.internal,domain,med,Snyk,2023-11-09,Real-time threat protection with Snyk and SentinelOne,https://snyk.io/blog/snyk-sentinelone-built-time-runtime-solution/,1,1,,,,,
8656c04d40b0b3900721ddf26ea43c5f5f646b7b,sha1,med,Snyk,2023-11-09,Real-time threat protection with Snyk and SentinelOne,https://snyk.io/blog/snyk-sentinelone-built-time-runtime-solution/,1,1,,,,,
CVE-2023-46133,cve,crit,Snyk,2023-10-25,Weak Hash vulnerability discovered in crypto-js and crypto-es (CVE-2023-46233 & CVE-2023-46133),https://snyk.io/blog/weak-hash-vulnerability-crypto-js-crypto-es/,1,1,,,,,
CVE-2023-46233,cve,crit,Snyk,2023-10-25,Weak Hash vulnerability discovered in crypto-js and crypto-es (CVE-2023-46233 & CVE-2023-46133),https://snyk.io/blog/weak-hash-vulnerability-crypto-js-crypto-es/,1,1,,,,,
CVE-2021-23369,cve,high,Snyk,2023-10-25,Adding Snyk security to Jira and Bitbucket Cloud,https://snyk.io/blog/adding-snyk-security-jira-bitbucket-cloud/,1,1,,,,,
CVE-2022-24785,cve,high,Snyk,2023-10-25,Adding Snyk security to Jira and Bitbucket Cloud,https://snyk.io/blog/adding-snyk-security-jira-bitbucket-cloud/,1,1,,,,,
CVE-2023-44487,cve,high,Snyk,2023-10-11,Find and fix HTTP/2 rapid reset zero-day vulnerability CVE-2023-44487,https://snyk.io/blog/find-fix-http-2-rapid-reset-zero-day-vulnerability-cve-2023-44487/,1,1,,,,,
CVE-2023-38545,cve,high,Snyk,2023-10-04,High severity vulnerability found in libcurl and curl (CVE-2023-38545),https://snyk.io/blog/curl-high-severity-vulnerability-oct-2023/,1,1,,,,,
CVE-2023-38546,cve,high,Snyk,2023-10-04,High severity vulnerability found in libcurl and curl (CVE-2023-38545),https://snyk.io/blog/curl-high-severity-vulnerability-oct-2023/,1,1,,,,,
CVE-2023-41061,cve,high,Snyk,2023-09-28,Critical WebP 0-day security CVE-2023-4863 impacts wider software ecosystem,https://snyk.io/blog/critical-webp-0-day-cve-2023-4863/,1,1,,,,,
CVE-2023-41064,cve,high,Snyk,2023-09-28,Critical WebP 0-day security CVE-2023-4863 impacts wider software ecosystem,https://snyk.io/blog/critical-webp-0-day-cve-2023-4863/,1,1,,,,,
CVE-2023-5129,cve,high,Snyk,2023-09-28,Critical WebP 0-day security CVE-2023-4863 impacts wider software ecosystem,https://snyk.io/blog/critical-webp-0-day-cve-2023-4863/,1,1,,,,,
CVE-2022-229,cve,high,Snyk,2023-08-09,Manage security issues in Jira with Snyk Security in Jira Cloud,https://snyk.io/blog/snyk-security-in-jira-cloud/,1,1,,,,,
CVE-2022-22967,cve,high,Snyk,2023-08-09,Manage security issues in Jira with Snyk Security in Jira Cloud,https://snyk.io/blog/snyk-security-in-jira-cloud/,1,1,,,,,
cdn.devlooped.com,domain,high,Snyk,2023-08-09,.NET developers alert: Moq NuGET package exfiltrates user emails from git,https://snyk.io/blog/moq-package-exfiltrates-user-emails/,1,1,,,,,
CVE-2022-1471,cve,crit,Snyk,2023-06-21,SnakeYaml 2.0: Solving the unsafe deserialization vulnerability; Unsafe deserialization vulnerability in SnakeYaml (CVE-2022-1471),https://snyk.io/blog/snakeyaml-unsafe-deserialization-vulnerability/; https://snyk.io/blog/unsafe-deserialization-snakeyaml-java-cve-2022-1471/,1,2,,,,,
CVE-2022-2237,cve,high,Snyk,2023-05-09,Secure JavaScript URL validation,https://snyk.io/blog/secure-javascript-url-validation/,1,1,,,,,
CVE-2022-3602,cve,crit,Snyk,2023-04-26,Lessons from OpenSSL vulnerabilities part 2: Finding and fixing supply chain vulnerabilities; Lessons from OpenSSL vulnerabilities part 1: Preparing your supply chain for the next critical vulnerability; Update: OpenSSL high severity vulnerabilities; New OpenSSL critical vulnerability: What you need to know,https://snyk.io/blog/lessons-from-openssl-vulnerabilities-part-2/; https://snyk.io/blog/lessons-from-openssl-vulnerabilities-part-1/; https://snyk.io/blog/openssl-high-severity-vulnerabilities/; https://snyk.io/blog/new-openssl-critical-vulnerability/,1,4,,,,,
CVE-2022-3786,cve,crit,Snyk,2023-04-26,Lessons from OpenSSL vulnerabilities part 2: Finding and fixing supply chain vulnerabilities; Lessons from OpenSSL vulnerabilities part 1: Preparing your supply chain for the next critical vulnerability; Update: OpenSSL high severity vulnerabilities; New OpenSSL critical vulnerability: What you need to know,https://snyk.io/blog/lessons-from-openssl-vulnerabilities-part-2/; https://snyk.io/blog/lessons-from-openssl-vulnerabilities-part-1/; https://snyk.io/blog/openssl-high-severity-vulnerabilities/; https://snyk.io/blog/new-openssl-critical-vulnerability/,1,4,,,,,
CVE-2017-5941,cve,crit,Snyk,2023-04-17,Preventing insecure deserialization in Node.js,https://snyk.io/blog/preventing-insecure-deserialization-node-js/,1,1,,,,,
CVE-2017-5954,cve,crit,Snyk,2023-04-17,Preventing insecure deserialization in Node.js,https://snyk.io/blog/preventing-insecure-deserialization-node-js/,1,1,,,,,
3.72.6.53,ipv4,crit,Snyk,2023-03-23,The rising trend of malicious packages in open source ecosystems,https://snyk.io/blog/malicious-packages-open-source-ecosystems/,1,1,,,,,
CVE-2021-3807,cve,crit,Snyk,2023-03-15,New language-specific Snyk Top 10 for open source vulnerabilities; Solve Hack the Box and other CTF challenges with Snyk,https://snyk.io/blog/language-specific-snyk-top-10-open-source-2022/; https://snyk.io/blog/solve-hack-the-box-and-ctf-challenges-with-snyk/,1,2,,,,,
CVE-2021-43138,cve,high,Snyk,2023-03-15,New language-specific Snyk Top 10 for open source vulnerabilities,https://snyk.io/blog/language-specific-snyk-top-10-open-source-2022/,1,1,,,,,
CVE-2022-2144,cve,high,Snyk,2023-03-15,New language-specific Snyk Top 10 for open source vulnerabilities,https://snyk.io/blog/language-specific-snyk-top-10-open-source-2022/,1,1,,,,,
CVE-2022-2421,cve,high,Snyk,2023-03-15,New language-specific Snyk Top 10 for open source vulnerabilities,https://snyk.io/blog/language-specific-snyk-top-10-open-source-2022/,1,1,,,,,
CVE-2022-24858,cve,high,Snyk,2023-03-15,New language-specific Snyk Top 10 for open source vulnerabilities,https://snyk.io/blog/language-specific-snyk-top-10-open-source-2022/,1,1,,,,,
CVE-2022-25319,cve,high,Snyk,2023-03-15,New language-specific Snyk Top 10 for open source vulnerabilities,https://snyk.io/blog/language-specific-snyk-top-10-open-source-2022/,1,1,,,,,
CVE-2022-3518,cve,high,Snyk,2023-03-15,New language-specific Snyk Top 10 for open source vulnerabilities,https://snyk.io/blog/language-specific-snyk-top-10-open-source-2022/,1,1,,,,,
CVE-2023-1065,cve,high,Snyk,2023-02-28,API authentication vulnerability found in Snyk Kubernetes integration (CVE-2023-1065),https://snyk.io/blog/api-auth-vuln-snyk-kubernetes-cve-2023-1065/,1,1,,,,,
CVE-2023-26153,cve,crit,Snyk,2023-02-23,Finding YAML Deserialization with Snyk Code,https://snyk.io/blog/finding-yaml-injection-with-snyk-code/,1,1,,,,,
CVE-2019-,cve,crit,Snyk,2023-01-24,Snyk enhances ServiceNow with comprehensive insights into vulnerabilities in open source software,https://snyk.io/blog/snyk-servicenow-partnership/,1,1,,,,,
potrax.com,domain,high,Snyk,2023-01-07,Supply chain security incident at CircleCI: Rotate your secrets,https://snyk.io/blog/supply-chain-security-incident-circleci-secrets/,1,1,,,,,
111.90.149.55,ipv4,high,Snyk,2023-01-07,Supply chain security incident at CircleCI: Rotate your secrets,https://snyk.io/blog/supply-chain-security-incident-circleci-secrets/,1,1,,,,,
178.249.214.10,ipv4,high,Snyk,2023-01-07,Supply chain security incident at CircleCI: Rotate your secrets,https://snyk.io/blog/supply-chain-security-incident-circleci-secrets/,1,1,,,,,
178.249.214.25,ipv4,high,Snyk,2023-01-07,Supply chain security incident at CircleCI: Rotate your secrets,https://snyk.io/blog/supply-chain-security-incident-circleci-secrets/,1,1,,,,,
188.68.229.52,ipv4,high,Snyk,2023-01-07,Supply chain security incident at CircleCI: Rotate your secrets,https://snyk.io/blog/supply-chain-security-incident-circleci-secrets/,1,1,,,,,
72.18.132.58,ipv4,high,Snyk,2023-01-07,Supply chain security incident at CircleCI: Rotate your secrets,https://snyk.io/blog/supply-chain-security-incident-circleci-secrets/,1,1,,,,,
89.36.78.109,ipv4,high,Snyk,2023-01-07,Supply chain security incident at CircleCI: Rotate your secrets,https://snyk.io/blog/supply-chain-security-incident-circleci-secrets/,1,1,,,,,
89.36.78.135,ipv4,high,Snyk,2023-01-07,Supply chain security incident at CircleCI: Rotate your secrets,https://snyk.io/blog/supply-chain-security-incident-circleci-secrets/,1,1,,,,,
89.36.78.75,ipv4,high,Snyk,2023-01-07,Supply chain security incident at CircleCI: Rotate your secrets,https://snyk.io/blog/supply-chain-security-incident-circleci-secrets/,1,1,,,,,
8913e38592228adc067d82f66c150d87004ec946e579d4a00c53b61444ff35bf,sha256,high,Snyk,2023-01-07,Supply chain security incident at CircleCI: Rotate your secrets,https://snyk.io/blog/supply-chain-security-incident-circleci-secrets/,1,1,,,,,
CVE-2022-31692,cve,crit,Snyk,2022-12-16,Exploring the Spring Security authorization bypass (CVE-2022-31692),https://snyk.io/blog/spring-security-authorization-bypass-cve-2022-31692/,1,1,,,,,
CVE-2022-22984,cve,high,Snyk,2022-11-30,Code injection vulnerabilities (CVSSv3 5.8) found in Snyk CLI and IDE plugins,https://snyk.io/blog/code-injection-vulns-cli-ide-plugins-medium-sev/,1,1,,,,,
CVE-2022-24441,cve,high,Snyk,2022-11-30,Code injection vulnerabilities (CVSSv3 5.8) found in Snyk CLI and IDE plugins,https://snyk.io/blog/code-injection-vulns-cli-ide-plugins-medium-sev/,1,1,,,,,
CVE-2021-45046,cve,crit,Snyk,2022-11-16,How Atlassian used Snyk to solve Log4Shell; How LiveRamp used Snyk to remediate Log4Shell; URL confusion vulnerabilities in the wild: Exploring parser inconsistencies; Log4j 2.16 High Severity Vulnerability (CVE-2021-45105) Discovered; Find Log4Shell vulnerabilities in your unmanaged and shaded jars with the Snyk CLI; Log4j 2.15 vulnerability CVE-2021-45046 upgraded to a critical severity arbitrary code execution; Log4Shell in a nutshell (for non-developers & non-Java developers); The Log4j vulnerability and its impact on software supply chain security; Find and fix the Log4Shell exploit fast with Snyk; Log4j vulnerability explained: Prevent Log4Shell RCE by updating to version 2.17.1,https://snyk.io/blog/how-atlassian-used-snyk-to-solve-log4shell/; https://snyk.io/blog/liveramp-used-snyk-to-remediate-log4shell/; https://snyk.io/blog/url-confusion-vulnerabilities/; https://snyk.io/blog/log4j-2-16-vulnerability-cve-2021-45105-discovered/; https://snyk.io/blog/new-snyk-cli-command-finds-log4shell-in-unmanaged-undeclared-java-code/; https://snyk.io/blog/log4j-2-15-vulnerability-cve-2021-45046-critical-ace/; https://snyk.io/blog/log4shell-in-a-nutshell/; https://snyk.io/blog/log4j-vulnerability-software-supply-chain-security-log4shell/; https://snyk.io/blog/find-fix-log4shell-quickly-snyk/; https://snyk.io/blog/log4j-rce-log4shell-vulnerability-cve-2021-44228/,1,10,,,,,
CVE-2022-26068,cve,high,Snyk,2022-11-10,Fetch the Flag CTF 2022 writeup: Not So Smart Fridge,https://snyk.io/blog/fetch-the-flag-ctf-2022-writeup-not-so-smart-fridge/,1,1,,,,,
moongoose.c.ctf-snyk.io,domain,high,Snyk,2022-11-10,Fetch the Flag CTF 2022 writeup: Moongoose,https://snyk.io/blog/fetch-the-flag-ctf-2022-writeup-moongoose/,1,1,,,,,
pay-attention.c.ctf-snyk.io,domain,high,Snyk,2022-11-10,Fetch the Flag CTF 2022 writeup: Treasure Trove,https://snyk.io/blog/fetch-the-flag-ctf-2022-writeup-treasure-trove/,1,1,,,,,
disposable-message.c.ctf-snyk.io,domain,med,Snyk,2022-11-10,Fetch the Flag CTF 2022 writeup: Disposable Message,https://snyk.io/blog/fetch-the-flag-ctf-2022-writeup-disposable-message/,1,1,,,,,
CVE-2014-3744,cve,high,Snyk,2022-11-09,Fetch the Flag CTF 2022 writeup: File Explorer,https://snyk.io/blog/fetch-the-flag-ctf-2022-writeup-file-explorer/,1,1,,,,,
file-explorer.c.ctf-snyk.io,domain,high,Snyk,2022-11-09,Fetch the Flag CTF 2022 writeup: File Explorer,https://snyk.io/blog/fetch-the-flag-ctf-2022-writeup-file-explorer/,1,1,,,,,
CVE-2022-23812,cve,crit,Snyk,2022-11-08,NPM security: preventing supply chain attacks; The npm faker package and the unexpected demise of open source libraries; Protestware is trending in open source: 4 different types and their impact; Alert: peacenotwar module sabotages npm developers in the node-ipc package to protest the invasion of Ukraine,https://snyk.io/blog/npm-security-preventing-supply-chain-attacks/; https://snyk.io/blog/npm-faker-package-open-source-libraries/; https://snyk.io/blog/protestware-open-source-types-impact/; https://snyk.io/blog/peacenotwar-malicious-npm-node-ipc-package-vulnerability/,1,4,,,,,
CVE-2022-42889,cve,crit,Snyk,2022-10-18,Reviewing CVE-2022-42889: The arbitrary code execution vulnerability in Apache Commons Text,https://snyk.io/blog/reviewing-cve-2022-42889-in-apache-commons-text/,1,1,,,,,
CVE-2022-40764,cve,crit,Snyk,2022-10-03,"Command injection vulnerability in Snyk CLI released prior to September 1, 2022 (older than v1.996.0)",https://snyk.io/blog/command-injection-vulnerability-cve-2022-40764/,1,1,,,,,
recipient.com,domain,high,Snyk,2022-09-15,Avoiding SMTP Injection: A Whitebox primer,https://snyk.io/blog/avoiding-smtp-injection/,1,1,,,,,
sender.com,domain,high,Snyk,2022-09-15,Avoiding SMTP Injection: A Whitebox primer,https://snyk.io/blog/avoiding-smtp-injection/,1,1,,,,,
CVE-2021-23639,cve,crit,Snyk,2022-09-01,Solve Hack the Box and other CTF challenges with Snyk,https://snyk.io/blog/solve-hack-the-box-and-ctf-challenges-with-snyk/,1,1,,,,,
CVE-2022-21680,cve,crit,Snyk,2022-09-01,Solve Hack the Box and other CTF challenges with Snyk,https://snyk.io/blog/solve-hack-the-box-and-ctf-challenges-with-snyk/,1,1,,,,,
CVE-2022-21681,cve,crit,Snyk,2022-09-01,Solve Hack the Box and other CTF challenges with Snyk,https://snyk.io/blog/solve-hack-the-box-and-ctf-challenges-with-snyk/,1,1,,,,,
CVE-2022-21187,cve,high,Snyk,2022-08-23,Rediscovering argument injection when using VCS tools — git and mercurial,https://snyk.io/blog/argument-injection-when-using-git-and-mercurial/,1,1,,,,,
CVE-2022-21223,cve,high,Snyk,2022-08-23,Rediscovering argument injection when using VCS tools — git and mercurial,https://snyk.io/blog/argument-injection-when-using-git-and-mercurial/,1,1,,,,,
CVE-2022-21235,cve,high,Snyk,2022-08-23,Rediscovering argument injection when using VCS tools — git and mercurial,https://snyk.io/blog/argument-injection-when-using-git-and-mercurial/,1,1,,,,,
CVE-2022-23915,cve,high,Snyk,2022-08-23,Rediscovering argument injection when using VCS tools — git and mercurial,https://snyk.io/blog/argument-injection-when-using-git-and-mercurial/,1,1,,,,,
CVE-2022-24065,cve,high,Snyk,2022-08-23,Rediscovering argument injection when using VCS tools — git and mercurial,https://snyk.io/blog/argument-injection-when-using-git-and-mercurial/,1,1,,,,,
CVE-2022-24433,cve,high,Snyk,2022-08-23,Rediscovering argument injection when using VCS tools — git and mercurial,https://snyk.io/blog/argument-injection-when-using-git-and-mercurial/,1,1,,,,,
CVE-2022-24440,cve,high,Snyk,2022-08-23,Rediscovering argument injection when using VCS tools — git and mercurial,https://snyk.io/blog/argument-injection-when-using-git-and-mercurial/,1,1,,,,,
CVE-2022-25648,cve,high,Snyk,2022-08-23,Rediscovering argument injection when using VCS tools — git and mercurial,https://snyk.io/blog/argument-injection-when-using-git-and-mercurial/,1,1,,,,,
CVE-2022-25766,cve,high,Snyk,2022-08-23,Rediscovering argument injection when using VCS tools — git and mercurial,https://snyk.io/blog/argument-injection-when-using-git-and-mercurial/,1,1,,,,,
CVE-2022-25865,cve,high,Snyk,2022-08-23,Rediscovering argument injection when using VCS tools — git and mercurial,https://snyk.io/blog/argument-injection-when-using-git-and-mercurial/,1,1,,,,,
CVE-2022-25866,cve,high,Snyk,2022-08-23,Rediscovering argument injection when using VCS tools — git and mercurial,https://snyk.io/blog/argument-injection-when-using-git-and-mercurial/,1,1,,,,,
CVE-2022-26945,cve,high,Snyk,2022-08-23,Rediscovering argument injection when using VCS tools — git and mercurial,https://snyk.io/blog/argument-injection-when-using-git-and-mercurial/,1,1,,,,,
CVE-2022-29184,cve,high,Snyk,2022-08-23,Rediscovering argument injection when using VCS tools — git and mercurial,https://snyk.io/blog/argument-injection-when-using-git-and-mercurial/,1,1,,,,,
CVE-2015-7547,cve,crit,Snyk,2022-08-22,How open source C++ code can introduce security risks,https://snyk.io/blog/how-open-source-c-code-can-introduce-security-risks/,1,1,,,,,
104.248.94.23,ipv4,crit,Snyk,2022-08-22,How open source C++ code can introduce security risks; Responsible disclosure: CodeCov CEO & CTO share learnings from the breach,https://snyk.io/blog/how-open-source-c-code-can-introduce-security-risks/; https://snyk.io/blog/codecov-ceo-cto-share-learnings-from-breach-tsd/,1,2,,,,,
cdn.discordapp.com,domain,high,Snyk,2022-08-16,Snyk finds PyPi malware that steals Discord and Roblox credential and payment info,https://snyk.io/blog/pypi-malware-discord-roblox-credential-payment-info/,1,1,,,,,
github.com/Rdimo/Discord-Injection,domain,high,Snyk,2022-08-16,Snyk finds PyPi malware that steals Discord and Roblox credential and payment info,https://snyk.io/blog/pypi-malware-discord-roblox-credential-payment-info/,1,1,,,,,
https://cdn.discordapp.com/attachments/1003368479442874518/1003368773983682592/ZYRBX.exe,domain,high,Snyk,2022-08-16,Snyk finds PyPi malware that steals Discord and Roblox credential and payment info,https://snyk.io/blog/pypi-malware-discord-roblox-credential-payment-info/,1,1,,,,,
https://cdn.discordapp.com/attachments/1003368479442874518/1003368774335991898/ZYXMN.exe,domain,high,Snyk,2022-08-16,Snyk finds PyPi malware that steals Discord and Roblox credential and payment info,https://snyk.io/blog/pypi-malware-discord-roblox-credential-payment-info/,1,1,,,,,
https://discord.com/api/webhooks/1003603061530431539/mAOhFLrtafsu1jC3G1_nRR5by1zBTtd4xxdxZPVFkOlCUqMeze6TcUQ3zbR9zVsvG5-m,domain,high,Snyk,2022-08-16,Snyk finds PyPi malware that steals Discord and Roblox credential and payment info,https://snyk.io/blog/pypi-malware-discord-roblox-credential-payment-info/,1,1,,,,,
CVE-2022-33980,cve,crit,Snyk,2022-08-10,Controlling your server with a reverse shell attack; Exploring CVE-2022-33980: the Apache Commons configuration RCE vulnerability,https://snyk.io/blog/reverse-shell-attack/; https://snyk.io/blog/cve-2022-33980-apache-commons-configuration-rce-vulnerability/,1,2,,,,,
CVE-2021-23771,cve,high,Snyk,2022-06-06,Safer together: Snyk and CISPA collaborate for the greater good,https://snyk.io/blog/safer-together-snyk-and-cispa-collaborate/,1,1,,,,,
CVE-2022-21144,cve,high,Snyk,2022-06-06,Safer together: Snyk and CISPA collaborate for the greater good,https://snyk.io/blog/safer-together-snyk-and-cispa-collaborate/,1,1,,,,,
pkgio.com,domain,crit,Snyk,2022-05-24,"Snyk finds 200+ malicious npm packages, including Cobalt Strike dependency confusion attacks; Targeted npm dependency confusion attack caught red-handed",https://snyk.io/blog/snyk-200-malicious-npm-packages-cobalt-strike-dependency-confusion-attacks/; https://snyk.io/blog/npm-dependency-confusion-attack-gxm-reference/,1,2,,,,,
www.pkgio.com,domain,crit,Snyk,2022-05-24,"Snyk finds 200+ malicious npm packages, including Cobalt Strike dependency confusion attacks",https://snyk.io/blog/snyk-200-malicious-npm-packages-cobalt-strike-dependency-confusion-attacks/,1,1,,,,,
CVE-2021-45105,cve,high,Snyk,2022-05-19,How LiveRamp used Snyk to remediate Log4Shell; Log4j 2.16 High Severity Vulnerability (CVE-2021-45105) Discovered; Log4j 2.15 vulnerability CVE-2021-45046 upgraded to a critical severity arbitrary code execution; Log4Shell in a nutshell (for non-developers & non-Java developers); The Log4j vulnerability and its impact on software supply chain security; Find and fix the Log4Shell exploit fast with Snyk,https://snyk.io/blog/liveramp-used-snyk-to-remediate-log4shell/; https://snyk.io/blog/log4j-2-16-vulnerability-cve-2021-45105-discovered/; https://snyk.io/blog/log4j-2-15-vulnerability-cve-2021-45046-critical-ace/; https://snyk.io/blog/log4shell-in-a-nutshell/; https://snyk.io/blog/log4j-vulnerability-software-supply-chain-security-log4shell/; https://snyk.io/blog/find-fix-log4shell-quickly-snyk/,1,6,,,,,
CVE-2021-3156,cve,crit,Snyk,2022-05-04,3 Jedi-inspired lessons to level up your JavaScript security,https://snyk.io/blog/jedi-lessons-to-level-up-javascript-security/,1,1,,,,,
CVE-2003-1564,cve,high,Snyk,2022-04-28,Under the C: A glance at C/C++ vulnerabilities in Python land,https://snyk.io/blog/under-the-c-vulnerabilities-in-python/,1,1,,,,,
CVE-2021-23682,cve,crit,Snyk,2022-04-19,Modernizing SAST rules maintenance to catch vulnerabilities faster,https://snyk.io/blog/modernizing-sast-rules-maintenance-catch-vulnerabilities-faster/,1,1,,,,,
CVE-2002-0639,cve,high,Snyk,2022-04-15,An unintimidating introduction to the dark arts of C/C++ vulnerabilities,https://snyk.io/blog/unintimidating-intro-to-c-cpp-vulnerabilities/,1,1,,,,,
CVE-2020-9365,cve,high,Snyk,2022-04-15,An unintimidating introduction to the dark arts of C/C++ vulnerabilities,https://snyk.io/blog/unintimidating-intro-to-c-cpp-vulnerabilities/,1,1,,,,,
CVE-2010-1622,cve,crit,Snyk,2022-04-08,"Spring4Shell extends to Glassfish and Payara: same vulnerability, new exploit",https://snyk.io/blog/spring4shell-rce-vulnerability-glassfish-payara/,1,1,,,,,
CVE-2020-1914,cve,crit,Snyk,2022-04-07,Getting started with React Native security,https://snyk.io/blog/getting-started-react-native-security/,1,1,,,,,
CVE-2021-23514,cve,crit,Snyk,2022-04-04,Exploring 3 types of directory traversal vulnerabilities in C/C++,https://snyk.io/blog/exploring-3-types-of-directory-traversal-vulnerabilities-in-c-c/,1,1,,,,,
CVE-2021-23520,cve,crit,Snyk,2022-04-04,Exploring 3 types of directory traversal vulnerabilities in C/C++,https://snyk.io/blog/exploring-3-types-of-directory-traversal-vulnerabilities-in-c-c/,1,1,,,,,
CVE-2021-23521,cve,crit,Snyk,2022-04-04,Exploring 3 types of directory traversal vulnerabilities in C/C++,https://snyk.io/blog/exploring-3-types-of-directory-traversal-vulnerabilities-in-c-c/,1,1,,,,,
CVE-2022-25299,cve,crit,Snyk,2022-04-04,Exploring 3 types of directory traversal vulnerabilities in C/C++,https://snyk.io/blog/exploring-3-types-of-directory-traversal-vulnerabilities-in-c-c/,1,1,,,,,
CVE-2022-22963,cve,crit,Snyk,2022-03-31,Spring4Shell: What we know about the Java RCE vulnerability,https://snyk.io/blog/is-there-such-a-thing-as-spring4shell/,1,1,,,,,
test6.ggdd.co.uk,domain,crit,Snyk,2022-03-31,Spring4Shell: What we know about the Java RCE vulnerability,https://snyk.io/blog/is-there-such-a-thing-as-spring4shell/,1,1,,,,,
107.174.133.167,ipv4,crit,Snyk,2022-03-31,Spring4Shell: What we know about the Java RCE vulnerability,https://snyk.io/blog/is-there-such-a-thing-as-spring4shell/,1,1,,,,,
109.74.204.123,ipv4,crit,Snyk,2022-03-31,Spring4Shell: What we know about the Java RCE vulnerability,https://snyk.io/blog/is-there-such-a-thing-as-spring4shell/,1,1,,,,,
172.104.159.48,ipv4,crit,Snyk,2022-03-31,Spring4Shell: What we know about the Java RCE vulnerability,https://snyk.io/blog/is-there-such-a-thing-as-spring4shell/,1,1,,,,,
178.79.148.229,ipv4,crit,Snyk,2022-03-31,Spring4Shell: What we know about the Java RCE vulnerability,https://snyk.io/blog/is-there-such-a-thing-as-spring4shell/,1,1,,,,,
194.31.98.186,ipv4,crit,Snyk,2022-03-31,Spring4Shell: What we know about the Java RCE vulnerability,https://snyk.io/blog/is-there-such-a-thing-as-spring4shell/,1,1,,,,,
5.253.204.37,ipv4,crit,Snyk,2022-03-31,Spring4Shell: What we know about the Java RCE vulnerability,https://snyk.io/blog/is-there-such-a-thing-as-spring4shell/,1,1,,,,,
82.165.137.177,ipv4,crit,Snyk,2022-03-31,Spring4Shell: What we know about the Java RCE vulnerability,https://snyk.io/blog/is-there-such-a-thing-as-spring4shell/,1,1,,,,,
CVE-2014-2570,cve,high,Snyk,2022-03-30,Using the Snyk Vulnerability Database to find projects for The Big Fix; Using the Snyk Vulnerability database to identify projects for The Big Fix,https://snyk.io/blog/the-big-fix-snyk-vulnerability-database/; https://snyk.io/blog/using-the-snyk-vulnerability-database-to-identify-projects-for-the-big-fix/,1,2,,,,,
api.ipgeolocation.io,domain,high,Snyk,2022-03-16,Alert: peacenotwar module sabotages npm developers in the node-ipc package to protest the invasion of Ukraine,https://snyk.io/blog/peacenotwar-malicious-npm-node-ipc-package-vulnerability/,1,1,,,,,
CVE-2022-0847,cve,high,Snyk,2022-03-09,"""Dirty Pipe"" Linux vulnerability and your containerized applications (CVE-2022-0847)",https://snyk.io/blog/dirty-pipe-vulnerability-cve-2022-0847-containerized-applications/,1,1,,,,,
CVE-2021-3507,cve,high,Snyk,2022-03-08,Simplifying container security with Snyk’s security expertise,https://snyk.io/blog/simplifying-container-security-snyk-expertise/,1,1,,,,,
registry.terraform.io,domain,med,Snyk,2022-03-03,Adding Container and IaC security to the Snyk plugin for Jetbrains,https://snyk.io/blog/snyk-jetbrains-plugin-iac-container/,1,1,,,,,
CVE-2022-24086,cve,crit,Snyk,2022-02-24,Magento security requires additional patch to fix sanitization vulnerability; CVE-2022-24086 Vulnerability alert for websites using Magento Ecommerce,https://snyk.io/blog/magento-vulnerability-cve-2022-24087-sanitization/; https://snyk.io/blog/vulnerability-alert-for-websites-using-magento-ecommerce/,1,2,,,,,
CVE-2022-24087,cve,crit,Snyk,2022-02-24,Magento security requires additional patch to fix sanitization vulnerability; CVE-2022-24086 Vulnerability alert for websites using Magento Ecommerce,https://snyk.io/blog/magento-vulnerability-cve-2022-24087-sanitization/; https://snyk.io/blog/vulnerability-alert-for-websites-using-magento-ecommerce/,1,2,,,,,
45.134.20.11,ipv4,crit,Snyk,2022-02-24,Magento security requires additional patch to fix sanitization vulnerability; CVE-2022-24086 Vulnerability alert for websites using Magento Ecommerce,https://snyk.io/blog/magento-vulnerability-cve-2022-24087-sanitization/; https://snyk.io/blog/vulnerability-alert-for-websites-using-magento-ecommerce/,1,2,,,,,
CVE-2021-23727,cve,crit,Snyk,2022-02-15,Case study: Python RCE vulnerability in Celery,https://snyk.io/blog/python-rce-vulnerability/,1,1,,,,,
CVE-2022-1025,cve,high,Snyk,2022-02-10,Lessons learned from the Argo CD zero-day vulnerability (CVE-2022-24348),https://snyk.io/blog/argo-cd-zero-day-cve-2022-24348-lessons-supply-chain/,1,1,,,,,
CVE-2022-24348,cve,high,Snyk,2022-02-10,Lessons learned from the Argo CD zero-day vulnerability (CVE-2022-24348),https://snyk.io/blog/argo-cd-zero-day-cve-2022-24348-lessons-supply-chain/,1,1,,,,,
CVE-2021-4034,cve,high,Snyk,2022-01-29,Analyzing the PwnKit local privilege escalation exploit,https://snyk.io/blog/pwnkit-linux-exploit-cve-2021-4034/,1,1,,,,,
evil.com,domain,crit,Snyk,2022-01-25,Stranger Danger: Live hack of how a Log4Shell exploit works,https://snyk.io/blog/stranger-danger-live-hack-log4shell-exploit/,1,1,,,,,
brianvermeer.nl,domain,med,Snyk,2022-01-12,New years resolution: Don’t show my security tokens when hacking my demo application on stage,https://snyk.io/blog/dont-show-security-tokens-on-stage/,1,1,,,,,
CVE-2021-23385,cve,crit,Snyk,2022-01-10,URL confusion vulnerabilities in the wild: Exploring parser inconsistencies,https://snyk.io/blog/url-confusion-vulnerabilities/,1,1,,,,,
CVE-2021-23393,cve,crit,Snyk,2022-01-10,URL confusion vulnerabilities in the wild: Exploring parser inconsistencies,https://snyk.io/blog/url-confusion-vulnerabilities/,1,1,,,,,
CVE-2021-23401,cve,crit,Snyk,2022-01-10,URL confusion vulnerabilities in the wild: Exploring parser inconsistencies,https://snyk.io/blog/url-confusion-vulnerabilities/,1,1,,,,,
CVE-2021-23414,cve,crit,Snyk,2022-01-10,URL confusion vulnerabilities in the wild: Exploring parser inconsistencies,https://snyk.io/blog/url-confusion-vulnerabilities/,1,1,,,,,
CVE-2021-23435,cve,crit,Snyk,2022-01-10,URL confusion vulnerabilities in the wild: Exploring parser inconsistencies,https://snyk.io/blog/url-confusion-vulnerabilities/,1,1,,,,,
CVE-2021-32618,cve,crit,Snyk,2022-01-10,URL confusion vulnerabilities in the wild: Exploring parser inconsistencies,https://snyk.io/blog/url-confusion-vulnerabilities/,1,1,,,,,
CVE-2021-33056,cve,crit,Snyk,2022-01-10,URL confusion vulnerabilities in the wild: Exploring parser inconsistencies,https://snyk.io/blog/url-confusion-vulnerabilities/,1,1,,,,,
CVE-2021-37352,cve,crit,Snyk,2022-01-10,URL confusion vulnerabilities in the wild: Exploring parser inconsistencies,https://snyk.io/blog/url-confusion-vulnerabilities/,1,1,,,,,
CVE-2021-23567,cve,crit,Snyk,2022-01-09,"Open source maintainer pulls the plug on npm packages colors and faker, now what?",https://snyk.io/blog/open-source-npm-packages-colors-faker/,1,1,,,,,
CVE-2021-44832,cve,crit,Snyk,2021-12-29,New Log4j 2.17.1 fixes CVE-2021-44832 remote code execution (but it’s not as bad as it sounds); Log4j 2.15 vulnerability CVE-2021-45046 upgraded to a critical severity arbitrary code execution; Log4Shell in a nutshell (for non-developers & non-Java developers); The Log4j vulnerability and its impact on software supply chain security; Find and fix the Log4Shell exploit fast with Snyk; Log4j vulnerability explained: Prevent Log4Shell RCE by updating to version 2.17.1,https://snyk.io/blog/new-log4j-2-17-1-fixes-cve-2021-44832-remote-code-execution-but-its-not-as-bad-as-it-sounds/; https://snyk.io/blog/log4j-2-15-vulnerability-cve-2021-45046-critical-ace/; https://snyk.io/blog/log4shell-in-a-nutshell/; https://snyk.io/blog/log4j-vulnerability-software-supply-chain-security-log4shell/; https://snyk.io/blog/find-fix-log4shell-quickly-snyk/; https://snyk.io/blog/log4j-rce-log4shell-vulnerability-cve-2021-44228/,1,6,,,,,
CVE-2021-4104,cve,high,Snyk,2021-12-29,New Log4j 2.17.1 fixes CVE-2021-44832 remote code execution (but it’s not as bad as it sounds); Log4j 2.15 vulnerability CVE-2021-45046 upgraded to a critical severity arbitrary code execution; Security in context: When is a CVE not a CVE?; The Log4j vulnerability and its impact on software supply chain security,https://snyk.io/blog/new-log4j-2-17-1-fixes-cve-2021-44832-remote-code-execution-but-its-not-as-bad-as-it-sounds/; https://snyk.io/blog/log4j-2-15-vulnerability-cve-2021-45046-critical-ace/; https://snyk.io/blog/when-is-a-cve-not-a-cve/; https://snyk.io/blog/log4j-vulnerability-software-supply-chain-security-log4shell/,1,4,,,,,
CVE-2021-42550,cve,high,Snyk,2021-12-17,Security in context: When is a CVE not a CVE?,https://snyk.io/blog/when-is-a-cve-not-a-cve/,1,1,,,,,
178.62.86.114,ipv4,high,Snyk,2021-12-09,Responsible disclosure: CodeCov CEO & CTO share learnings from the breach,https://snyk.io/blog/codecov-ceo-cto-share-learnings-from-breach-tsd/,1,1,,,,,
185.211.156.78,ipv4,high,Snyk,2021-12-09,Responsible disclosure: CodeCov CEO & CTO share learnings from the breach,https://snyk.io/blog/codecov-ceo-cto-share-learnings-from-breach-tsd/,1,1,,,,,
79.135.72.34,ipv4,high,Snyk,2021-12-09,Responsible disclosure: CodeCov CEO & CTO share learnings from the breach,https://snyk.io/blog/codecov-ceo-cto-share-learnings-from-breach-tsd/,1,1,,,,,
CVE-2019-5481,cve,high,Snyk,2021-12-08,Snyk Open Source adds beta C/C++ security scanning for unmanaged OSS,https://snyk.io/blog/snyk-launches-beta-support-for-cpp/,1,1,,,,,
CVE-2019-5482,cve,high,Snyk,2021-12-08,Snyk Open Source adds beta C/C++ security scanning for unmanaged OSS,https://snyk.io/blog/snyk-launches-beta-support-for-cpp/,1,1,,,,,
CVE-2020-8285,cve,high,Snyk,2021-12-08,Snyk Open Source adds beta C/C++ security scanning for unmanaged OSS,https://snyk.io/blog/snyk-launches-beta-support-for-cpp/,1,1,,,,,
CVE-2020-8286,cve,high,Snyk,2021-12-08,Snyk Open Source adds beta C/C++ security scanning for unmanaged OSS,https://snyk.io/blog/snyk-launches-beta-support-for-cpp/,1,1,,,,,
CVE-2021-22876,cve,high,Snyk,2021-12-08,Snyk Open Source adds beta C/C++ security scanning for unmanaged OSS,https://snyk.io/blog/snyk-launches-beta-support-for-cpp/,1,1,,,,,
CVE-2021-22898,cve,high,Snyk,2021-12-08,Snyk Open Source adds beta C/C++ security scanning for unmanaged OSS,https://snyk.io/blog/snyk-launches-beta-support-for-cpp/,1,1,,,,,
CVE-2019-12384,cve,med,Snyk,2021-12-01,Java JSON deserialization problems with the Jackson ObjectMapper,https://snyk.io/blog/java-json-deserialization-problems-jackson-objectmapper/,1,1,,,,,
CVE-2021-23434,cve,crit,Snyk,2021-11-03,JavaScript type confusion: Bypassed input validation (and how to remediate),https://snyk.io/blog/remediate-javascript-type-confusion-bypassed-input-validation/,1,1,,,,,
CVE-2021-23436,cve,crit,Snyk,2021-11-03,JavaScript type confusion: Bypassed input validation (and how to remediate),https://snyk.io/blog/remediate-javascript-type-confusion-bypassed-input-validation/,1,1,,,,,
CVE-2021-23438,cve,crit,Snyk,2021-11-03,JavaScript type confusion: Bypassed input validation (and how to remediate),https://snyk.io/blog/remediate-javascript-type-confusion-bypassed-input-validation/,1,1,,,,,
CVE-2021-23440,cve,crit,Snyk,2021-11-03,JavaScript type confusion: Bypassed input validation (and how to remediate),https://snyk.io/blog/remediate-javascript-type-confusion-bypassed-input-validation/,1,1,,,,,
CVE-2021-23443,cve,crit,Snyk,2021-11-03,JavaScript type confusion: Bypassed input validation (and how to remediate),https://snyk.io/blog/remediate-javascript-type-confusion-bypassed-input-validation/,1,1,,,,,
CVE-2021-23444,cve,crit,Snyk,2021-11-03,JavaScript type confusion: Bypassed input validation (and how to remediate),https://snyk.io/blog/remediate-javascript-type-confusion-bypassed-input-validation/,1,1,,,,,
CVE-2017-20162,cve,crit,Snyk,2021-08-23,Plugins to put Node.js application security and observability in your IDE,https://snyk.io/blog/lightrun-snyk-plugins-node-js-application-security-observability-ide/,1,1,,,,,
CVE-2020-9484,cve,high,Snyk,2021-08-18,How Snyk Social Trends help you fix essential security vulnerabilities,https://snyk.io/blog/snyk-social-trends-fix-security-vulnerabilities/,1,1,,,,,
CVE-2020-8184,cve,crit,Snyk,2021-08-10,Better Ruby Gemfile security: A step-by-step guide using Snyk,https://snyk.io/blog/better-ruby-gemfile-security-step-by-step-guide-snyk/,1,1,,,,,
CVE-2021-26291,cve,high,Snyk,2021-07-19,Why you should upgrade to Maven version 3.8.1,https://snyk.io/blog/why-you-should-upgrade-to-maven-version-3-8-1/,1,1,,,,,
dreamslab.com,domain,med,Snyk,2021-07-12,"SnykCon 2021 excitement is starting, but the CFP is ending (soon)",https://snyk.io/blog/snykcon-2021-excitement-starting-cfp-ending/,1,1,,,,,
CVE-2019-11253,cve,high,Snyk,2021-07-07,"Hardening Amazon EKS security with RBAC, secure IMDS, and audit logging",https://snyk.io/blog/hardening-aws-eks-security-rbac-secure-imds-audit-logging/,1,1,,,,,
CVE-2020-8559,cve,high,Snyk,2021-07-07,"Hardening Amazon EKS security with RBAC, secure IMDS, and audit logging",https://snyk.io/blog/hardening-aws-eks-security-rbac-secure-imds-audit-logging/,1,1,,,,,
CVE-2018-12120,cve,crit,Snyk,2021-05-26,Snyk uncovers supply chain security vulnerabilities in Visual Studio Code extensions,https://snyk.io/blog/vulnerable-visual-studio-code-extensions-marketplace/,1,1,,,,,
CVE-2019-13567,cve,crit,Snyk,2021-05-26,Snyk uncovers supply chain security vulnerabilities in Visual Studio Code extensions,https://snyk.io/blog/vulnerable-visual-studio-code-extensions-marketplace/,1,1,,,,,
CVE-2020-8801,cve,high,Snyk,2021-05-07,SuiteCRM: PHAR deserialization vulnerability to code execution,https://snyk.io/blog/suitecrm-phar-deserialization-vulnerability-to-code-execution/,1,1,,,,,
6b8f472cd174d02167bc0a0c908ec9e0,md5,high,Snyk,2021-05-07,SuiteCRM: PHAR deserialization vulnerability to code execution,https://snyk.io/blog/suitecrm-phar-deserialization-vulnerability-to-code-execution/,1,1,,,,,
571cbfa209da4c8280a5359f301115de25b4c6e3,sha1,high,Snyk,2021-05-07,SuiteCRM: PHAR deserialization vulnerability to code execution,https://snyk.io/blog/suitecrm-phar-deserialization-vulnerability-to-code-execution/,1,1,,,,,
c365dec0cfdf64d8cfd43ebd8f2bcd534cfe7b71849796dfb3030b4fe5ff7f93,sha256,high,Snyk,2021-03-26,"Developer driven workflows: Dockerfile image scanning, prioritization, and remediation",https://snyk.io/blog/dockerfile-optimization-and-docker-image-security-scanning/,1,1,,,,,
CVE-2016-3714,cve,high,Snyk,2021-03-11,How I was hacking docker containers by exploiting ImageMagick vulnerabilities,https://snyk.io/blog/hacking-docker-containers-by-exploiting-base-image-vulnerabilities/,1,1,,,,,
CVE-2020-8554,cve,crit,Snyk,2021-02-23,Snyk IaC scanning enhancements include Azure and AWS infrastructure as code,https://snyk.io/blog/snyk-iac-scanning-enhancements-include-aws-infrastructure-as-code/,1,1,,,,,
adae6cf9abdb84b63919cc27c2ecafcb,md5,high,Snyk,2021-02-10,AWS vulnerability scanning using the Snyk integration,https://snyk.io/blog/aws-vulnerability-scanning-using-the-snyk-integration/,1,1,,,,,
ca6c19e25b4d7917769ee535f0b073e04e8ddc32ead83493c03abc65e82e5e6c,sha256,high,Snyk,2021-02-10,AWS vulnerability scanning using the Snyk integration,https://snyk.io/blog/aws-vulnerability-scanning-using-the-snyk-integration/,1,1,,,,,
cd100d7c505ced1f5c4f4eb6fbd7ac83a623f9bb483db1e828fb4cd3b3c01bd9,sha256,high,Snyk,2021-02-10,AWS vulnerability scanning using the Snyk integration,https://snyk.io/blog/aws-vulnerability-scanning-using-the-snyk-integration/,1,1,,,,,
CVE-2020-28473,cve,high,Snyk,2021-01-18,Cache poisoning in popular open source packages,https://snyk.io/blog/cache-poisoning-in-popular-open-source-packages/,1,1,,,,,
CVE-2021-23336,cve,high,Snyk,2021-01-18,Cache poisoning in popular open source packages,https://snyk.io/blog/cache-poisoning-in-popular-open-source-packages/,1,1,,,,,
CVE-2017-7308,cve,crit,Snyk,2020-12-03,Kernel privilege escalation: how Kubernetes container isolation impacts privilege escalation attacks,https://snyk.io/blog/kernel-privilege-escalation/,1,1,,,,,
CVE-2020-15999,cve,crit,Snyk,2020-11-23,Buffer overflow in Chromium affecting multiple packages,https://snyk.io/blog/buffer-overflow-in-chromium-affecting-multiple-packages/,1,1,,,,,
01a2038b20d165ab7df81934f9849bdfbc59bd6f6322c5d11e341504f66ec266,sha256,high,Snyk,2020-11-18,Container image formats under the hood,https://snyk.io/blog/container-image-formats/,1,1,,,,,
171857c49d0f5e2ebf623e6cb36a8bcad585ed0c2aa99c87a055df034c1e5848,sha256,high,Snyk,2020-11-18,Container image formats under the hood,https://snyk.io/blog/container-image-formats/,1,1,,,,,
33a51d09088285451e7a7525d4bd64fc15563264afe5a91ef84a8b3042018899,sha256,high,Snyk,2020-11-18,Container image formats under the hood,https://snyk.io/blog/container-image-formats/,1,1,,,,,
419640447d267f068d2f84a093cb13a56ce77e130877f5b8bdb4294f4a90a84f,sha256,high,Snyk,2020-11-18,Container image formats under the hood,https://snyk.io/blog/container-image-formats/,1,1,,,,,
45c6f8f1b2fe15adaa72305616d69a6cd641169bc8b16886756919e7c01fa48b,sha256,high,Snyk,2020-11-18,Container image formats under the hood,https://snyk.io/blog/container-image-formats/,1,1,,,,,
46076a325f0de3f745254638b8b0f0de343685b34e7ca6ec5cd0b6b7930eb7fa,sha256,high,Snyk,2020-11-18,Container image formats under the hood,https://snyk.io/blog/container-image-formats/,1,1,,,,,
468327b5cd7ce539db695bd0ef05dae8a4ff77b02870a8e823ed74dedad4bd55,sha256,high,Snyk,2020-11-18,Container image formats under the hood,https://snyk.io/blog/container-image-formats/,1,1,,,,,
56def654ec22f857f480cdcc640c474e2f84d4be2e549a9d16eaba3f397596e9,sha256,high,Snyk,2020-11-18,Container image formats under the hood,https://snyk.io/blog/container-image-formats/,1,1,,,,,
61e52f862619ab016d3bcfbd78e5c7aaaa1989b4c295e6dbcacddd2d7b93e1f5,sha256,high,Snyk,2020-11-18,Container image formats under the hood,https://snyk.io/blog/container-image-formats/,1,1,,,,,
8bf067b107a6f7444876e33c6ed85652355f679ac98ebab97ab3ebad63f0dff3,sha256,high,Snyk,2020-11-18,Container image formats under the hood,https://snyk.io/blog/container-image-formats/,1,1,,,,,
afa93a8ce255ca452ca8c88f4b5c821a466cf0a3e0148a31d0d97dfdb91d9aef,sha256,high,Snyk,2020-11-18,Container image formats under the hood,https://snyk.io/blog/container-image-formats/,1,1,,,,,
e80b8affb2361dc632c1fa8fcbf6b6514f750eb6ef99b7e7f825a55f849bfd89,sha256,high,Snyk,2020-11-18,Container image formats under the hood,https://snyk.io/blog/container-image-formats/,1,1,,,,,
CVE-2020-7733,cve,crit,Snyk,2020-10-26,Regular Expression Denial of Service (REDoS) in UAParser.js,https://snyk.io/blog/regular-expression-denial-of-service-redos-in-uaparser-js/,1,1,,,,,
CVE-2020-7729,cve,crit,Snyk,2020-09-21,Arbitrary code execution in Grunt,https://snyk.io/blog/arbitrary-code-execution-in-js-grunt/,1,1,,,,,
CVE-2020-7699,cve,high,Snyk,2020-08-24,Prototype pollution in express-fileupload,https://snyk.io/blog/prototype-pollution-in-express-fileupload/,1,1,,,,,
9329a7706dd43d6ed64d022ad0e7b13b,md5,high,Snyk,2020-08-24,SourMint malicious SDK research writeup,https://snyk.io/blog/sour-mint-malicious-sdk/,1,1,,,,,
CVE-2020-11981,cve,crit,Snyk,2020-08-05,Breaking out of message brokers,https://snyk.io/blog/message-brokers/,1,1,,,,,
CVE-2020-11982,cve,crit,Snyk,2020-08-05,Breaking out of message brokers,https://snyk.io/blog/message-brokers/,1,1,,,,,
CVE-2020-7667,cve,high,Snyk,2020-07-20,Arbitrary File Write via Archive Extraction (Zip Slip) in go-rpmutils,https://snyk.io/blog/arbitrary-file-write-via-archive-extraction-in-go-rpmutils/,1,1,,,,,
CVE-2019-16786,cve,crit,Snyk,2020-06-30,Demystifying HTTP request smuggling,https://snyk.io/blog/demystifying-http-request-smuggling/,1,1,,,,,
CVE-2020-12440,cve,crit,Snyk,2020-06-30,Demystifying HTTP request smuggling,https://snyk.io/blog/demystifying-http-request-smuggling/,1,1,,,,,
CVE-2020-7662,cve,crit,Snyk,2020-06-22,Regular Expression Denial-of-Service in websocket-extensions,https://snyk.io/blog/regular-expression-denial-of-service-in-websocket-extensions/,1,1,,,,,
CVE-2020-7663,cve,crit,Snyk,2020-06-22,Regular Expression Denial-of-Service in websocket-extensions,https://snyk.io/blog/regular-expression-denial-of-service-in-websocket-extensions/,1,1,,,,,
CVE-2019-10777,cve,crit,Snyk,2020-05-27,Why do organizations trust Snyk to win the open source security battle?,https://snyk.io/blog/why-snyk-wins-open-source-security-battle/,1,1,,,,,
CVE-2019-10795,cve,crit,Snyk,2020-05-27,Why do organizations trust Snyk to win the open source security battle?,https://snyk.io/blog/why-snyk-wins-open-source-security-battle/,1,1,,,,,
CVE-2020-7599,cve,crit,Snyk,2020-03-31,Vulnerable Gradle plugin-publish plugin reveals sensitive information,https://snyk.io/blog/vulnerable-gradle-plugin/,1,1,,,,,
CVE-2019-11247,cve,high,Snyk,2020-03-31,"March in review: State of Open Source Security survey, All.The.Talks virtual conference, and more",https://snyk.io/blog/march-in-review-security-news/,1,1,,,,,
CVE-2019-11249,cve,high,Snyk,2020-03-31,"March in review: State of Open Source Security survey, All.The.Talks virtual conference, and more",https://snyk.io/blog/march-in-review-security-news/,1,1,,,,,
CVE-2020-7598,cve,crit,Snyk,2020-03-26,Exploring the minimist prototype pollution security vulnerability,https://snyk.io/blog/prototype-pollution-minimist/,1,1,,,,,
c4fbb68607bcbb25407e0362dab0b2ea,md5,high,Snyk,2020-03-19,What is a backdoor? Let’s build one with Node.js,https://snyk.io/blog/what-is-a-backdoor/,1,1,,,,,
CVE-2020-1938,cve,crit,Snyk,2020-02-26,Ghostcat breach affects all Tomcat versions,https://snyk.io/blog/ghostcat-breach-affects-all-tomcat-versions/,1,1,,,,,
CVE-2019-15604,cve,high,Snyk,2020-02-06,Node.js release fixes a critical HTTP security vulnerability,https://snyk.io/blog/node-js-release-fixes-a-critical-http-security-vulnerability/,1,1,,,,,
CVE-2019-15605,cve,high,Snyk,2020-02-06,Node.js release fixes a critical HTTP security vulnerability,https://snyk.io/blog/node-js-release-fixes-a-critical-http-security-vulnerability/,1,1,,,,,
CVE-2019-15606,cve,high,Snyk,2020-02-06,Node.js release fixes a critical HTTP security vulnerability,https://snyk.io/blog/node-js-release-fixes-a-critical-http-security-vulnerability/,1,1,,,,,
CVE-2019-10773,cve,crit,Snyk,2020-01-07,Understanding filesystem takeover vulnerabilities in npm JavaScript package manager,https://snyk.io/blog/understanding-filesystem-takeover-vulnerabilities-in-npm-javascript-package-manager/,1,1,,,,,
CVE-2019-16776,cve,crit,Snyk,2020-01-07,Understanding filesystem takeover vulnerabilities in npm JavaScript package manager,https://snyk.io/blog/understanding-filesystem-takeover-vulnerabilities-in-npm-javascript-package-manager/,1,1,,,,,
CVE-2019-16777,cve,crit,Snyk,2020-01-07,Understanding filesystem takeover vulnerabilities in npm JavaScript package manager,https://snyk.io/blog/understanding-filesystem-takeover-vulnerabilities-in-npm-javascript-package-manager/,1,1,,,,,
CVE-2016-2781,cve,high,Snyk,2019-11-19,Showing application vulnerabilities in Kubernetes-native tooling,https://snyk.io/blog/showing-application-vulnerabilities-in-kubernetes-native-tooling/,1,1,,,,,
CVE-2005-2541,cve,high,Snyk,2019-11-18,Uncharted territory - discovering vulnerabilities in public Helm Charts,https://snyk.io/blog/uncharted-territory-discovering-vulnerabilities-in-public-helm-charts/,1,1,,,,,
CVE-2019-9619,cve,high,Snyk,2019-11-18,Uncharted territory - discovering vulnerabilities in public Helm Charts,https://snyk.io/blog/uncharted-territory-discovering-vulnerabilities-in-public-helm-charts/,1,1,,,,,
fe8a0be91ee3e7dea812e8694491e1dde5b75e6d,sha1,high,Snyk,2019-09-18,Everything you wanted to know about addressing security vulnerabilities in Linux-based containers,https://snyk.io/blog/everything-you-wanted-to-know-about-addressing-security-vulnerabilities-in-linux-based-containers/,1,1,,,,,
CVE-2019-10748,cve,crit,Snyk,2019-09-11,Sequelize ORM npm library found vulnerable to SQL Injection attacks,https://snyk.io/blog/sequelize-orm-npm-library-found-vulnerable-to-sql-injection-attacks/,1,1,,,,,
CVE-2019-10749,cve,crit,Snyk,2019-09-11,Sequelize ORM npm library found vulnerable to SQL Injection attacks,https://snyk.io/blog/sequelize-orm-npm-library-found-vulnerable-to-sql-injection-attacks/,1,1,,,,,
CVE-2019-10752,cve,crit,Snyk,2019-09-11,Sequelize ORM npm library found vulnerable to SQL Injection attacks,https://snyk.io/blog/sequelize-orm-npm-library-found-vulnerable-to-sql-injection-attacks/,1,1,,,,,
CVE-2019-14379,cve,crit,Snyk,2019-08-21,Jackson Deserialization Vulnerability,https://snyk.io/blog/jackson-deserialization-vulnerability/,1,1,,,,,
CVE-2019-14439,cve,crit,Snyk,2019-08-21,Jackson Deserialization Vulnerability,https://snyk.io/blog/jackson-deserialization-vulnerability/,1,1,,,,,
CVE-2019-10744,cve,crit,Snyk,2019-07-31,Staying ahead of security vulnerabilities with security patches; Snyk research team discovers severe prototype pollution security vulnerabilities affecting all versions of lodash,https://snyk.io/blog/staying-ahead-of-security-vulnerabilities-with-security-patches/; https://snyk.io/blog/snyk-research-team-discovers-severe-prototype-pollution-security-vulnerabilities-affecting-all-versions-of-lodash/,1,2,,,,,
CVE-2019-13354,cve,crit,Snyk,2019-07-07,Concerns of supply-chain attacks amplify as remote code execution was found in Ruby gem strong_password,https://snyk.io/blog/ruby-gem-strong_password-found-to-contain-remote-code-execution-code-in-a-malicious-version-further-strengthening-worries-of-growth-in-supply-chain-attacks/,1,1,,,,,
366d6162fe36fc81dadc114558b43c6c8890c8bcc7e90e2949ae6344d0785dc0,sha256,high,Snyk,2019-04-04,Malicious remote code execution backdoor discovered in the popular bootstrap-sass Ruby gem,https://snyk.io/blog/malicious-remote-code-execution-backdoor-discovered-in-the-popular-bootstrap-sass-ruby-gem/,1,1,,,,,
CVE-2019-5736,cve,crit,Snyk,2019-02-13,A serious security flaw in runC can result in root privilege escalation in Docker and Kubernetes,https://snyk.io/blog/a-serious-security-flaw-in-runc-can-result-in-root-privilege-escalation-in-docker-and-kubernetes/,1,1,,,,,
CVE-2018-1002105,cve,high,Snyk,2018-12-20,Critical Arbitrary Code Execution Vulnerability Found in Kubernetes,https://snyk.io/blog/critical-arbitrary-code-execution-vulnerability-found-in-kubernetes/,1,1,,,,,
CVE-2018-8008,cve,crit,Snyk,2018-08-15,Behind the disclosure: the Zip Slip vulnerability,https://snyk.io/blog/behind-the-disclosure-the-zip-slip-vulnerability/,1,1,,,,,
CVE-2018-8009,cve,crit,Snyk,2018-08-15,Behind the disclosure: the Zip Slip vulnerability,https://snyk.io/blog/behind-the-disclosure-the-zip-slip-vulnerability/,1,1,,,,,
CVE-2018-0495,cve,high,Snyk,2018-06-28,Container vulnerability management for developers,https://snyk.io/blog/container-vulnerability-management-for-developers/,1,1,,,,,
CVE-2018-1315,cve,high,Snyk,2018-04-04,Attacking an FTP Client: MGETting more than you bargained for,https://snyk.io/blog/attacking-an-ftp-client/,1,1,,,,,
305f2ddcd4eff7cc7c518aca6bb2b2d2daad8fef,sha1,high,Snyk,2018-01-03,Using the Snyk API to find and fix vulnerabilities,https://snyk.io/blog/using-the-snyk-api-to-find-and-fix-vulnerabilities/,1,1,,,,,
CVE-2016-6037,cve,crit,Snyk,2017-06-08,XSS Attacks: The Next Wave,https://snyk.io/blog/xss-attacks-the-next-wave/,1,1,,,,,
CVE-2017-8801,cve,crit,Snyk,2017-06-08,XSS Attacks: The Next Wave,https://snyk.io/blog/xss-attacks-the-next-wave/,1,1,,,,,
1bfdedf6a6e345f322fe956d5df5bd08a8ce84dc,sha1,high,Snyk,2016-10-25,Yarn is Micro Secure,https://snyk.io/blog/yarn-is-micro-secure/,1,1,,,,,
